/* import.sql for MySQL server*/

/* Create Triggers for Table Inserts and Updates*/
CREATE TRIGGER TRG_ADDRESS_INSERT AFTER INSERT ON ADDRESS  FOR EACH ROW INSERT INTO ADDRESSHISTORY(ADDRESSID, ADDRESSONE, ADDRESSTWO, CITY, STATEPROVINCEREGION, POSTCODE, COUNTRY, CREATEDBYID, UPDATEDBYID, DATECREATED, DATEUPDATED) VALUES (NEW.ADDRESSID, NEW.ADDRESSONE, NEW.ADDRESSTWO, NEW.CITY, NEW.STATEPROVINCEREGION, NEW.POSTCODE, NEW.COUNTRY, NEW.CREATEDBYID, NEW.UPDATEDBYID, NEW.DATECREATED, NEW.DATEUPDATED);
CREATE TRIGGER TRG_ADDRESS_UPDATE AFTER UPDATE ON ADDRESS  FOR EACH ROW INSERT INTO ADDRESSHISTORY(ADDRESSID, ADDRESSONE, ADDRESSTWO, CITY, STATEPROVINCEREGION, POSTCODE, COUNTRY, CREATEDBYID, UPDATEDBYID, DATECREATED, DATEUPDATED) VALUES (NEW.ADDRESSID, NEW.ADDRESSONE, NEW.ADDRESSTWO, NEW.CITY, NEW.STATEPROVINCEREGION, NEW.POSTCODE, NEW.COUNTRY, NEW.CREATEDBYID, NEW.UPDATEDBYID, NEW.DATECREATED, NEW.DATEUPDATED);
CREATE TRIGGER TRG_REGISTEROFPLEDGES_INSERT AFTER INSERT ON REGISTEROFPLEDGES  FOR EACH ROW INSERT INTO REGISTEROFPLEDGESHISTORY(REGISTEROFPLEDGESID, CREATEDBYID, UPDATEDBYID, DATECREATED, DATEUPDATED) VALUES (NEW.REGISTEROFPLEDGESID, NEW.CREATEDBYID, NEW.UPDATEDBYID, NEW.DATECREATED, NEW.DATEUPDATED);
CREATE TRIGGER TRG_REGISTEROFPLEDGES_UPDATE AFTER UPDATE ON REGISTEROFPLEDGES  FOR EACH ROW INSERT INTO REGISTEROFPLEDGESHISTORY(REGISTEROFPLEDGESID, CREATEDBYID, UPDATEDBYID, DATECREATED, DATEUPDATED) VALUES (NEW.REGISTEROFPLEDGESID, NEW.CREATEDBYID, NEW.UPDATEDBYID, NEW.DATECREATED, NEW.DATEUPDATED);
CREATE TRIGGER TRG_ACCOMMODATIONPLEDGE_INSERT AFTER INSERT ON ACCOMMODATIONPLEDGE  FOR EACH ROW INSERT INTO ACCOMMODATIONPLEDGEHISTORY(ACCOMMODATIONPLEDGEID, ADDRESSONE, ADDRESSTWO, CITY, STATEPROVINCEREGION, POSTCODE, COUNTRY, OWNEROCCUPIER, ACCOMMODATIONDATEFROM, ACCOMMODATIONDATETO, ACCOMMODATIONTYPE, ACCOMMODATIONCONDITION, NUMBEROFBEDS, VACANTORSHARED, OTHERAMENITIES, CANYOUACCOMMODATE, ADDITIONALINFORMATION, CREATEDBYID, UPDATEDBYID, DATECREATED, DATEUPDATED) VALUES (NEW.ACCOMMODATIONPLEDGEID, NEW.ADDRESSONE, NEW.ADDRESSTWO, NEW.CITY, NEW.STATEPROVINCEREGION, NEW.POSTCODE, NEW.COUNTRY, NEW.OWNEROCCUPIER, NEW.ACCOMMODATIONDATEFROM, NEW.ACCOMMODATIONDATETO, NEW.ACCOMMODATIONTYPE, NEW.ACCOMMODATIONCONDITION, NEW.NUMBEROFBEDS, NEW.VACANTORSHARED, NEW.OTHERAMENITIES, NEW.CANYOUACCOMMODATE, NEW.ADDITIONALINFORMATION, NEW.CREATEDBYID, NEW.UPDATEDBYID, NEW.DATECREATED, NEW.DATEUPDATED);
CREATE TRIGGER TRG_ACCOMMODATIONPLEDGE_UPDATE AFTER UPDATE ON ACCOMMODATIONPLEDGE  FOR EACH ROW INSERT INTO ACCOMMODATIONPLEDGEHISTORY(ACCOMMODATIONPLEDGEID, ADDRESSONE, ADDRESSTWO, CITY, STATEPROVINCEREGION, POSTCODE, COUNTRY, OWNEROCCUPIER, ACCOMMODATIONDATEFROM, ACCOMMODATIONDATETO, ACCOMMODATIONTYPE, ACCOMMODATIONCONDITION, NUMBEROFBEDS, VACANTORSHARED, OTHERAMENITIES, CANYOUACCOMMODATE, ADDITIONALINFORMATION, CREATEDBYID, UPDATEDBYID, DATECREATED, DATEUPDATED) VALUES (NEW.ACCOMMODATIONPLEDGEID, NEW.ADDRESSONE, NEW.ADDRESSTWO, NEW.CITY, NEW.STATEPROVINCEREGION, NEW.POSTCODE, NEW.COUNTRY, NEW.OWNEROCCUPIER, NEW.ACCOMMODATIONDATEFROM, NEW.ACCOMMODATIONDATETO, NEW.ACCOMMODATIONTYPE, NEW.ACCOMMODATIONCONDITION, NEW.NUMBEROFBEDS, NEW.VACANTORSHARED, NEW.OTHERAMENITIES, NEW.CANYOUACCOMMODATE, NEW.ADDITIONALINFORMATION, NEW.CREATEDBYID, NEW.UPDATEDBYID, NEW.DATECREATED, NEW.DATEUPDATED);
CREATE TRIGGER TRG_SERVICEPLEDGE_INSERT AFTER INSERT ON SERVICEPLEDGE  FOR EACH ROW INSERT INTO SERVICEPLEDGEHISTORY(SERVICEPLEDGEID, PLEDGESERVICELEVELONE, PLEDGESERVICELEVELTWO, PLEDGESERVICELEVELTHREE, ADDITIONALINFORMATION, PLEDGESERVICEQUALIFICATION, PLEDGESERVICEDATEAVAILABLE, PLEDGESERVICEHOURSPERWEEK, CREATEDBYID, UPDATEDBYID, DATECREATED, DATEUPDATED) VALUES (NEW.SERVICEPLEDGEID, NEW.PLEDGESERVICELEVELONE, NEW.PLEDGESERVICELEVELTWO, NEW.PLEDGESERVICELEVELTHREE, NEW.ADDITIONALINFORMATION, NEW.PLEDGESERVICEQUALIFICATION, NEW.PLEDGESERVICEDATEAVAILABLE, NEW.PLEDGESERVICEHOURSPERWEEK, NEW.CREATEDBYID, NEW.UPDATEDBYID, NEW.DATECREATED, NEW.DATEUPDATED);
CREATE TRIGGER TRG_SERVICEPLEDGE_UPDATE AFTER UPDATE ON SERVICEPLEDGE  FOR EACH ROW INSERT INTO SERVICEPLEDGEHISTORY(SERVICEPLEDGEID, PLEDGESERVICELEVELONE, PLEDGESERVICELEVELTWO, PLEDGESERVICELEVELTHREE, ADDITIONALINFORMATION, PLEDGESERVICEQUALIFICATION, PLEDGESERVICEDATEAVAILABLE, PLEDGESERVICEHOURSPERWEEK, CREATEDBYID, UPDATEDBYID, DATECREATED, DATEUPDATED) VALUES (NEW.SERVICEPLEDGEID, NEW.PLEDGESERVICELEVELONE, NEW.PLEDGESERVICELEVELTWO, NEW.PLEDGESERVICELEVELTHREE, NEW.ADDITIONALINFORMATION, NEW.PLEDGESERVICEQUALIFICATION, NEW.PLEDGESERVICEDATEAVAILABLE, NEW.PLEDGESERVICEHOURSPERWEEK, NEW.CREATEDBYID, NEW.UPDATEDBYID, NEW.DATECREATED, NEW.DATEUPDATED);
CREATE TRIGGER TRG_GOODSPLEDGE_INSERT AFTER INSERT ON GOODSPLEDGE  FOR EACH ROW INSERT INTO GOODSPLEDGEHISTORY(GOODSPLEDGEID, GOODSCATEGORYONE, GOODSCATEGORYTWO, GOODSCATEGORYTHREE, GOODSSIZE, GOODSNEWORUSED, GOODSCONDITION, GOODSQUANTITY, ADDITIONALINFORMATION, ITEMSIZE, CREATEDBYID, UPDATEDBYID, DATECREATED, DATEUPDATED) VALUES (NEW.GOODSPLEDGEID, NEW.GOODSCATEGORYONE, NEW.GOODSCATEGORYTWO, NEW.GOODSCATEGORYTHREE, NEW.GOODSSIZE, NEW.GOODSNEWORUSED, NEW.GOODSCONDITION, NEW.GOODSQUANTITY, NEW.ADDITIONALINFORMATION, NEW.ITEMSIZE, NEW.CREATEDBYID, NEW.UPDATEDBYID, NEW.DATECREATED, NEW.DATEUPDATED);
CREATE TRIGGER TRG_GOODSPLEDGE_UPDATE AFTER UPDATE ON GOODSPLEDGE  FOR EACH ROW INSERT INTO GOODSPLEDGEHISTORY(GOODSPLEDGEID, GOODSCATEGORYONE, GOODSCATEGORYTWO, GOODSCATEGORYTHREE, GOODSSIZE, GOODSNEWORUSED, GOODSCONDITION, GOODSQUANTITY, ADDITIONALINFORMATION, ITEMSIZE, CREATEDBYID, UPDATEDBYID, DATECREATED, DATEUPDATED) VALUES (NEW.GOODSPLEDGEID, NEW.GOODSCATEGORYONE, NEW.GOODSCATEGORYTWO, NEW.GOODSCATEGORYTHREE, NEW.GOODSSIZE, NEW.GOODSNEWORUSED, NEW.GOODSCONDITION, NEW.GOODSQUANTITY, NEW.ADDITIONALINFORMATION, NEW.ITEMSIZE, NEW.CREATEDBYID, NEW.UPDATEDBYID, NEW.DATECREATED, NEW.DATEUPDATED);
CREATE TRIGGER TRG_REFERENCECATEGORY_INSERT AFTER INSERT ON REFERENCECATEGORY  FOR EACH ROW INSERT INTO REFERENCECATEGORYHISTORY(REFERENCECATEGORYID, REFERENCECATEGORYDESC, PARENTCATEGORYID, DESCRIPTION, CREATEDBYID, UPDATEDBYID, DATECREATED, DATEUPDATED) VALUES (NEW.REFERENCECATEGORYID, NEW.REFERENCECATEGORYDESC, NEW.PARENTCATEGORYID, NEW.DESCRIPTION, NEW.CREATEDBYID, NEW.UPDATEDBYID, NEW.DATECREATED, NEW.DATEUPDATED);
CREATE TRIGGER TRG_REFERENCECATEGORY_UPDATE AFTER UPDATE ON REFERENCECATEGORY  FOR EACH ROW INSERT INTO REFERENCECATEGORYHISTORY(REFERENCECATEGORYID, REFERENCECATEGORYDESC, PARENTCATEGORYID, DESCRIPTION, CREATEDBYID, UPDATEDBYID, DATECREATED, DATEUPDATED) VALUES (NEW.REFERENCECATEGORYID, NEW.REFERENCECATEGORYDESC, NEW.PARENTCATEGORYID, NEW.DESCRIPTION, NEW.CREATEDBYID, NEW.UPDATEDBYID, NEW.DATECREATED, NEW.DATEUPDATED);
CREATE TRIGGER TRG_REFERENCE_INSERT AFTER INSERT ON REFERENCE  FOR EACH ROW INSERT INTO REFERENCEHISTORY(REFERENCEID, REFTYPE, REFDESC, PARENTID, REFINDEX, DESCRIPTION, CREATEDBYID, UPDATEDBYID, DATECREATED, DATEUPDATED) VALUES (NEW.REFERENCEID, NEW.REFTYPE, NEW.REFDESC, NEW.PARENTID, NEW.REFINDEX, NEW.DESCRIPTION, NEW.CREATEDBYID, NEW.UPDATEDBYID, NEW.DATECREATED, NEW.DATEUPDATED);
CREATE TRIGGER TRG_REFERENCE_UPDATE AFTER UPDATE ON REFERENCE  FOR EACH ROW INSERT INTO REFERENCEHISTORY(REFERENCEID, REFTYPE, REFDESC, PARENTID, REFINDEX, DESCRIPTION, CREATEDBYID, UPDATEDBYID, DATECREATED, DATEUPDATED) VALUES (NEW.REFERENCEID, NEW.REFTYPE, NEW.REFDESC, NEW.PARENTID, NEW.REFINDEX, NEW.DESCRIPTION, NEW.CREATEDBYID, NEW.UPDATEDBYID, NEW.DATECREATED, NEW.DATEUPDATED);
CREATE TRIGGER TRG_LANDING_INSERT AFTER INSERT ON LANDING  FOR EACH ROW INSERT INTO LANDINGHISTORY(LANDINGID, CREATEDBYID, UPDATEDBYID, DATECREATED, DATEUPDATED) VALUES (NEW.LANDINGID, NEW.CREATEDBYID, NEW.UPDATEDBYID, NEW.DATECREATED, NEW.DATEUPDATED);
CREATE TRIGGER TRG_LANDING_UPDATE AFTER UPDATE ON LANDING  FOR EACH ROW INSERT INTO LANDINGHISTORY(LANDINGID, CREATEDBYID, UPDATEDBYID, DATECREATED, DATEUPDATED) VALUES (NEW.LANDINGID, NEW.CREATEDBYID, NEW.UPDATEDBYID, NEW.DATECREATED, NEW.DATEUPDATED);
CREATE TRIGGER TRG_VIEW_INSERT AFTER INSERT ON VIEW  FOR EACH ROW INSERT INTO VIEWHISTORY(VIEWID, VIEWNAME, CREATEDBYID, UPDATEDBYID, DATECREATED, DATEUPDATED) VALUES (NEW.VIEWID, NEW.VIEWNAME, NEW.CREATEDBYID, NEW.UPDATEDBYID, NEW.DATECREATED, NEW.DATEUPDATED);
CREATE TRIGGER TRG_VIEW_UPDATE AFTER UPDATE ON VIEW  FOR EACH ROW INSERT INTO VIEWHISTORY(VIEWID, VIEWNAME, CREATEDBYID, UPDATEDBYID, DATECREATED, DATEUPDATED) VALUES (NEW.VIEWID, NEW.VIEWNAME, NEW.CREATEDBYID, NEW.UPDATEDBYID, NEW.DATECREATED, NEW.DATEUPDATED);
CREATE TRIGGER TRG_MESSAGERESOURCE_INSERT AFTER INSERT ON MESSAGERESOURCE  FOR EACH ROW INSERT INTO MESSAGERESOURCEHISTORY(MESSAGERESOURCEID, MESSAGEKEY, LOCALE, LOCALEREFERENCEID, MESSAGE, CREATEDBYID, UPDATEDBYID, DATECREATED, DATEUPDATED) VALUES (NEW.MESSAGERESOURCEID, NEW.MESSAGEKEY, NEW.LOCALE, NEW.LOCALEREFERENCEID, NEW.MESSAGE, NEW.CREATEDBYID, NEW.UPDATEDBYID, NEW.DATECREATED, NEW.DATEUPDATED);
CREATE TRIGGER TRG_MESSAGERESOURCE_UPDATE AFTER UPDATE ON MESSAGERESOURCE  FOR EACH ROW INSERT INTO MESSAGERESOURCEHISTORY(MESSAGERESOURCEID, MESSAGEKEY, LOCALE, LOCALEREFERENCEID, MESSAGE, CREATEDBYID, UPDATEDBYID, DATECREATED, DATEUPDATED) VALUES (NEW.MESSAGERESOURCEID, NEW.MESSAGEKEY, NEW.LOCALE, NEW.LOCALEREFERENCEID, NEW.MESSAGE, NEW.CREATEDBYID, NEW.UPDATEDBYID, NEW.DATECREATED, NEW.DATEUPDATED);
CREATE TRIGGER TRG_APPLICATIONUSER_INSERT AFTER INSERT ON APPLICATIONUSER  FOR EACH ROW INSERT INTO APPLICATIONUSERHISTORY(APPLICATIONUSERID, USERNAME, PASSWORD, ENABLED, CREATEDBYID, UPDATEDBYID, DATECREATED, DATEUPDATED) VALUES (NEW.APPLICATIONUSERID, NEW.USERNAME, NEW.PASSWORD, NEW.ENABLED, NEW.CREATEDBYID, NEW.UPDATEDBYID, NEW.DATECREATED, NEW.DATEUPDATED);
CREATE TRIGGER TRG_APPLICATIONUSER_UPDATE AFTER UPDATE ON APPLICATIONUSER  FOR EACH ROW INSERT INTO APPLICATIONUSERHISTORY(APPLICATIONUSERID, USERNAME, PASSWORD, ENABLED, CREATEDBYID, UPDATEDBYID, DATECREATED, DATEUPDATED) VALUES (NEW.APPLICATIONUSERID, NEW.USERNAME, NEW.PASSWORD, NEW.ENABLED, NEW.CREATEDBYID, NEW.UPDATEDBYID, NEW.DATECREATED, NEW.DATEUPDATED);
CREATE TRIGGER TRG_APPLICATIONUSERDETAILS_INSERT AFTER INSERT ON APPLICATIONUSERDETAILS  FOR EACH ROW INSERT INTO APPLICATIONUSERDETAILSHISTORY(APPLICATIONUSERDETAILSID, CONTACTNAME, REPRESENTORGANISATION, TELEPHONENUMBER, ADDRESSONE, ADDRESSTWO, CITY, STATEPROVINCEREGION, POSTCODE, COUNTRY, EMAILADDRESS, CREATEDBYID, UPDATEDBYID, DATECREATED, DATEUPDATED) VALUES (NEW.APPLICATIONUSERDETAILSID, NEW.CONTACTNAME, NEW.REPRESENTORGANISATION, NEW.TELEPHONENUMBER, NEW.ADDRESSONE, NEW.ADDRESSTWO, NEW.CITY, NEW.STATEPROVINCEREGION, NEW.POSTCODE, NEW.COUNTRY, NEW.EMAILADDRESS, NEW.CREATEDBYID, NEW.UPDATEDBYID, NEW.DATECREATED, NEW.DATEUPDATED);
CREATE TRIGGER TRG_APPLICATIONUSERDETAILS_UPDATE AFTER UPDATE ON APPLICATIONUSERDETAILS  FOR EACH ROW INSERT INTO APPLICATIONUSERDETAILSHISTORY(APPLICATIONUSERDETAILSID, CONTACTNAME, REPRESENTORGANISATION, TELEPHONENUMBER, ADDRESSONE, ADDRESSTWO, CITY, STATEPROVINCEREGION, POSTCODE, COUNTRY, EMAILADDRESS, CREATEDBYID, UPDATEDBYID, DATECREATED, DATEUPDATED) VALUES (NEW.APPLICATIONUSERDETAILSID, NEW.CONTACTNAME, NEW.REPRESENTORGANISATION, NEW.TELEPHONENUMBER, NEW.ADDRESSONE, NEW.ADDRESSTWO, NEW.CITY, NEW.STATEPROVINCEREGION, NEW.POSTCODE, NEW.COUNTRY, NEW.EMAILADDRESS, NEW.CREATEDBYID, NEW.UPDATEDBYID, NEW.DATECREATED, NEW.DATEUPDATED);

/* Create INSERTS for Default Records*/
INSERT INTO ADDRESS(ADDRESSID, ADDRESSONE, ADDRESSTWO, COUNTRY, CREATEDBYID, UPDATEDBYID, DATECREATED, DATEUPDATED) VALUES (1, 'Test Address One', 'Test Address One Street', 159, 1, 1, current_date, current_date);
INSERT INTO ADDRESS(ADDRESSID, ADDRESSONE, ADDRESSTWO, COUNTRY, CREATEDBYID, UPDATEDBYID, DATECREATED, DATEUPDATED) VALUES (2, 'Test Address Two', 'Test Address Two Street', 159, 1, 1, current_date, current_date);
INSERT INTO ADDRESS(ADDRESSID, ADDRESSONE, ADDRESSTWO, COUNTRY, CREATEDBYID, UPDATEDBYID, DATECREATED, DATEUPDATED) VALUES (3, 'Test Address Three', 'Test Address Three Street', 159, 1, 1, current_date, current_date);
INSERT INTO ADDRESS(ADDRESSID, ADDRESSONE, ADDRESSTWO, COUNTRY, CREATEDBYID, UPDATEDBYID, DATECREATED, DATEUPDATED) VALUES (4, 'Test Address Four', 'Test Address Four Street', 159, 1, 1, current_date, current_date);
INSERT INTO ADDRESS(ADDRESSID, ADDRESSONE, ADDRESSTWO, COUNTRY, CREATEDBYID, UPDATEDBYID, DATECREATED, DATEUPDATED) VALUES (5, 'Test Address Five', 'Test Address Five Street', 159, 1, 1, current_date, current_date);
INSERT INTO REGISTEROFPLEDGES(REGISTEROFPLEDGESID, CREATEDBYID, UPDATEDBYID, DATECREATED, DATEUPDATED) VALUES (1, 1, 1, current_date, current_date);
INSERT INTO REGISTEROFPLEDGES(REGISTEROFPLEDGESID, CREATEDBYID, UPDATEDBYID, DATECREATED, DATEUPDATED) VALUES (2, 1, 1, current_date, current_date);
INSERT INTO REGISTEROFPLEDGES(REGISTEROFPLEDGESID, CREATEDBYID, UPDATEDBYID, DATECREATED, DATEUPDATED) VALUES (3, 1, 1, current_date, current_date);
INSERT INTO REGISTEROFPLEDGES(REGISTEROFPLEDGESID, CREATEDBYID, UPDATEDBYID, DATECREATED, DATEUPDATED) VALUES (4, 1, 1, current_date, current_date);
INSERT INTO REGISTEROFPLEDGES(REGISTEROFPLEDGESID, CREATEDBYID, UPDATEDBYID, DATECREATED, DATEUPDATED) VALUES (5, 1, 1, current_date, current_date);
INSERT INTO SERVICEPLEDGE(SERVICEPLEDGEID, REGISTEROFPLEDGESID, ADDITIONALINFORMATION, PLEDGESERVICEQUALIFICATION, CREATEDBYID, UPDATEDBYID, DATECREATED, DATEUPDATED) VALUES (1, 1, 'Willing to offer professional IT services', 'IT Professional', 1, 1, current_date, current_date);
INSERT INTO SERVICEPLEDGE(SERVICEPLEDGEID, REGISTEROFPLEDGESID, ADDITIONALINFORMATION, PLEDGESERVICEQUALIFICATION, CREATEDBYID, UPDATEDBYID, DATECREATED, DATEUPDATED) VALUES (2, 2, 'Willing to offer professional IT services', 'IT Professional', 1, 1, current_date, current_date);
INSERT INTO SERVICEPLEDGE(SERVICEPLEDGEID, REGISTEROFPLEDGESID, ADDITIONALINFORMATION, PLEDGESERVICEQUALIFICATION, CREATEDBYID, UPDATEDBYID, DATECREATED, DATEUPDATED) VALUES (3, 3, 'Willing to offer professional IT services', 'IT Professional', 1, 1, current_date, current_date);
INSERT INTO SERVICEPLEDGE(SERVICEPLEDGEID, REGISTEROFPLEDGESID, ADDITIONALINFORMATION, PLEDGESERVICEQUALIFICATION, CREATEDBYID, UPDATEDBYID, DATECREATED, DATEUPDATED) VALUES (4, 4, 'Willing to offer professional IT services', 'IT Professional', 1, 1, current_date, current_date);
INSERT INTO SERVICEPLEDGE(SERVICEPLEDGEID, REGISTEROFPLEDGESID, ADDITIONALINFORMATION, PLEDGESERVICEQUALIFICATION, CREATEDBYID, UPDATEDBYID, DATECREATED, DATEUPDATED) VALUES (5, 5, 'Willing to offer professional IT services', 'IT Professional', 1, 1, current_date, current_date);
INSERT INTO GOODSPLEDGE(GOODSPLEDGEID, REGISTEROFPLEDGESID, ADDITIONALINFORMATION, ITEMSIZE, CREATEDBYID, UPDATEDBYID, DATECREATED, DATEUPDATED) VALUES (1, 1, 'All goods are in perfect working order and have been fully tested', '20"x40"', 1, 1, current_date, current_date);
INSERT INTO GOODSPLEDGE(GOODSPLEDGEID, REGISTEROFPLEDGESID, ADDITIONALINFORMATION, ITEMSIZE, CREATEDBYID, UPDATEDBYID, DATECREATED, DATEUPDATED) VALUES (2, 2, 'All goods are in perfect working order and have been fully tested', 'Large bulk size', 1, 1, current_date, current_date);
INSERT INTO GOODSPLEDGE(GOODSPLEDGEID, REGISTEROFPLEDGESID, ADDITIONALINFORMATION, ITEMSIZE, CREATEDBYID, UPDATEDBYID, DATECREATED, DATEUPDATED) VALUES (3, 3, 'All goods are in perfect working order and have been fully tested', 'Large bulk size', 1, 1, current_date, current_date);
INSERT INTO GOODSPLEDGE(GOODSPLEDGEID, REGISTEROFPLEDGESID, ADDITIONALINFORMATION, ITEMSIZE, CREATEDBYID, UPDATEDBYID, DATECREATED, DATEUPDATED) VALUES (4, 4, 'All goods are in perfect working order and have been fully tested', 'Mail package', 1, 1, current_date, current_date);
INSERT INTO GOODSPLEDGE(GOODSPLEDGEID, REGISTEROFPLEDGESID, ADDITIONALINFORMATION, ITEMSIZE, CREATEDBYID, UPDATEDBYID, DATECREATED, DATEUPDATED) VALUES (5, 5, 'All goods are in perfect working order and have been fully tested', 'Small boxed items', 1, 1, current_date, current_date);
INSERT INTO REFERENCECATEGORY(REFERENCECATEGORYID, REFERENCECATEGORYDESC, PARENTCATEGORYID, DESCRIPTION, CREATEDBYID, UPDATEDBYID, DATECREATED, DATEUPDATED) VALUES (1, 'IrelandCounty', 0, 'A set of counties in Ireland', 1, 1, current_date, current_date);
INSERT INTO REFERENCECATEGORY(REFERENCECATEGORYID, REFERENCECATEGORYDESC, PARENTCATEGORYID, DESCRIPTION, CREATEDBYID, UPDATEDBYID, DATECREATED, DATEUPDATED) VALUES (2, 'AccommodationType', 0, 'A set of accommodation types', 1, 1, current_date, current_date);
INSERT INTO REFERENCECATEGORY(REFERENCECATEGORYID, REFERENCECATEGORYDESC, PARENTCATEGORYID, DESCRIPTION, CREATEDBYID, UPDATEDBYID, DATECREATED, DATEUPDATED) VALUES (3, 'AccommodationCondition', 0, 'A set of accommodation conditions', 1, 1, current_date, current_date);
INSERT INTO REFERENCECATEGORY(REFERENCECATEGORYID, REFERENCECATEGORYDESC, PARENTCATEGORYID, DESCRIPTION, CREATEDBYID, UPDATEDBYID, DATECREATED, DATEUPDATED) VALUES (4, 'NumberOfBeds', 0, 'A set of the number of beds', 1, 1, current_date, current_date);
INSERT INTO REFERENCECATEGORY(REFERENCECATEGORYID, REFERENCECATEGORYDESC, PARENTCATEGORYID, DESCRIPTION, CREATEDBYID, UPDATEDBYID, DATECREATED, DATEUPDATED) VALUES (5, 'VacantOrShared', 0, 'A set of the Vacant Or Shared types', 1, 1, current_date, current_date);
INSERT INTO REFERENCECATEGORY(REFERENCECATEGORYID, REFERENCECATEGORYDESC, PARENTCATEGORYID, DESCRIPTION, CREATEDBYID, UPDATEDBYID, DATECREATED, DATEUPDATED) VALUES (6, 'YouCanAccommodate', 0, 'A set of the You Can Accommodate types', 1, 1, current_date, current_date);
INSERT INTO REFERENCECATEGORY(REFERENCECATEGORYID, REFERENCECATEGORYDESC, PARENTCATEGORYID, DESCRIPTION, CREATEDBYID, UPDATEDBYID, DATECREATED, DATEUPDATED) VALUES (7, 'LocalAmenity', 0, 'A set of the Local Amenity types', 1, 1, current_date, current_date);
INSERT INTO REFERENCECATEGORY(REFERENCECATEGORYID, REFERENCECATEGORYDESC, PARENTCATEGORYID, DESCRIPTION, CREATEDBYID, UPDATEDBYID, DATECREATED, DATEUPDATED) VALUES (8, 'MonthRange', 0, 'A set of the Month Range types', 1, 1, current_date, current_date);
INSERT INTO REFERENCECATEGORY(REFERENCECATEGORYID, REFERENCECATEGORYDESC, PARENTCATEGORYID, DESCRIPTION, CREATEDBYID, UPDATEDBYID, DATECREATED, DATEUPDATED) VALUES (9, 'Yes_No', 0, 'A set of the Yes/No types', 1, 1, current_date, current_date);
INSERT INTO REFERENCECATEGORY(REFERENCECATEGORYID, REFERENCECATEGORYDESC, PARENTCATEGORYID, DESCRIPTION, CREATEDBYID, UPDATEDBYID, DATECREATED, DATEUPDATED) VALUES (10, 'EuropeCountry', 0, 'A set of the Europe Country types', 1, 1, current_date, current_date);
INSERT INTO REFERENCECATEGORY(REFERENCECATEGORYID, REFERENCECATEGORYDESC, PARENTCATEGORYID, DESCRIPTION, CREATEDBYID, UPDATEDBYID, DATECREATED, DATEUPDATED) VALUES (11, 'Facilities', 0, 'A set of the Facilities types', 1, 1, current_date, current_date);
INSERT INTO REFERENCECATEGORY(REFERENCECATEGORYID, REFERENCECATEGORYDESC, PARENTCATEGORYID, DESCRIPTION, CREATEDBYID, UPDATEDBYID, DATECREATED, DATEUPDATED) VALUES (12, 'IntegerCount1to40', 0, 'A set of the Integer Count 1 to 40 types', 1, 1, current_date, current_date);
INSERT INTO REFERENCECATEGORY(REFERENCECATEGORYID, REFERENCECATEGORYDESC, PARENTCATEGORYID, DESCRIPTION, CREATEDBYID, UPDATEDBYID, DATECREATED, DATEUPDATED) VALUES (13, 'PledgeServiceLevelOne', 0, 'A set of the Pledge Service Category types', 1, 1, current_date, current_date);
INSERT INTO REFERENCECATEGORY(REFERENCECATEGORYID, REFERENCECATEGORYDESC, PARENTCATEGORYID, DESCRIPTION, CREATEDBYID, UPDATEDBYID, DATECREATED, DATEUPDATED) VALUES (14, 'PledgeServiceLevelTwo', 0, 'A set of the Pledge Service types', 1, 1, current_date, current_date);
INSERT INTO REFERENCECATEGORY(REFERENCECATEGORYID, REFERENCECATEGORYDESC, PARENTCATEGORYID, DESCRIPTION, CREATEDBYID, UPDATEDBYID, DATECREATED, DATEUPDATED) VALUES (15, 'GoodsCategoryOne', 0, 'A set of the Goods Category types', 1, 1, current_date, current_date);
INSERT INTO REFERENCECATEGORY(REFERENCECATEGORYID, REFERENCECATEGORYDESC, PARENTCATEGORYID, DESCRIPTION, CREATEDBYID, UPDATEDBYID, DATECREATED, DATEUPDATED) VALUES (16, 'GoodsCategoryTwo', 0, 'A set of the Goods types', 1, 1, current_date, current_date);
INSERT INTO REFERENCECATEGORY(REFERENCECATEGORYID, REFERENCECATEGORYDESC, PARENTCATEGORYID, DESCRIPTION, CREATEDBYID, UPDATEDBYID, DATECREATED, DATEUPDATED) VALUES (17, 'GoodsCondition', 0, 'A set of the Goods Condition types', 1, 1, current_date, current_date);
INSERT INTO REFERENCECATEGORY(REFERENCECATEGORYID, REFERENCECATEGORYDESC, PARENTCATEGORYID, DESCRIPTION, CREATEDBYID, UPDATEDBYID, DATECREATED, DATEUPDATED) VALUES (18, 'OwnerOccupierType', 0, 'A set of the Owner/Occupier Type types', 1, 1, current_date, current_date);
INSERT INTO REFERENCECATEGORY(REFERENCECATEGORYID, REFERENCECATEGORYDESC, PARENTCATEGORYID, DESCRIPTION, CREATEDBYID, UPDATEDBYID, DATECREATED, DATEUPDATED) VALUES (19, 'Locale', 0, 'A set of the Locale types', 1, 1, current_date, current_date);
INSERT INTO REFERENCECATEGORY(REFERENCECATEGORYID, REFERENCECATEGORYDESC, PARENTCATEGORYID, DESCRIPTION, CREATEDBYID, UPDATEDBYID, DATECREATED, DATEUPDATED) VALUES (20, 'UserRole', 0, 'A set of the User Role types', 1, 1, current_date, current_date);
INSERT INTO REFERENCECATEGORY(REFERENCECATEGORYID, REFERENCECATEGORYDESC, PARENTCATEGORYID, DESCRIPTION, CREATEDBYID, UPDATEDBYID, DATECREATED, DATEUPDATED) VALUES (23, 'PledgeServiceLevelThree', 0, 'A set of the Pledge Training/Mentoring types', 1, 1, current_date, current_date);
INSERT INTO REFERENCECATEGORY(REFERENCECATEGORYID, REFERENCECATEGORYDESC, PARENTCATEGORYID, DESCRIPTION, CREATEDBYID, UPDATEDBYID, DATECREATED, DATEUPDATED) VALUES (24, 'GoodsCategoryThree', 0, 'A set of the Goods types', 1, 1, current_date, current_date);
INSERT INTO REFERENCECATEGORY(REFERENCECATEGORYID, REFERENCECATEGORYDESC, PARENTCATEGORYID, DESCRIPTION, CREATEDBYID, UPDATEDBYID, DATECREATED, DATEUPDATED) VALUES (25, 'GoodsSize', 0, 'A set of the Goods sizes', 1, 1, current_date, current_date);
INSERT INTO REFERENCECATEGORY(REFERENCECATEGORYID, REFERENCECATEGORYDESC, PARENTCATEGORYID, DESCRIPTION, CREATEDBYID, UPDATEDBYID, DATECREATED, DATEUPDATED) VALUES (26, 'GoodsQuantity', 0, 'A set of the Goods quantities', 1, 1, current_date, current_date);
INSERT INTO REFERENCECATEGORY(REFERENCECATEGORYID, REFERENCECATEGORYDESC, PARENTCATEGORYID, DESCRIPTION, CREATEDBYID, UPDATEDBYID, DATECREATED, DATEUPDATED) VALUES (27, 'NewOrUsed', 0, 'New or Used', 1, 1, current_date, current_date);
INSERT INTO REFERENCE(REFERENCEID, REFTYPE, REFDESC, PARENTID, REFINDEX, DESCRIPTION, CREATEDBYID, UPDATEDBYID, DATECREATED, DATEUPDATED) VALUES (1, 'County', 'referenceValueCounty1', 0, 1, 'County Antrim', 1, 1, current_date, current_date);
INSERT INTO REFERENCE(REFERENCEID, REFTYPE, REFDESC, PARENTID, REFINDEX, DESCRIPTION, CREATEDBYID, UPDATEDBYID, DATECREATED, DATEUPDATED) VALUES (2, 'County', 'referenceValueCounty2', 0, 2, 'County Armagh', 1, 1, current_date, current_date);
INSERT INTO REFERENCE(REFERENCEID, REFTYPE, REFDESC, PARENTID, REFINDEX, DESCRIPTION, CREATEDBYID, UPDATEDBYID, DATECREATED, DATEUPDATED) VALUES (3, 'County', 'referenceValueCounty3', 0, 3, 'County Carlow', 1, 1, current_date, current_date);
INSERT INTO REFERENCE(REFERENCEID, REFTYPE, REFDESC, PARENTID, REFINDEX, DESCRIPTION, CREATEDBYID, UPDATEDBYID, DATECREATED, DATEUPDATED) VALUES (4, 'County', 'referenceValueCounty4', 0, 4, 'County Cavan', 1, 1, current_date, current_date);
INSERT INTO REFERENCE(REFERENCEID, REFTYPE, REFDESC, PARENTID, REFINDEX, DESCRIPTION, CREATEDBYID, UPDATEDBYID, DATECREATED, DATEUPDATED) VALUES (5, 'County', 'referenceValueCounty5', 0, 5, 'County Clare', 1, 1, current_date, current_date);
INSERT INTO REFERENCE(REFERENCEID, REFTYPE, REFDESC, PARENTID, REFINDEX, DESCRIPTION, CREATEDBYID, UPDATEDBYID, DATECREATED, DATEUPDATED) VALUES (6, 'County', 'referenceValueCounty6', 0, 6, 'County Cork', 1, 1, current_date, current_date);
INSERT INTO REFERENCE(REFERENCEID, REFTYPE, REFDESC, PARENTID, REFINDEX, DESCRIPTION, CREATEDBYID, UPDATEDBYID, DATECREATED, DATEUPDATED) VALUES (7, 'County', 'referenceValueCounty7', 0, 7, 'County Derry', 1, 1, current_date, current_date);
INSERT INTO REFERENCE(REFERENCEID, REFTYPE, REFDESC, PARENTID, REFINDEX, DESCRIPTION, CREATEDBYID, UPDATEDBYID, DATECREATED, DATEUPDATED) VALUES (8, 'County', 'referenceValueCounty8', 0, 8, 'County Donegal', 1, 1, current_date, current_date);
INSERT INTO REFERENCE(REFERENCEID, REFTYPE, REFDESC, PARENTID, REFINDEX, DESCRIPTION, CREATEDBYID, UPDATEDBYID, DATECREATED, DATEUPDATED) VALUES (9, 'County', 'referenceValueCounty9', 0, 9, 'County Down', 1, 1, current_date, current_date);
INSERT INTO REFERENCE(REFERENCEID, REFTYPE, REFDESC, PARENTID, REFINDEX, DESCRIPTION, CREATEDBYID, UPDATEDBYID, DATECREATED, DATEUPDATED) VALUES (10, 'County', 'referenceValueCounty10', 0, 10, 'County Dublin', 1, 1, current_date, current_date);
INSERT INTO REFERENCE(REFERENCEID, REFTYPE, REFDESC, PARENTID, REFINDEX, DESCRIPTION, CREATEDBYID, UPDATEDBYID, DATECREATED, DATEUPDATED) VALUES (11, 'County', 'referenceValueCounty11', 0, 11, 'County Fermanagh', 1, 1, current_date, current_date);
INSERT INTO REFERENCE(REFERENCEID, REFTYPE, REFDESC, PARENTID, REFINDEX, DESCRIPTION, CREATEDBYID, UPDATEDBYID, DATECREATED, DATEUPDATED) VALUES (12, 'County', 'referenceValueCounty12', 0, 12, 'County Galway', 1, 1, current_date, current_date);
INSERT INTO REFERENCE(REFERENCEID, REFTYPE, REFDESC, PARENTID, REFINDEX, DESCRIPTION, CREATEDBYID, UPDATEDBYID, DATECREATED, DATEUPDATED) VALUES (13, 'County', 'referenceValueCounty13', 0, 13, 'County Kerry', 1, 1, current_date, current_date);
INSERT INTO REFERENCE(REFERENCEID, REFTYPE, REFDESC, PARENTID, REFINDEX, DESCRIPTION, CREATEDBYID, UPDATEDBYID, DATECREATED, DATEUPDATED) VALUES (14, 'County', 'referenceValueCounty14', 0, 14, 'County Kildare', 1, 1, current_date, current_date);
INSERT INTO REFERENCE(REFERENCEID, REFTYPE, REFDESC, PARENTID, REFINDEX, DESCRIPTION, CREATEDBYID, UPDATEDBYID, DATECREATED, DATEUPDATED) VALUES (15, 'County', 'referenceValueCounty15', 0, 15, 'County Kilkenny', 1, 1, current_date, current_date);
INSERT INTO REFERENCE(REFERENCEID, REFTYPE, REFDESC, PARENTID, REFINDEX, DESCRIPTION, CREATEDBYID, UPDATEDBYID, DATECREATED, DATEUPDATED) VALUES (16, 'County', 'referenceValueCounty16', 0, 16, 'County Laois', 1, 1, current_date, current_date);
INSERT INTO REFERENCE(REFERENCEID, REFTYPE, REFDESC, PARENTID, REFINDEX, DESCRIPTION, CREATEDBYID, UPDATEDBYID, DATECREATED, DATEUPDATED) VALUES (17, 'County', 'referenceValueCounty17', 0, 17, 'County Leitrim', 1, 1, current_date, current_date);
INSERT INTO REFERENCE(REFERENCEID, REFTYPE, REFDESC, PARENTID, REFINDEX, DESCRIPTION, CREATEDBYID, UPDATEDBYID, DATECREATED, DATEUPDATED) VALUES (18, 'County', 'referenceValueCounty18', 0, 18, 'County Limerick', 1, 1, current_date, current_date);
INSERT INTO REFERENCE(REFERENCEID, REFTYPE, REFDESC, PARENTID, REFINDEX, DESCRIPTION, CREATEDBYID, UPDATEDBYID, DATECREATED, DATEUPDATED) VALUES (19, 'County', 'referenceValueCounty19', 0, 19, 'County Longford', 1, 1, current_date, current_date);
INSERT INTO REFERENCE(REFERENCEID, REFTYPE, REFDESC, PARENTID, REFINDEX, DESCRIPTION, CREATEDBYID, UPDATEDBYID, DATECREATED, DATEUPDATED) VALUES (20, 'County', 'referenceValueCounty20', 0, 20, 'County Louth', 1, 1, current_date, current_date);
INSERT INTO REFERENCE(REFERENCEID, REFTYPE, REFDESC, PARENTID, REFINDEX, DESCRIPTION, CREATEDBYID, UPDATEDBYID, DATECREATED, DATEUPDATED) VALUES (21, 'County', 'referenceValueCounty21', 0, 21, 'County Mayo', 1, 1, current_date, current_date);
INSERT INTO REFERENCE(REFERENCEID, REFTYPE, REFDESC, PARENTID, REFINDEX, DESCRIPTION, CREATEDBYID, UPDATEDBYID, DATECREATED, DATEUPDATED) VALUES (22, 'County', 'referenceValueCounty22', 0, 22, 'County Meath', 1, 1, current_date, current_date);
INSERT INTO REFERENCE(REFERENCEID, REFTYPE, REFDESC, PARENTID, REFINDEX, DESCRIPTION, CREATEDBYID, UPDATEDBYID, DATECREATED, DATEUPDATED) VALUES (23, 'County', 'referenceValueCounty23', 0, 23, 'County Monaghan', 1, 1, current_date, current_date);
INSERT INTO REFERENCE(REFERENCEID, REFTYPE, REFDESC, PARENTID, REFINDEX, DESCRIPTION, CREATEDBYID, UPDATEDBYID, DATECREATED, DATEUPDATED) VALUES (24, 'County', 'referenceValueCounty24', 0, 24, 'County Offaly', 1, 1, current_date, current_date);
INSERT INTO REFERENCE(REFERENCEID, REFTYPE, REFDESC, PARENTID, REFINDEX, DESCRIPTION, CREATEDBYID, UPDATEDBYID, DATECREATED, DATEUPDATED) VALUES (25, 'County', 'referenceValueCounty25', 0, 25, 'County Roscommon', 1, 1, current_date, current_date);
INSERT INTO REFERENCE(REFERENCEID, REFTYPE, REFDESC, PARENTID, REFINDEX, DESCRIPTION, CREATEDBYID, UPDATEDBYID, DATECREATED, DATEUPDATED) VALUES (26, 'County', 'referenceValueCounty26', 0, 26, 'County Sligo', 1, 1, current_date, current_date);
INSERT INTO REFERENCE(REFERENCEID, REFTYPE, REFDESC, PARENTID, REFINDEX, DESCRIPTION, CREATEDBYID, UPDATEDBYID, DATECREATED, DATEUPDATED) VALUES (27, 'County', 'referenceValueCounty27', 0, 27, 'County Tipperary', 1, 1, current_date, current_date);
INSERT INTO REFERENCE(REFERENCEID, REFTYPE, REFDESC, PARENTID, REFINDEX, DESCRIPTION, CREATEDBYID, UPDATEDBYID, DATECREATED, DATEUPDATED) VALUES (28, 'County', 'referenceValueCounty28', 0, 28, 'County Tyrone', 1, 1, current_date, current_date);
INSERT INTO REFERENCE(REFERENCEID, REFTYPE, REFDESC, PARENTID, REFINDEX, DESCRIPTION, CREATEDBYID, UPDATEDBYID, DATECREATED, DATEUPDATED) VALUES (29, 'County', 'referenceValueCounty29', 0, 29, 'County Waterford', 1, 1, current_date, current_date);
INSERT INTO REFERENCE(REFERENCEID, REFTYPE, REFDESC, PARENTID, REFINDEX, DESCRIPTION, CREATEDBYID, UPDATEDBYID, DATECREATED, DATEUPDATED) VALUES (30, 'County', 'referenceValueCounty30', 0, 30, 'County Westmeath', 1, 1, current_date, current_date);
INSERT INTO REFERENCE(REFERENCEID, REFTYPE, REFDESC, PARENTID, REFINDEX, DESCRIPTION, CREATEDBYID, UPDATEDBYID, DATECREATED, DATEUPDATED) VALUES (31, 'County', 'referenceValueCounty31', 0, 31, 'County Wexford', 1, 1, current_date, current_date);
INSERT INTO REFERENCE(REFERENCEID, REFTYPE, REFDESC, PARENTID, REFINDEX, DESCRIPTION, CREATEDBYID, UPDATEDBYID, DATECREATED, DATEUPDATED) VALUES (32, 'County', 'referenceValueCounty32', 0, 32, 'County Wicklow', 1, 1, current_date, current_date);
INSERT INTO REFERENCE(REFERENCEID, REFTYPE, REFDESC, PARENTID, REFINDEX, DESCRIPTION, CREATEDBYID, UPDATEDBYID, DATECREATED, DATEUPDATED) VALUES (75, 'AccommodationType', 'referenceValueAccommodationType75', 0, 1, 'Claimant type third party', 1, 1, current_date, current_date);
INSERT INTO REFERENCE(REFERENCEID, REFTYPE, REFDESC, PARENTID, REFINDEX, DESCRIPTION, CREATEDBYID, UPDATEDBYID, DATECREATED, DATEUPDATED) VALUES (76, 'AccommodationType', 'referenceValueAccommodationType76', 0, 2, 'Claimant type third party', 1, 1, current_date, current_date);
INSERT INTO REFERENCE(REFERENCEID, REFTYPE, REFDESC, PARENTID, REFINDEX, DESCRIPTION, CREATEDBYID, UPDATEDBYID, DATECREATED, DATEUPDATED) VALUES (77, 'AccommodationType', 'referenceValueAccommodationType77', 0, 3, 'Claimant type third party', 1, 1, current_date, current_date);
INSERT INTO REFERENCE(REFERENCEID, REFTYPE, REFDESC, PARENTID, REFINDEX, DESCRIPTION, CREATEDBYID, UPDATEDBYID, DATECREATED, DATEUPDATED) VALUES (78, 'AccommodationType', 'referenceValueAccommodationType78', 0, 4, 'Claimant type third party', 1, 1, current_date, current_date);
INSERT INTO REFERENCE(REFERENCEID, REFTYPE, REFDESC, PARENTID, REFINDEX, DESCRIPTION, CREATEDBYID, UPDATEDBYID, DATECREATED, DATEUPDATED) VALUES (79, 'AccommodationType', 'referenceValueAccommodationType79', 0, 5, 'Claimant type third party', 1, 1, current_date, current_date);
INSERT INTO REFERENCE(REFERENCEID, REFTYPE, REFDESC, PARENTID, REFINDEX, DESCRIPTION, CREATEDBYID, UPDATEDBYID, DATECREATED, DATEUPDATED) VALUES (80, 'AccommodationType', 'referenceValueAccommodationType80', 0, 6, 'Claimant type third party', 1, 1, current_date, current_date);
INSERT INTO REFERENCE(REFERENCEID, REFTYPE, REFDESC, PARENTID, REFINDEX, DESCRIPTION, CREATEDBYID, UPDATEDBYID, DATECREATED, DATEUPDATED) VALUES (81, 'AccommodationCondition', 'referenceValueAccommodationCondition81', 0, 1, 'Claimant type third party', 1, 1, current_date, current_date);
INSERT INTO REFERENCE(REFERENCEID, REFTYPE, REFDESC, PARENTID, REFINDEX, DESCRIPTION, CREATEDBYID, UPDATEDBYID, DATECREATED, DATEUPDATED) VALUES (82, 'AccommodationCondition', 'referenceValueAccommodationCondition82', 0, 2, 'Claimant type third party', 1, 1, current_date, current_date);
INSERT INTO REFERENCE(REFERENCEID, REFTYPE, REFDESC, PARENTID, REFINDEX, DESCRIPTION, CREATEDBYID, UPDATEDBYID, DATECREATED, DATEUPDATED) VALUES (83, 'AccommodationCondition', 'referenceValueAccommodationCondition83', 0, 3, 'Claimant type third party', 1, 1, current_date, current_date);
INSERT INTO REFERENCE(REFERENCEID, REFTYPE, REFDESC, PARENTID, REFINDEX, DESCRIPTION, CREATEDBYID, UPDATEDBYID, DATECREATED, DATEUPDATED) VALUES (84, 'NumberOfBeds', 'referenceValueNumberOfBeds84', 0, 1, 'Claimant type third party', 1, 1, current_date, current_date);
INSERT INTO REFERENCE(REFERENCEID, REFTYPE, REFDESC, PARENTID, REFINDEX, DESCRIPTION, CREATEDBYID, UPDATEDBYID, DATECREATED, DATEUPDATED) VALUES (85, 'NumberOfBeds', 'referenceValueNumberOfBeds85', 0, 2, 'Claimant type third party', 1, 1, current_date, current_date);
INSERT INTO REFERENCE(REFERENCEID, REFTYPE, REFDESC, PARENTID, REFINDEX, DESCRIPTION, CREATEDBYID, UPDATEDBYID, DATECREATED, DATEUPDATED) VALUES (86, 'NumberOfBeds', 'referenceValueNumberOfBeds86', 0, 3, 'Claimant type third party', 1, 1, current_date, current_date);
INSERT INTO REFERENCE(REFERENCEID, REFTYPE, REFDESC, PARENTID, REFINDEX, DESCRIPTION, CREATEDBYID, UPDATEDBYID, DATECREATED, DATEUPDATED) VALUES (87, 'NumberOfBeds', 'referenceValueNumberOfBeds87', 0, 4, 'Claimant type third party', 1, 1, current_date, current_date);
INSERT INTO REFERENCE(REFERENCEID, REFTYPE, REFDESC, PARENTID, REFINDEX, DESCRIPTION, CREATEDBYID, UPDATEDBYID, DATECREATED, DATEUPDATED) VALUES (88, 'NumberOfBeds', 'referenceValueNumberOfBeds88', 0, 5, 'Claimant type third party', 1, 1, current_date, current_date);
INSERT INTO REFERENCE(REFERENCEID, REFTYPE, REFDESC, PARENTID, REFINDEX, DESCRIPTION, CREATEDBYID, UPDATEDBYID, DATECREATED, DATEUPDATED) VALUES (89, 'NumberOfBeds', 'referenceValueNumberOfBeds89', 0, 6, 'Claimant type third party', 1, 1, current_date, current_date);
INSERT INTO REFERENCE(REFERENCEID, REFTYPE, REFDESC, PARENTID, REFINDEX, DESCRIPTION, CREATEDBYID, UPDATEDBYID, DATECREATED, DATEUPDATED) VALUES (90, 'NumberOfBeds', 'referenceValueNumberOfBeds90', 0, 7, 'Claimant type third party', 1, 1, current_date, current_date);
INSERT INTO REFERENCE(REFERENCEID, REFTYPE, REFDESC, PARENTID, REFINDEX, DESCRIPTION, CREATEDBYID, UPDATEDBYID, DATECREATED, DATEUPDATED) VALUES (91, 'VacantOrShared', 'referenceValueVacantOrShared91', 0, 1, 'Claimant type third party', 1, 1, current_date, current_date);
INSERT INTO REFERENCE(REFERENCEID, REFTYPE, REFDESC, PARENTID, REFINDEX, DESCRIPTION, CREATEDBYID, UPDATEDBYID, DATECREATED, DATEUPDATED) VALUES (92, 'VacantOrShared', 'referenceValueVacantOrShared92', 0, 2, 'Claimant type third party', 1, 1, current_date, current_date);
INSERT INTO REFERENCE(REFERENCEID, REFTYPE, REFDESC, PARENTID, REFINDEX, DESCRIPTION, CREATEDBYID, UPDATEDBYID, DATECREATED, DATEUPDATED) VALUES (99, 'YouCanAccommodate', 'referenceValueYouCanAccommodate99', 0, 1, 'Claimant type third party', 1, 1, current_date, current_date);
INSERT INTO REFERENCE(REFERENCEID, REFTYPE, REFDESC, PARENTID, REFINDEX, DESCRIPTION, CREATEDBYID, UPDATEDBYID, DATECREATED, DATEUPDATED) VALUES (100, 'YouCanAccommodate', 'referenceValueYouCanAccommodate100', 0, 2, 'Claimant type third party', 1, 1, current_date, current_date);
INSERT INTO REFERENCE(REFERENCEID, REFTYPE, REFDESC, PARENTID, REFINDEX, DESCRIPTION, CREATEDBYID, UPDATEDBYID, DATECREATED, DATEUPDATED) VALUES (101, 'YouCanAccommodate', 'referenceValueYouCanAccommodate101', 0, 3, 'Claimant type third party', 1, 1, current_date, current_date);
INSERT INTO REFERENCE(REFERENCEID, REFTYPE, REFDESC, PARENTID, REFINDEX, DESCRIPTION, CREATEDBYID, UPDATEDBYID, DATECREATED, DATEUPDATED) VALUES (102, 'YouCanAccommodate', 'referenceValueYouCanAccommodate102', 0, 4, 'Claimant type third party', 1, 1, current_date, current_date);
INSERT INTO REFERENCE(REFERENCEID, REFTYPE, REFDESC, PARENTID, REFINDEX, DESCRIPTION, CREATEDBYID, UPDATEDBYID, DATECREATED, DATEUPDATED) VALUES (111, 'MonthRange', 'referenceValueMonthRange111', 0, 1, '', 1, 1, current_date, current_date);
INSERT INTO REFERENCE(REFERENCEID, REFTYPE, REFDESC, PARENTID, REFINDEX, DESCRIPTION, CREATEDBYID, UPDATEDBYID, DATECREATED, DATEUPDATED) VALUES (112, 'MonthRange', 'referenceValueMonthRange112', 0, 8, '', 1, 1, current_date, current_date);
INSERT INTO REFERENCE(REFERENCEID, REFTYPE, REFDESC, PARENTID, REFINDEX, DESCRIPTION, CREATEDBYID, UPDATEDBYID, DATECREATED, DATEUPDATED) VALUES (113, 'MonthRange', 'referenceValueMonthRange113', 0, 2, '', 1, 1, current_date, current_date);
INSERT INTO REFERENCE(REFERENCEID, REFTYPE, REFDESC, PARENTID, REFINDEX, DESCRIPTION, CREATEDBYID, UPDATEDBYID, DATECREATED, DATEUPDATED) VALUES (114, 'MonthRange', 'referenceValueMonthRange114', 0, 3, '', 1, 1, current_date, current_date);
INSERT INTO REFERENCE(REFERENCEID, REFTYPE, REFDESC, PARENTID, REFINDEX, DESCRIPTION, CREATEDBYID, UPDATEDBYID, DATECREATED, DATEUPDATED) VALUES (116, 'MonthRange', 'referenceValueMonthRange116', 0, 5, '', 1, 1, current_date, current_date);
INSERT INTO REFERENCE(REFERENCEID, REFTYPE, REFDESC, PARENTID, REFINDEX, DESCRIPTION, CREATEDBYID, UPDATEDBYID, DATECREATED, DATEUPDATED) VALUES (117, 'MonthRange', 'referenceValueMonthRange117', 0, 6, '', 1, 1, current_date, current_date);
INSERT INTO REFERENCE(REFERENCEID, REFTYPE, REFDESC, PARENTID, REFINDEX, DESCRIPTION, CREATEDBYID, UPDATEDBYID, DATECREATED, DATEUPDATED) VALUES (118, 'MonthRange', 'referenceValueMonthRange118', 0, 7, '', 1, 1, current_date, current_date);
INSERT INTO REFERENCE(REFERENCEID, REFTYPE, REFDESC, PARENTID, REFINDEX, DESCRIPTION, CREATEDBYID, UPDATEDBYID, DATECREATED, DATEUPDATED) VALUES (119, 'MonthRange', 'referenceValueMonthRange119', 0, 8, '', 1, 1, current_date, current_date);
INSERT INTO REFERENCE(REFERENCEID, REFTYPE, REFDESC, PARENTID, REFINDEX, DESCRIPTION, CREATEDBYID, UPDATEDBYID, DATECREATED, DATEUPDATED) VALUES (120, 'MonthRange', 'referenceValueMonthRange120', 0, 9, '', 1, 1, current_date, current_date);
INSERT INTO REFERENCE(REFERENCEID, REFTYPE, REFDESC, PARENTID, REFINDEX, DESCRIPTION, CREATEDBYID, UPDATEDBYID, DATECREATED, DATEUPDATED) VALUES (121, 'MonthRange', 'referenceValueMonthRange121', 0, 10, '', 1, 1, current_date, current_date);
INSERT INTO REFERENCE(REFERENCEID, REFTYPE, REFDESC, PARENTID, REFINDEX, DESCRIPTION, CREATEDBYID, UPDATEDBYID, DATECREATED, DATEUPDATED) VALUES (122, 'MonthRange', 'referenceValueMonthRange122', 0, 11, '', 1, 1, current_date, current_date);
INSERT INTO REFERENCE(REFERENCEID, REFTYPE, REFDESC, PARENTID, REFINDEX, DESCRIPTION, CREATEDBYID, UPDATEDBYID, DATECREATED, DATEUPDATED) VALUES (123, 'MonthRange', 'referenceValueMonthRange123', 0, 12, '', 1, 1, current_date, current_date);
INSERT INTO REFERENCE(REFERENCEID, REFTYPE, REFDESC, PARENTID, REFINDEX, DESCRIPTION, CREATEDBYID, UPDATEDBYID, DATECREATED, DATEUPDATED) VALUES (124, 'MonthRange', 'referenceValueMonthRange124', 0, 13, '', 1, 1, current_date, current_date);
INSERT INTO REFERENCE(REFERENCEID, REFTYPE, REFDESC, PARENTID, REFINDEX, DESCRIPTION, CREATEDBYID, UPDATEDBYID, DATECREATED, DATEUPDATED) VALUES (125, 'MonthRange', 'referenceValueMonthRange125', 0, 14, '', 1, 1, current_date, current_date);
INSERT INTO REFERENCE(REFERENCEID, REFTYPE, REFDESC, PARENTID, REFINDEX, DESCRIPTION, CREATEDBYID, UPDATEDBYID, DATECREATED, DATEUPDATED) VALUES (126, 'MonthRange', 'referenceValueMonthRange126', 0, 15, '', 1, 1, current_date, current_date);
INSERT INTO REFERENCE(REFERENCEID, REFTYPE, REFDESC, PARENTID, REFINDEX, DESCRIPTION, CREATEDBYID, UPDATEDBYID, DATECREATED, DATEUPDATED) VALUES (127, 'MonthRange', 'referenceValueMonthRange127', 0, 16, '', 1, 1, current_date, current_date);
INSERT INTO REFERENCE(REFERENCEID, REFTYPE, REFDESC, PARENTID, REFINDEX, DESCRIPTION, CREATEDBYID, UPDATEDBYID, DATECREATED, DATEUPDATED) VALUES (128, 'MonthRange', 'referenceValueMonthRange128', 0, 17, '', 1, 1, current_date, current_date);
INSERT INTO REFERENCE(REFERENCEID, REFTYPE, REFDESC, PARENTID, REFINDEX, DESCRIPTION, CREATEDBYID, UPDATEDBYID, DATECREATED, DATEUPDATED) VALUES (129, 'MonthRange', 'referenceValueMonthRange129', 0, 18, '', 1, 1, current_date, current_date);
INSERT INTO REFERENCE(REFERENCEID, REFTYPE, REFDESC, PARENTID, REFINDEX, DESCRIPTION, CREATEDBYID, UPDATEDBYID, DATECREATED, DATEUPDATED) VALUES (130, 'MonthRange', 'referenceValueMonthRange130', 0, 19, '', 1, 1, current_date, current_date);
INSERT INTO REFERENCE(REFERENCEID, REFTYPE, REFDESC, PARENTID, REFINDEX, DESCRIPTION, CREATEDBYID, UPDATEDBYID, DATECREATED, DATEUPDATED) VALUES (131, 'Yes_No', 'referenceValueYes_No131', 0, 1, 'The Yes option in a yes/no dropdown', 1, 1, current_date, current_date);
INSERT INTO REFERENCE(REFERENCEID, REFTYPE, REFDESC, PARENTID, REFINDEX, DESCRIPTION, CREATEDBYID, UPDATEDBYID, DATECREATED, DATEUPDATED) VALUES (132, 'Yes_No', 'referenceValueYes_No132', 0, 2, 'The Yes option in a yes/no dropdown', 1, 1, current_date, current_date);
INSERT INTO REFERENCE(REFERENCEID, REFTYPE, REFDESC, PARENTID, REFINDEX, DESCRIPTION, CREATEDBYID, UPDATEDBYID, DATECREATED, DATEUPDATED) VALUES (138, 'EuropeCountry', 'referenceValueEuropeCountry138', 0, 1, '', 1, 1, current_date, current_date);
INSERT INTO REFERENCE(REFERENCEID, REFTYPE, REFDESC, PARENTID, REFINDEX, DESCRIPTION, CREATEDBYID, UPDATEDBYID, DATECREATED, DATEUPDATED) VALUES (139, 'EuropeCountry', 'referenceValueEuropeCountry139', 0, 2, '', 1, 1, current_date, current_date);
INSERT INTO REFERENCE(REFERENCEID, REFTYPE, REFDESC, PARENTID, REFINDEX, DESCRIPTION, CREATEDBYID, UPDATEDBYID, DATECREATED, DATEUPDATED) VALUES (140, 'EuropeCountry', 'referenceValueEuropeCountry140', 0, 3, '', 1, 1, current_date, current_date);
INSERT INTO REFERENCE(REFERENCEID, REFTYPE, REFDESC, PARENTID, REFINDEX, DESCRIPTION, CREATEDBYID, UPDATEDBYID, DATECREATED, DATEUPDATED) VALUES (141, 'EuropeCountry', 'referenceValueEuropeCountry141', 0, 4, '', 1, 1, current_date, current_date);
INSERT INTO REFERENCE(REFERENCEID, REFTYPE, REFDESC, PARENTID, REFINDEX, DESCRIPTION, CREATEDBYID, UPDATEDBYID, DATECREATED, DATEUPDATED) VALUES (142, 'EuropeCountry', 'referenceValueEuropeCountry142', 0, 5, '', 1, 1, current_date, current_date);
INSERT INTO REFERENCE(REFERENCEID, REFTYPE, REFDESC, PARENTID, REFINDEX, DESCRIPTION, CREATEDBYID, UPDATEDBYID, DATECREATED, DATEUPDATED) VALUES (143, 'EuropeCountry', 'referenceValueEuropeCountry143', 0, 6, '', 1, 1, current_date, current_date);
INSERT INTO REFERENCE(REFERENCEID, REFTYPE, REFDESC, PARENTID, REFINDEX, DESCRIPTION, CREATEDBYID, UPDATEDBYID, DATECREATED, DATEUPDATED) VALUES (144, 'EuropeCountry', 'referenceValueEuropeCountry144', 0, 7, '', 1, 1, current_date, current_date);
INSERT INTO REFERENCE(REFERENCEID, REFTYPE, REFDESC, PARENTID, REFINDEX, DESCRIPTION, CREATEDBYID, UPDATEDBYID, DATECREATED, DATEUPDATED) VALUES (145, 'EuropeCountry', 'referenceValueEuropeCountry145', 0, 8, '', 1, 1, current_date, current_date);
INSERT INTO REFERENCE(REFERENCEID, REFTYPE, REFDESC, PARENTID, REFINDEX, DESCRIPTION, CREATEDBYID, UPDATEDBYID, DATECREATED, DATEUPDATED) VALUES (146, 'EuropeCountry', 'referenceValueEuropeCountry146', 0, 9, '', 1, 1, current_date, current_date);
INSERT INTO REFERENCE(REFERENCEID, REFTYPE, REFDESC, PARENTID, REFINDEX, DESCRIPTION, CREATEDBYID, UPDATEDBYID, DATECREATED, DATEUPDATED) VALUES (147, 'EuropeCountry', 'referenceValueEuropeCountry147', 0, 10, '', 1, 1, current_date, current_date);
INSERT INTO REFERENCE(REFERENCEID, REFTYPE, REFDESC, PARENTID, REFINDEX, DESCRIPTION, CREATEDBYID, UPDATEDBYID, DATECREATED, DATEUPDATED) VALUES (148, 'EuropeCountry', 'referenceValueEuropeCountry148', 0, 11, '', 1, 1, current_date, current_date);
INSERT INTO REFERENCE(REFERENCEID, REFTYPE, REFDESC, PARENTID, REFINDEX, DESCRIPTION, CREATEDBYID, UPDATEDBYID, DATECREATED, DATEUPDATED) VALUES (149, 'EuropeCountry', 'referenceValueEuropeCountry149', 0, 12, '', 1, 1, current_date, current_date);
INSERT INTO REFERENCE(REFERENCEID, REFTYPE, REFDESC, PARENTID, REFINDEX, DESCRIPTION, CREATEDBYID, UPDATEDBYID, DATECREATED, DATEUPDATED) VALUES (150, 'EuropeCountry', 'referenceValueEuropeCountry150', 0, 13, '', 1, 1, current_date, current_date);
INSERT INTO REFERENCE(REFERENCEID, REFTYPE, REFDESC, PARENTID, REFINDEX, DESCRIPTION, CREATEDBYID, UPDATEDBYID, DATECREATED, DATEUPDATED) VALUES (151, 'EuropeCountry', 'referenceValueEuropeCountry151', 0, 14, '', 1, 1, current_date, current_date);
INSERT INTO REFERENCE(REFERENCEID, REFTYPE, REFDESC, PARENTID, REFINDEX, DESCRIPTION, CREATEDBYID, UPDATEDBYID, DATECREATED, DATEUPDATED) VALUES (152, 'EuropeCountry', 'referenceValueEuropeCountry152', 0, 15, '', 1, 1, current_date, current_date);
INSERT INTO REFERENCE(REFERENCEID, REFTYPE, REFDESC, PARENTID, REFINDEX, DESCRIPTION, CREATEDBYID, UPDATEDBYID, DATECREATED, DATEUPDATED) VALUES (153, 'EuropeCountry', 'referenceValueEuropeCountry153', 0, 16, '', 1, 1, current_date, current_date);
INSERT INTO REFERENCE(REFERENCEID, REFTYPE, REFDESC, PARENTID, REFINDEX, DESCRIPTION, CREATEDBYID, UPDATEDBYID, DATECREATED, DATEUPDATED) VALUES (154, 'EuropeCountry', 'referenceValueEuropeCountry154', 0, 17, '', 1, 1, current_date, current_date);
INSERT INTO REFERENCE(REFERENCEID, REFTYPE, REFDESC, PARENTID, REFINDEX, DESCRIPTION, CREATEDBYID, UPDATEDBYID, DATECREATED, DATEUPDATED) VALUES (155, 'EuropeCountry', 'referenceValueEuropeCountry155', 0, 18, '', 1, 1, current_date, current_date);
INSERT INTO REFERENCE(REFERENCEID, REFTYPE, REFDESC, PARENTID, REFINDEX, DESCRIPTION, CREATEDBYID, UPDATEDBYID, DATECREATED, DATEUPDATED) VALUES (156, 'EuropeCountry', 'referenceValueEuropeCountry156', 0, 19, '', 1, 1, current_date, current_date);
INSERT INTO REFERENCE(REFERENCEID, REFTYPE, REFDESC, PARENTID, REFINDEX, DESCRIPTION, CREATEDBYID, UPDATEDBYID, DATECREATED, DATEUPDATED) VALUES (157, 'EuropeCountry', 'referenceValueEuropeCountry157', 0, 20, '', 1, 1, current_date, current_date);
INSERT INTO REFERENCE(REFERENCEID, REFTYPE, REFDESC, PARENTID, REFINDEX, DESCRIPTION, CREATEDBYID, UPDATEDBYID, DATECREATED, DATEUPDATED) VALUES (158, 'EuropeCountry', 'referenceValueEuropeCountry158', 0, 21, '', 1, 1, current_date, current_date);
INSERT INTO REFERENCE(REFERENCEID, REFTYPE, REFDESC, PARENTID, REFINDEX, DESCRIPTION, CREATEDBYID, UPDATEDBYID, DATECREATED, DATEUPDATED) VALUES (159, 'EuropeCountry', 'referenceValueEuropeCountry159', 0, 22, '', 1, 1, current_date, current_date);
INSERT INTO REFERENCE(REFERENCEID, REFTYPE, REFDESC, PARENTID, REFINDEX, DESCRIPTION, CREATEDBYID, UPDATEDBYID, DATECREATED, DATEUPDATED) VALUES (160, 'EuropeCountry', 'referenceValueEuropeCountry160', 0, 23, '', 1, 1, current_date, current_date);
INSERT INTO REFERENCE(REFERENCEID, REFTYPE, REFDESC, PARENTID, REFINDEX, DESCRIPTION, CREATEDBYID, UPDATEDBYID, DATECREATED, DATEUPDATED) VALUES (161, 'EuropeCountry', 'referenceValueEuropeCountry161', 0, 24, '', 1, 1, current_date, current_date);
INSERT INTO REFERENCE(REFERENCEID, REFTYPE, REFDESC, PARENTID, REFINDEX, DESCRIPTION, CREATEDBYID, UPDATEDBYID, DATECREATED, DATEUPDATED) VALUES (162, 'EuropeCountry', 'referenceValueEuropeCountry162', 0, 25, '', 1, 1, current_date, current_date);
INSERT INTO REFERENCE(REFERENCEID, REFTYPE, REFDESC, PARENTID, REFINDEX, DESCRIPTION, CREATEDBYID, UPDATEDBYID, DATECREATED, DATEUPDATED) VALUES (163, 'EuropeCountry', 'referenceValueEuropeCountry163', 0, 26, '', 1, 1, current_date, current_date);
INSERT INTO REFERENCE(REFERENCEID, REFTYPE, REFDESC, PARENTID, REFINDEX, DESCRIPTION, CREATEDBYID, UPDATEDBYID, DATECREATED, DATEUPDATED) VALUES (164, 'EuropeCountry', 'referenceValueEuropeCountry164', 0, 27, '', 1, 1, current_date, current_date);
INSERT INTO REFERENCE(REFERENCEID, REFTYPE, REFDESC, PARENTID, REFINDEX, DESCRIPTION, CREATEDBYID, UPDATEDBYID, DATECREATED, DATEUPDATED) VALUES (165, 'EuropeCountry', 'referenceValueEuropeCountry165', 0, 28, '', 1, 1, current_date, current_date);
INSERT INTO REFERENCE(REFERENCEID, REFTYPE, REFDESC, PARENTID, REFINDEX, DESCRIPTION, CREATEDBYID, UPDATEDBYID, DATECREATED, DATEUPDATED) VALUES (166, 'EuropeCountry', 'referenceValueEuropeCountry166', 0, 29, '', 1, 1, current_date, current_date);
INSERT INTO REFERENCE(REFERENCEID, REFTYPE, REFDESC, PARENTID, REFINDEX, DESCRIPTION, CREATEDBYID, UPDATEDBYID, DATECREATED, DATEUPDATED) VALUES (167, 'EuropeCountry', 'referenceValueEuropeCountry167', 0, 30, '', 1, 1, current_date, current_date);
INSERT INTO REFERENCE(REFERENCEID, REFTYPE, REFDESC, PARENTID, REFINDEX, DESCRIPTION, CREATEDBYID, UPDATEDBYID, DATECREATED, DATEUPDATED) VALUES (168, 'EuropeCountry', 'referenceValueEuropeCountry168', 0, 31, '', 1, 1, current_date, current_date);
INSERT INTO REFERENCE(REFERENCEID, REFTYPE, REFDESC, PARENTID, REFINDEX, DESCRIPTION, CREATEDBYID, UPDATEDBYID, DATECREATED, DATEUPDATED) VALUES (169, 'EuropeCountry', 'referenceValueEuropeCountry169', 0, 32, '', 1, 1, current_date, current_date);
INSERT INTO REFERENCE(REFERENCEID, REFTYPE, REFDESC, PARENTID, REFINDEX, DESCRIPTION, CREATEDBYID, UPDATEDBYID, DATECREATED, DATEUPDATED) VALUES (170, 'EuropeCountry', 'referenceValueEuropeCountry170', 0, 33, '', 1, 1, current_date, current_date);
INSERT INTO REFERENCE(REFERENCEID, REFTYPE, REFDESC, PARENTID, REFINDEX, DESCRIPTION, CREATEDBYID, UPDATEDBYID, DATECREATED, DATEUPDATED) VALUES (171, 'EuropeCountry', 'referenceValueEuropeCountry171', 0, 34, '', 1, 1, current_date, current_date);
INSERT INTO REFERENCE(REFERENCEID, REFTYPE, REFDESC, PARENTID, REFINDEX, DESCRIPTION, CREATEDBYID, UPDATEDBYID, DATECREATED, DATEUPDATED) VALUES (172, 'EuropeCountry', 'referenceValueEuropeCountry172', 0, 35, '', 1, 1, current_date, current_date);
INSERT INTO REFERENCE(REFERENCEID, REFTYPE, REFDESC, PARENTID, REFINDEX, DESCRIPTION, CREATEDBYID, UPDATEDBYID, DATECREATED, DATEUPDATED) VALUES (173, 'EuropeCountry', 'referenceValueEuropeCountry173', 0, 36, '', 1, 1, current_date, current_date);
INSERT INTO REFERENCE(REFERENCEID, REFTYPE, REFDESC, PARENTID, REFINDEX, DESCRIPTION, CREATEDBYID, UPDATEDBYID, DATECREATED, DATEUPDATED) VALUES (174, 'EuropeCountry', 'referenceValueEuropeCountry174', 0, 37, '', 1, 1, current_date, current_date);
INSERT INTO REFERENCE(REFERENCEID, REFTYPE, REFDESC, PARENTID, REFINDEX, DESCRIPTION, CREATEDBYID, UPDATEDBYID, DATECREATED, DATEUPDATED) VALUES (175, 'EuropeCountry', 'referenceValueEuropeCountry175', 0, 38, '', 1, 1, current_date, current_date);
INSERT INTO REFERENCE(REFERENCEID, REFTYPE, REFDESC, PARENTID, REFINDEX, DESCRIPTION, CREATEDBYID, UPDATEDBYID, DATECREATED, DATEUPDATED) VALUES (176, 'EuropeCountry', 'referenceValueEuropeCountry176', 0, 39, '', 1, 1, current_date, current_date);
INSERT INTO REFERENCE(REFERENCEID, REFTYPE, REFDESC, PARENTID, REFINDEX, DESCRIPTION, CREATEDBYID, UPDATEDBYID, DATECREATED, DATEUPDATED) VALUES (177, 'EuropeCountry', 'referenceValueEuropeCountry177', 0, 40, '', 1, 1, current_date, current_date);
INSERT INTO REFERENCE(REFERENCEID, REFTYPE, REFDESC, PARENTID, REFINDEX, DESCRIPTION, CREATEDBYID, UPDATEDBYID, DATECREATED, DATEUPDATED) VALUES (178, 'EuropeCountry', 'referenceValueEuropeCountry178', 0, 41, '', 1, 1, current_date, current_date);
INSERT INTO REFERENCE(REFERENCEID, REFTYPE, REFDESC, PARENTID, REFINDEX, DESCRIPTION, CREATEDBYID, UPDATEDBYID, DATECREATED, DATEUPDATED) VALUES (179, 'EuropeCountry', 'referenceValueEuropeCountry179', 0, 42, '', 1, 1, current_date, current_date);
INSERT INTO REFERENCE(REFERENCEID, REFTYPE, REFDESC, PARENTID, REFINDEX, DESCRIPTION, CREATEDBYID, UPDATEDBYID, DATECREATED, DATEUPDATED) VALUES (180, 'EuropeCountry', 'referenceValueEuropeCountry180', 0, 43, '', 1, 1, current_date, current_date);
INSERT INTO REFERENCE(REFERENCEID, REFTYPE, REFDESC, PARENTID, REFINDEX, DESCRIPTION, CREATEDBYID, UPDATEDBYID, DATECREATED, DATEUPDATED) VALUES (181, 'EuropeCountry', 'referenceValueEuropeCountry181', 0, 44, '', 1, 1, current_date, current_date);
INSERT INTO REFERENCE(REFERENCEID, REFTYPE, REFDESC, PARENTID, REFINDEX, DESCRIPTION, CREATEDBYID, UPDATEDBYID, DATECREATED, DATEUPDATED) VALUES (182, 'EuropeCountry', 'referenceValueEuropeCountry182', 0, 45, '', 1, 1, current_date, current_date);
INSERT INTO REFERENCE(REFERENCEID, REFTYPE, REFDESC, PARENTID, REFINDEX, DESCRIPTION, CREATEDBYID, UPDATEDBYID, DATECREATED, DATEUPDATED) VALUES (183, 'EuropeCountry', 'referenceValueEuropeCountry183', 0, 46, '', 1, 1, current_date, current_date);
INSERT INTO REFERENCE(REFERENCEID, REFTYPE, REFDESC, PARENTID, REFINDEX, DESCRIPTION, CREATEDBYID, UPDATEDBYID, DATECREATED, DATEUPDATED) VALUES (184, 'EuropeCountry', 'referenceValueEuropeCountry184', 0, 47, '', 1, 1, current_date, current_date);
INSERT INTO REFERENCE(REFERENCEID, REFTYPE, REFDESC, PARENTID, REFINDEX, DESCRIPTION, CREATEDBYID, UPDATEDBYID, DATECREATED, DATEUPDATED) VALUES (185, 'EuropeCountry', 'referenceValueEuropeCountry185', 0, 48, '', 1, 1, current_date, current_date);
INSERT INTO REFERENCE(REFERENCEID, REFTYPE, REFDESC, PARENTID, REFINDEX, DESCRIPTION, CREATEDBYID, UPDATEDBYID, DATECREATED, DATEUPDATED) VALUES (186, 'EuropeCountry', 'referenceValueEuropeCountry186', 0, 49, '', 1, 1, current_date, current_date);
INSERT INTO REFERENCE(REFERENCEID, REFTYPE, REFDESC, PARENTID, REFINDEX, DESCRIPTION, CREATEDBYID, UPDATEDBYID, DATECREATED, DATEUPDATED) VALUES (187, 'EuropeCountry', 'referenceValueEuropeCountry187', 0, 50, '', 1, 1, current_date, current_date);
INSERT INTO REFERENCE(REFERENCEID, REFTYPE, REFDESC, PARENTID, REFINDEX, DESCRIPTION, CREATEDBYID, UPDATEDBYID, DATECREATED, DATEUPDATED) VALUES (188, 'EuropeCountry', 'referenceValueEuropeCountry188', 0, 51, '', 1, 1, current_date, current_date);
INSERT INTO REFERENCE(REFERENCEID, REFTYPE, REFDESC, PARENTID, REFINDEX, DESCRIPTION, CREATEDBYID, UPDATEDBYID, DATECREATED, DATEUPDATED) VALUES (190, 'Facilities', 'referenceValueFacilities190', 0, 1, '', 1, 1, current_date, current_date);
INSERT INTO REFERENCE(REFERENCEID, REFTYPE, REFDESC, PARENTID, REFINDEX, DESCRIPTION, CREATEDBYID, UPDATEDBYID, DATECREATED, DATEUPDATED) VALUES (191, 'Facilities', 'referenceValueFacilities191', 0, 2, '', 1, 1, current_date, current_date);
INSERT INTO REFERENCE(REFERENCEID, REFTYPE, REFDESC, PARENTID, REFINDEX, DESCRIPTION, CREATEDBYID, UPDATEDBYID, DATECREATED, DATEUPDATED) VALUES (192, 'Facilities', 'referenceValueFacilities192', 0, 3, '', 1, 1, current_date, current_date);
INSERT INTO REFERENCE(REFERENCEID, REFTYPE, REFDESC, PARENTID, REFINDEX, DESCRIPTION, CREATEDBYID, UPDATEDBYID, DATECREATED, DATEUPDATED) VALUES (193, 'Facilities', 'referenceValueFacilities193', 0, 4, '', 1, 1, current_date, current_date);
INSERT INTO REFERENCE(REFERENCEID, REFTYPE, REFDESC, PARENTID, REFINDEX, DESCRIPTION, CREATEDBYID, UPDATEDBYID, DATECREATED, DATEUPDATED) VALUES (194, 'Facilities', 'referenceValueFacilities194', 0, 5, '', 1, 1, current_date, current_date);
INSERT INTO REFERENCE(REFERENCEID, REFTYPE, REFDESC, PARENTID, REFINDEX, DESCRIPTION, CREATEDBYID, UPDATEDBYID, DATECREATED, DATEUPDATED) VALUES (195, 'Facilities', 'referenceValueFacilities195', 0, 6, '', 1, 1, current_date, current_date);
INSERT INTO REFERENCE(REFERENCEID, REFTYPE, REFDESC, PARENTID, REFINDEX, DESCRIPTION, CREATEDBYID, UPDATEDBYID, DATECREATED, DATEUPDATED) VALUES (196, 'Facilities', 'referenceValueFacilities196', 0, 7, '', 1, 1, current_date, current_date);
INSERT INTO REFERENCE(REFERENCEID, REFTYPE, REFDESC, PARENTID, REFINDEX, DESCRIPTION, CREATEDBYID, UPDATEDBYID, DATECREATED, DATEUPDATED) VALUES (197, 'Facilities', 'referenceValueFacilities197', 0, 8, '', 1, 1, current_date, current_date);
INSERT INTO REFERENCE(REFERENCEID, REFTYPE, REFDESC, PARENTID, REFINDEX, DESCRIPTION, CREATEDBYID, UPDATEDBYID, DATECREATED, DATEUPDATED) VALUES (198, 'Facilities', 'referenceValueFacilities198', 0, 9, '', 1, 1, current_date, current_date);
INSERT INTO REFERENCE(REFERENCEID, REFTYPE, REFDESC, PARENTID, REFINDEX, DESCRIPTION, CREATEDBYID, UPDATEDBYID, DATECREATED, DATEUPDATED) VALUES (199, 'Facilities', 'referenceValueFacilities199', 0, 10, '', 1, 1, current_date, current_date);
INSERT INTO REFERENCE(REFERENCEID, REFTYPE, REFDESC, PARENTID, REFINDEX, DESCRIPTION, CREATEDBYID, UPDATEDBYID, DATECREATED, DATEUPDATED) VALUES (200, 'Facilities', 'referenceValueFacilities200', 0, 11, '', 1, 1, current_date, current_date);
INSERT INTO REFERENCE(REFERENCEID, REFTYPE, REFDESC, PARENTID, REFINDEX, DESCRIPTION, CREATEDBYID, UPDATEDBYID, DATECREATED, DATEUPDATED) VALUES (201, 'IntegerCount1to40', 'referenceValueIntegerCount1to40201', 0, 1, '', 1, 1, current_date, current_date);
INSERT INTO REFERENCE(REFERENCEID, REFTYPE, REFDESC, PARENTID, REFINDEX, DESCRIPTION, CREATEDBYID, UPDATEDBYID, DATECREATED, DATEUPDATED) VALUES (202, 'IntegerCount1to40', 'referenceValueIntegerCount1to40202', 0, 2, '', 1, 1, current_date, current_date);
INSERT INTO REFERENCE(REFERENCEID, REFTYPE, REFDESC, PARENTID, REFINDEX, DESCRIPTION, CREATEDBYID, UPDATEDBYID, DATECREATED, DATEUPDATED) VALUES (203, 'IntegerCount1to40', 'referenceValueIntegerCount1to40203', 0, 3, '', 1, 1, current_date, current_date);
INSERT INTO REFERENCE(REFERENCEID, REFTYPE, REFDESC, PARENTID, REFINDEX, DESCRIPTION, CREATEDBYID, UPDATEDBYID, DATECREATED, DATEUPDATED) VALUES (204, 'IntegerCount1to40', 'referenceValueIntegerCount1to40204', 0, 4, '', 1, 1, current_date, current_date);
INSERT INTO REFERENCE(REFERENCEID, REFTYPE, REFDESC, PARENTID, REFINDEX, DESCRIPTION, CREATEDBYID, UPDATEDBYID, DATECREATED, DATEUPDATED) VALUES (205, 'IntegerCount1to40', 'referenceValueIntegerCount1to40205', 0, 5, '', 1, 1, current_date, current_date);
INSERT INTO REFERENCE(REFERENCEID, REFTYPE, REFDESC, PARENTID, REFINDEX, DESCRIPTION, CREATEDBYID, UPDATEDBYID, DATECREATED, DATEUPDATED) VALUES (206, 'IntegerCount1to40', 'referenceValueIntegerCount1to40206', 0, 6, '', 1, 1, current_date, current_date);
INSERT INTO REFERENCE(REFERENCEID, REFTYPE, REFDESC, PARENTID, REFINDEX, DESCRIPTION, CREATEDBYID, UPDATEDBYID, DATECREATED, DATEUPDATED) VALUES (207, 'IntegerCount1to40', 'referenceValueIntegerCount1to40207', 0, 7, '', 1, 1, current_date, current_date);
INSERT INTO REFERENCE(REFERENCEID, REFTYPE, REFDESC, PARENTID, REFINDEX, DESCRIPTION, CREATEDBYID, UPDATEDBYID, DATECREATED, DATEUPDATED) VALUES (208, 'IntegerCount1to40', 'referenceValueIntegerCount1to40208', 0, 8, '', 1, 1, current_date, current_date);
INSERT INTO REFERENCE(REFERENCEID, REFTYPE, REFDESC, PARENTID, REFINDEX, DESCRIPTION, CREATEDBYID, UPDATEDBYID, DATECREATED, DATEUPDATED) VALUES (209, 'IntegerCount1to40', 'referenceValueIntegerCount1to40209', 0, 9, '', 1, 1, current_date, current_date);
INSERT INTO REFERENCE(REFERENCEID, REFTYPE, REFDESC, PARENTID, REFINDEX, DESCRIPTION, CREATEDBYID, UPDATEDBYID, DATECREATED, DATEUPDATED) VALUES (210, 'IntegerCount1to40', 'referenceValueIntegerCount1to40210', 0, 10, '', 1, 1, current_date, current_date);
INSERT INTO REFERENCE(REFERENCEID, REFTYPE, REFDESC, PARENTID, REFINDEX, DESCRIPTION, CREATEDBYID, UPDATEDBYID, DATECREATED, DATEUPDATED) VALUES (211, 'IntegerCount1to40', 'referenceValueIntegerCount1to40211', 0, 11, '', 1, 1, current_date, current_date);
INSERT INTO REFERENCE(REFERENCEID, REFTYPE, REFDESC, PARENTID, REFINDEX, DESCRIPTION, CREATEDBYID, UPDATEDBYID, DATECREATED, DATEUPDATED) VALUES (212, 'IntegerCount1to40', 'referenceValueIntegerCount1to40212', 0, 12, '', 1, 1, current_date, current_date);
INSERT INTO REFERENCE(REFERENCEID, REFTYPE, REFDESC, PARENTID, REFINDEX, DESCRIPTION, CREATEDBYID, UPDATEDBYID, DATECREATED, DATEUPDATED) VALUES (213, 'IntegerCount1to40', 'referenceValueIntegerCount1to40213', 0, 13, '', 1, 1, current_date, current_date);
INSERT INTO REFERENCE(REFERENCEID, REFTYPE, REFDESC, PARENTID, REFINDEX, DESCRIPTION, CREATEDBYID, UPDATEDBYID, DATECREATED, DATEUPDATED) VALUES (214, 'IntegerCount1to40', 'referenceValueIntegerCount1to40214', 0, 14, '', 1, 1, current_date, current_date);
INSERT INTO REFERENCE(REFERENCEID, REFTYPE, REFDESC, PARENTID, REFINDEX, DESCRIPTION, CREATEDBYID, UPDATEDBYID, DATECREATED, DATEUPDATED) VALUES (215, 'IntegerCount1to40', 'referenceValueIntegerCount1to40215', 0, 15, '', 1, 1, current_date, current_date);
INSERT INTO REFERENCE(REFERENCEID, REFTYPE, REFDESC, PARENTID, REFINDEX, DESCRIPTION, CREATEDBYID, UPDATEDBYID, DATECREATED, DATEUPDATED) VALUES (216, 'IntegerCount1to40', 'referenceValueIntegerCount1to40216', 0, 16, '', 1, 1, current_date, current_date);
INSERT INTO REFERENCE(REFERENCEID, REFTYPE, REFDESC, PARENTID, REFINDEX, DESCRIPTION, CREATEDBYID, UPDATEDBYID, DATECREATED, DATEUPDATED) VALUES (217, 'IntegerCount1to40', 'referenceValueIntegerCount1to40217', 0, 17, '', 1, 1, current_date, current_date);
INSERT INTO REFERENCE(REFERENCEID, REFTYPE, REFDESC, PARENTID, REFINDEX, DESCRIPTION, CREATEDBYID, UPDATEDBYID, DATECREATED, DATEUPDATED) VALUES (218, 'IntegerCount1to40', 'referenceValueIntegerCount1to40218', 0, 18, '', 1, 1, current_date, current_date);
INSERT INTO REFERENCE(REFERENCEID, REFTYPE, REFDESC, PARENTID, REFINDEX, DESCRIPTION, CREATEDBYID, UPDATEDBYID, DATECREATED, DATEUPDATED) VALUES (219, 'IntegerCount1to40', 'referenceValueIntegerCount1to40219', 0, 19, '', 1, 1, current_date, current_date);
INSERT INTO REFERENCE(REFERENCEID, REFTYPE, REFDESC, PARENTID, REFINDEX, DESCRIPTION, CREATEDBYID, UPDATEDBYID, DATECREATED, DATEUPDATED) VALUES (220, 'IntegerCount1to40', 'referenceValueIntegerCount1to40220', 0, 20, '', 1, 1, current_date, current_date);
INSERT INTO REFERENCE(REFERENCEID, REFTYPE, REFDESC, PARENTID, REFINDEX, DESCRIPTION, CREATEDBYID, UPDATEDBYID, DATECREATED, DATEUPDATED) VALUES (221, 'IntegerCount1to40', 'referenceValueIntegerCount1to40221', 0, 21, '', 1, 1, current_date, current_date);
INSERT INTO REFERENCE(REFERENCEID, REFTYPE, REFDESC, PARENTID, REFINDEX, DESCRIPTION, CREATEDBYID, UPDATEDBYID, DATECREATED, DATEUPDATED) VALUES (222, 'IntegerCount1to40', 'referenceValueIntegerCount1to40222', 0, 22, '', 1, 1, current_date, current_date);
INSERT INTO REFERENCE(REFERENCEID, REFTYPE, REFDESC, PARENTID, REFINDEX, DESCRIPTION, CREATEDBYID, UPDATEDBYID, DATECREATED, DATEUPDATED) VALUES (223, 'IntegerCount1to40', 'referenceValueIntegerCount1to40223', 0, 23, '', 1, 1, current_date, current_date);
INSERT INTO REFERENCE(REFERENCEID, REFTYPE, REFDESC, PARENTID, REFINDEX, DESCRIPTION, CREATEDBYID, UPDATEDBYID, DATECREATED, DATEUPDATED) VALUES (224, 'IntegerCount1to40', 'referenceValueIntegerCount1to40224', 0, 24, '', 1, 1, current_date, current_date);
INSERT INTO REFERENCE(REFERENCEID, REFTYPE, REFDESC, PARENTID, REFINDEX, DESCRIPTION, CREATEDBYID, UPDATEDBYID, DATECREATED, DATEUPDATED) VALUES (225, 'IntegerCount1to40', 'referenceValueIntegerCount1to40225', 0, 25, '', 1, 1, current_date, current_date);
INSERT INTO REFERENCE(REFERENCEID, REFTYPE, REFDESC, PARENTID, REFINDEX, DESCRIPTION, CREATEDBYID, UPDATEDBYID, DATECREATED, DATEUPDATED) VALUES (226, 'IntegerCount1to40', 'referenceValueIntegerCount1to40226', 0, 26, '', 1, 1, current_date, current_date);
INSERT INTO REFERENCE(REFERENCEID, REFTYPE, REFDESC, PARENTID, REFINDEX, DESCRIPTION, CREATEDBYID, UPDATEDBYID, DATECREATED, DATEUPDATED) VALUES (227, 'IntegerCount1to40', 'referenceValueIntegerCount1to40227', 0, 27, '', 1, 1, current_date, current_date);
INSERT INTO REFERENCE(REFERENCEID, REFTYPE, REFDESC, PARENTID, REFINDEX, DESCRIPTION, CREATEDBYID, UPDATEDBYID, DATECREATED, DATEUPDATED) VALUES (228, 'IntegerCount1to40', 'referenceValueIntegerCount1to40228', 0, 28, '', 1, 1, current_date, current_date);
INSERT INTO REFERENCE(REFERENCEID, REFTYPE, REFDESC, PARENTID, REFINDEX, DESCRIPTION, CREATEDBYID, UPDATEDBYID, DATECREATED, DATEUPDATED) VALUES (229, 'IntegerCount1to40', 'referenceValueIntegerCount1to40229', 0, 29, '', 1, 1, current_date, current_date);
INSERT INTO REFERENCE(REFERENCEID, REFTYPE, REFDESC, PARENTID, REFINDEX, DESCRIPTION, CREATEDBYID, UPDATEDBYID, DATECREATED, DATEUPDATED) VALUES (230, 'IntegerCount1to40', 'referenceValueIntegerCount1to40230', 0, 30, '', 1, 1, current_date, current_date);
INSERT INTO REFERENCE(REFERENCEID, REFTYPE, REFDESC, PARENTID, REFINDEX, DESCRIPTION, CREATEDBYID, UPDATEDBYID, DATECREATED, DATEUPDATED) VALUES (231, 'IntegerCount1to40', 'referenceValueIntegerCount1to40231', 0, 31, '', 1, 1, current_date, current_date);
INSERT INTO REFERENCE(REFERENCEID, REFTYPE, REFDESC, PARENTID, REFINDEX, DESCRIPTION, CREATEDBYID, UPDATEDBYID, DATECREATED, DATEUPDATED) VALUES (232, 'IntegerCount1to40', 'referenceValueIntegerCount1to40232', 0, 32, '', 1, 1, current_date, current_date);
INSERT INTO REFERENCE(REFERENCEID, REFTYPE, REFDESC, PARENTID, REFINDEX, DESCRIPTION, CREATEDBYID, UPDATEDBYID, DATECREATED, DATEUPDATED) VALUES (233, 'IntegerCount1to40', 'referenceValueIntegerCount1to40233', 0, 33, '', 1, 1, current_date, current_date);
INSERT INTO REFERENCE(REFERENCEID, REFTYPE, REFDESC, PARENTID, REFINDEX, DESCRIPTION, CREATEDBYID, UPDATEDBYID, DATECREATED, DATEUPDATED) VALUES (234, 'IntegerCount1to40', 'referenceValueIntegerCount1to40234', 0, 34, '', 1, 1, current_date, current_date);
INSERT INTO REFERENCE(REFERENCEID, REFTYPE, REFDESC, PARENTID, REFINDEX, DESCRIPTION, CREATEDBYID, UPDATEDBYID, DATECREATED, DATEUPDATED) VALUES (235, 'IntegerCount1to40', 'referenceValueIntegerCount1to40235', 0, 35, '', 1, 1, current_date, current_date);
INSERT INTO REFERENCE(REFERENCEID, REFTYPE, REFDESC, PARENTID, REFINDEX, DESCRIPTION, CREATEDBYID, UPDATEDBYID, DATECREATED, DATEUPDATED) VALUES (236, 'IntegerCount1to40', 'referenceValueIntegerCount1to40236', 0, 36, '', 1, 1, current_date, current_date);
INSERT INTO REFERENCE(REFERENCEID, REFTYPE, REFDESC, PARENTID, REFINDEX, DESCRIPTION, CREATEDBYID, UPDATEDBYID, DATECREATED, DATEUPDATED) VALUES (237, 'IntegerCount1to40', 'referenceValueIntegerCount1to40237', 0, 37, '', 1, 1, current_date, current_date);
INSERT INTO REFERENCE(REFERENCEID, REFTYPE, REFDESC, PARENTID, REFINDEX, DESCRIPTION, CREATEDBYID, UPDATEDBYID, DATECREATED, DATEUPDATED) VALUES (238, 'IntegerCount1to40', 'referenceValueIntegerCount1to40238', 0, 38, '', 1, 1, current_date, current_date);
INSERT INTO REFERENCE(REFERENCEID, REFTYPE, REFDESC, PARENTID, REFINDEX, DESCRIPTION, CREATEDBYID, UPDATEDBYID, DATECREATED, DATEUPDATED) VALUES (239, 'IntegerCount1to40', 'referenceValueIntegerCount1to40239', 0, 39, '', 1, 1, current_date, current_date);
INSERT INTO REFERENCE(REFERENCEID, REFTYPE, REFDESC, PARENTID, REFINDEX, DESCRIPTION, CREATEDBYID, UPDATEDBYID, DATECREATED, DATEUPDATED) VALUES (240, 'IntegerCount1to40', 'referenceValueIntegerCount1to40240', 0, 40, '', 1, 1, current_date, current_date);
INSERT INTO REFERENCE(REFERENCEID, REFTYPE, REFDESC, PARENTID, REFINDEX, DESCRIPTION, CREATEDBYID, UPDATEDBYID, DATECREATED, DATEUPDATED) VALUES (309, 'GoodsCondition', 'referenceValueGoodsCondition309', 3000, 1, '', 1, 1, current_date, current_date);
INSERT INTO REFERENCE(REFERENCEID, REFTYPE, REFDESC, PARENTID, REFINDEX, DESCRIPTION, CREATEDBYID, UPDATEDBYID, DATECREATED, DATEUPDATED) VALUES (310, 'GoodsCondition', 'referenceValueGoodsCondition310', 3000, 2, '', 1, 1, current_date, current_date);
INSERT INTO REFERENCE(REFERENCEID, REFTYPE, REFDESC, PARENTID, REFINDEX, DESCRIPTION, CREATEDBYID, UPDATEDBYID, DATECREATED, DATEUPDATED) VALUES (311, 'GoodsCondition', 'referenceValueGoodsCondition311', 3000, 3, '', 1, 1, current_date, current_date);
INSERT INTO REFERENCE(REFERENCEID, REFTYPE, REFDESC, PARENTID, REFINDEX, DESCRIPTION, CREATEDBYID, UPDATEDBYID, DATECREATED, DATEUPDATED) VALUES (313, 'OwnerOccupierType', 'referenceValueOwnerOccupierType313', 0, 1, '', 1, 1, current_date, current_date);
INSERT INTO REFERENCE(REFERENCEID, REFTYPE, REFDESC, PARENTID, REFINDEX, DESCRIPTION, CREATEDBYID, UPDATEDBYID, DATECREATED, DATEUPDATED) VALUES (314, 'OwnerOccupierType', 'referenceValueOwnerOccupierType314', 0, 2, '', 1, 1, current_date, current_date);
INSERT INTO REFERENCE(REFERENCEID, REFTYPE, REFDESC, PARENTID, REFINDEX, DESCRIPTION, CREATEDBYID, UPDATEDBYID, DATECREATED, DATEUPDATED) VALUES (315, 'OwnerOccupierType', 'referenceValueOwnerOccupierType315', 0, 3, '', 1, 1, current_date, current_date);
INSERT INTO REFERENCE(REFERENCEID, REFTYPE, REFDESC, PARENTID, REFINDEX, DESCRIPTION, CREATEDBYID, UPDATEDBYID, DATECREATED, DATEUPDATED) VALUES (319, 'UserRole', 'referenceValueUserRole319', 0, 1, '', 1, 1, current_date, current_date);
INSERT INTO REFERENCE(REFERENCEID, REFTYPE, REFDESC, PARENTID, REFINDEX, DESCRIPTION, CREATEDBYID, UPDATEDBYID, DATECREATED, DATEUPDATED) VALUES (320, 'UserRole', 'referenceValueUserRole320', 0, 2, '', 1, 1, current_date, current_date);
INSERT INTO REFERENCE(REFERENCEID, REFTYPE, REFDESC, PARENTID, REFINDEX, DESCRIPTION, CREATEDBYID, UPDATEDBYID, DATECREATED, DATEUPDATED) VALUES (321, 'UserRole', 'referenceValueUserRole321', 0, 3, '', 1, 1, current_date, current_date);
INSERT INTO REFERENCE(REFERENCEID, REFTYPE, REFDESC, PARENTID, REFINDEX, DESCRIPTION, CREATEDBYID, UPDATEDBYID, DATECREATED, DATEUPDATED) VALUES (322, 'UserRole', 'referenceValueUserRole322', 0, 4, '', 1, 1, current_date, current_date);
INSERT INTO REFERENCE(REFERENCEID, REFTYPE, REFDESC, PARENTID, REFINDEX, DESCRIPTION, CREATEDBYID, UPDATEDBYID, DATECREATED, DATEUPDATED) VALUES (400, 'LocalAmenity', 'referenceValueLocalAmenity400', 0, 1, 'Secondary School', 1, 1, current_date, current_date);
INSERT INTO REFERENCE(REFERENCEID, REFTYPE, REFDESC, PARENTID, REFINDEX, DESCRIPTION, CREATEDBYID, UPDATEDBYID, DATECREATED, DATEUPDATED) VALUES (401, 'LocalAmenity', 'referenceValueLocalAmenity401', 0, 2, 'Primary School', 1, 1, current_date, current_date);
INSERT INTO REFERENCE(REFERENCEID, REFTYPE, REFDESC, PARENTID, REFINDEX, DESCRIPTION, CREATEDBYID, UPDATEDBYID, DATECREATED, DATEUPDATED) VALUES (402, 'LocalAmenity', 'referenceValueLocalAmenity402', 0, 3, 'Pre-school', 1, 1, current_date, current_date);
INSERT INTO REFERENCE(REFERENCEID, REFTYPE, REFDESC, PARENTID, REFINDEX, DESCRIPTION, CREATEDBYID, UPDATEDBYID, DATECREATED, DATEUPDATED) VALUES (403, 'LocalAmenity', 'referenceValueLocalAmenity403', 0, 4, 'Recreation Areas', 1, 1, current_date, current_date);
INSERT INTO REFERENCE(REFERENCEID, REFTYPE, REFDESC, PARENTID, REFINDEX, DESCRIPTION, CREATEDBYID, UPDATEDBYID, DATECREATED, DATEUPDATED) VALUES (404, 'LocalAmenity', 'referenceValueLocalAmenity404', 0, 5, 'Shops', 1, 1, current_date, current_date);
INSERT INTO REFERENCE(REFERENCEID, REFTYPE, REFDESC, PARENTID, REFINDEX, DESCRIPTION, CREATEDBYID, UPDATEDBYID, DATECREATED, DATEUPDATED) VALUES (405, 'LocalAmenity', 'referenceValueLocalAmenity405', 0, 6, 'Health Centre', 1, 1, current_date, current_date);
INSERT INTO REFERENCE(REFERENCEID, REFTYPE, REFDESC, PARENTID, REFINDEX, DESCRIPTION, CREATEDBYID, UPDATEDBYID, DATECREATED, DATEUPDATED) VALUES (406, 'LocalAmenity', 'referenceValueLocalAmenity406', 0, 7, 'Public Transport', 1, 1, current_date, current_date);
INSERT INTO REFERENCE(REFERENCEID, REFTYPE, REFDESC, PARENTID, REFINDEX, DESCRIPTION, CREATEDBYID, UPDATEDBYID, DATECREATED, DATEUPDATED) VALUES (407, 'LocalAmenity', 'referenceValueLocalAmenity407', 0, 8, 'Intreo/Social Welfare Office', 1, 1, current_date, current_date);
INSERT INTO REFERENCE(REFERENCEID, REFTYPE, REFDESC, PARENTID, REFINDEX, DESCRIPTION, CREATEDBYID, UPDATEDBYID, DATECREATED, DATEUPDATED) VALUES (450, 'PledgeServiceLevelOne', 'referenceValuePledgeServiceLevelOne450', 0, 1, '', 1, 1, current_date, current_date);
INSERT INTO REFERENCE(REFERENCEID, REFTYPE, REFDESC, PARENTID, REFINDEX, DESCRIPTION, CREATEDBYID, UPDATEDBYID, DATECREATED, DATEUPDATED) VALUES (451, 'PledgeServiceLevelOne', 'referenceValuePledgeServiceLevelOne451', 0, 2, '', 1, 1, current_date, current_date);
INSERT INTO REFERENCE(REFERENCEID, REFTYPE, REFDESC, PARENTID, REFINDEX, DESCRIPTION, CREATEDBYID, UPDATEDBYID, DATECREATED, DATEUPDATED) VALUES (452, 'PledgeServiceLevelOne', 'referenceValuePledgeServiceLevelOne452', 0, 3, '', 1, 1, current_date, current_date);
INSERT INTO REFERENCE(REFERENCEID, REFTYPE, REFDESC, PARENTID, REFINDEX, DESCRIPTION, CREATEDBYID, UPDATEDBYID, DATECREATED, DATEUPDATED) VALUES (453, 'PledgeServiceLevelOne', 'referenceValuePledgeServiceLevelOne453', 0, 4, '', 1, 1, current_date, current_date);
INSERT INTO REFERENCE(REFERENCEID, REFTYPE, REFDESC, PARENTID, REFINDEX, DESCRIPTION, CREATEDBYID, UPDATEDBYID, DATECREATED, DATEUPDATED) VALUES (454, 'PledgeServiceLevelOne', 'referenceValuePledgeServiceLevelOne454', 0, 5, '', 1, 1, current_date, current_date);
INSERT INTO REFERENCE(REFERENCEID, REFTYPE, REFDESC, PARENTID, REFINDEX, DESCRIPTION, CREATEDBYID, UPDATEDBYID, DATECREATED, DATEUPDATED) VALUES (455, 'PledgeServiceLevelOne', 'referenceValuePledgeServiceLevelOne455', 0, 6, '', 1, 1, current_date, current_date);
INSERT INTO REFERENCE(REFERENCEID, REFTYPE, REFDESC, PARENTID, REFINDEX, DESCRIPTION, CREATEDBYID, UPDATEDBYID, DATECREATED, DATEUPDATED) VALUES (456, 'PledgeServiceLevelOne', 'referenceValuePledgeServiceLevelOne456', 0, 7, '', 1, 1, current_date, current_date);
INSERT INTO REFERENCE(REFERENCEID, REFTYPE, REFDESC, PARENTID, REFINDEX, DESCRIPTION, CREATEDBYID, UPDATEDBYID, DATECREATED, DATEUPDATED) VALUES (457, 'PledgeServiceLevelOne', 'referenceValuePledgeServiceLevelOne457', 0, 8, '', 1, 1, current_date, current_date);
INSERT INTO REFERENCE(REFERENCEID, REFTYPE, REFDESC, PARENTID, REFINDEX, DESCRIPTION, CREATEDBYID, UPDATEDBYID, DATECREATED, DATEUPDATED) VALUES (458, 'PledgeServiceLevelOne', 'referenceValuePledgeServiceLevelOne458', 0, 9, '', 1, 1, current_date, current_date);
INSERT INTO REFERENCE(REFERENCEID, REFTYPE, REFDESC, PARENTID, REFINDEX, DESCRIPTION, CREATEDBYID, UPDATEDBYID, DATECREATED, DATEUPDATED) VALUES (599, 'PledgeServiceLevelTwo', 'referenceValuePledgeServiceLevelTwo599', 450, 1, '', 1, 1, current_date, current_date);
INSERT INTO REFERENCE(REFERENCEID, REFTYPE, REFDESC, PARENTID, REFINDEX, DESCRIPTION, CREATEDBYID, UPDATEDBYID, DATECREATED, DATEUPDATED) VALUES (600, 'PledgeServiceLevelTwo', 'referenceValuePledgeServiceLevelTwo600', 450, 2, '', 1, 1, current_date, current_date);
INSERT INTO REFERENCE(REFERENCEID, REFTYPE, REFDESC, PARENTID, REFINDEX, DESCRIPTION, CREATEDBYID, UPDATEDBYID, DATECREATED, DATEUPDATED) VALUES (601, 'PledgeServiceLevelTwo', 'referenceValuePledgeServiceLevelTwo601', 450, 3, '', 1, 1, current_date, current_date);
INSERT INTO REFERENCE(REFERENCEID, REFTYPE, REFDESC, PARENTID, REFINDEX, DESCRIPTION, CREATEDBYID, UPDATEDBYID, DATECREATED, DATEUPDATED) VALUES (602, 'PledgeServiceLevelTwo', 'referenceValuePledgeServiceLevelTwo602', 450, 4, '', 1, 1, current_date, current_date);
INSERT INTO REFERENCE(REFERENCEID, REFTYPE, REFDESC, PARENTID, REFINDEX, DESCRIPTION, CREATEDBYID, UPDATEDBYID, DATECREATED, DATEUPDATED) VALUES (603, 'PledgeServiceLevelTwo', 'referenceValuePledgeServiceLevelTwo603', 450, 5, '', 1, 1, current_date, current_date);
INSERT INTO REFERENCE(REFERENCEID, REFTYPE, REFDESC, PARENTID, REFINDEX, DESCRIPTION, CREATEDBYID, UPDATEDBYID, DATECREATED, DATEUPDATED) VALUES (604, 'PledgeServiceLevelTwo', 'referenceValuePledgeServiceLevelTwo604', 450, 6, '', 1, 1, current_date, current_date);
INSERT INTO REFERENCE(REFERENCEID, REFTYPE, REFDESC, PARENTID, REFINDEX, DESCRIPTION, CREATEDBYID, UPDATEDBYID, DATECREATED, DATEUPDATED) VALUES (605, 'PledgeServiceLevelTwo', 'referenceValuePledgeServiceLevelTwo605', 450, 7, '', 1, 1, current_date, current_date);
INSERT INTO REFERENCE(REFERENCEID, REFTYPE, REFDESC, PARENTID, REFINDEX, DESCRIPTION, CREATEDBYID, UPDATEDBYID, DATECREATED, DATEUPDATED) VALUES (606, 'PledgeServiceLevelTwo', 'referenceValuePledgeServiceLevelTwo606', 450, 8, '', 1, 1, current_date, current_date);
INSERT INTO REFERENCE(REFERENCEID, REFTYPE, REFDESC, PARENTID, REFINDEX, DESCRIPTION, CREATEDBYID, UPDATEDBYID, DATECREATED, DATEUPDATED) VALUES (607, 'PledgeServiceLevelTwo', 'referenceValuePledgeServiceLevelTwo607', 450, 9, '', 1, 1, current_date, current_date);
INSERT INTO REFERENCE(REFERENCEID, REFTYPE, REFDESC, PARENTID, REFINDEX, DESCRIPTION, CREATEDBYID, UPDATEDBYID, DATECREATED, DATEUPDATED) VALUES (608, 'PledgeServiceLevelTwo', 'referenceValuePledgeServiceLevelTwo608', 450, 10, '', 1, 1, current_date, current_date);
INSERT INTO REFERENCE(REFERENCEID, REFTYPE, REFDESC, PARENTID, REFINDEX, DESCRIPTION, CREATEDBYID, UPDATEDBYID, DATECREATED, DATEUPDATED) VALUES (609, 'PledgeServiceLevelTwo', 'referenceValuePledgeServiceLevelTwo609', 450, 11, '', 1, 1, current_date, current_date);
INSERT INTO REFERENCE(REFERENCEID, REFTYPE, REFDESC, PARENTID, REFINDEX, DESCRIPTION, CREATEDBYID, UPDATEDBYID, DATECREATED, DATEUPDATED) VALUES (610, 'PledgeServiceLevelTwo', 'referenceValuePledgeServiceLevelTwo610', 450, 12, '', 1, 1, current_date, current_date);
INSERT INTO REFERENCE(REFERENCEID, REFTYPE, REFDESC, PARENTID, REFINDEX, DESCRIPTION, CREATEDBYID, UPDATEDBYID, DATECREATED, DATEUPDATED) VALUES (611, 'PledgeServiceLevelTwo', 'referenceValuePledgeServiceLevelTwo611', 450, 13, '', 1, 1, current_date, current_date);
INSERT INTO REFERENCE(REFERENCEID, REFTYPE, REFDESC, PARENTID, REFINDEX, DESCRIPTION, CREATEDBYID, UPDATEDBYID, DATECREATED, DATEUPDATED) VALUES (630, 'PledgeServiceLevelTwo', 'referenceValuePledgeServiceLevelTwo630', 451, 1, '', 1, 1, current_date, current_date);
INSERT INTO REFERENCE(REFERENCEID, REFTYPE, REFDESC, PARENTID, REFINDEX, DESCRIPTION, CREATEDBYID, UPDATEDBYID, DATECREATED, DATEUPDATED) VALUES (631, 'PledgeServiceLevelTwo', 'referenceValuePledgeServiceLevelTwo631', 451, 2, '', 1, 1, current_date, current_date);
INSERT INTO REFERENCE(REFERENCEID, REFTYPE, REFDESC, PARENTID, REFINDEX, DESCRIPTION, CREATEDBYID, UPDATEDBYID, DATECREATED, DATEUPDATED) VALUES (632, 'PledgeServiceLevelTwo', 'referenceValuePledgeServiceLevelTwo632', 451, 3, '', 1, 1, current_date, current_date);
INSERT INTO REFERENCE(REFERENCEID, REFTYPE, REFDESC, PARENTID, REFINDEX, DESCRIPTION, CREATEDBYID, UPDATEDBYID, DATECREATED, DATEUPDATED) VALUES (633, 'PledgeServiceLevelTwo', 'referenceValuePledgeServiceLevelTwo633', 451, 4, '', 1, 1, current_date, current_date);
INSERT INTO REFERENCE(REFERENCEID, REFTYPE, REFDESC, PARENTID, REFINDEX, DESCRIPTION, CREATEDBYID, UPDATEDBYID, DATECREATED, DATEUPDATED) VALUES (634, 'PledgeServiceLevelTwo', 'referenceValuePledgeServiceLevelTwo634', 451, 5, '', 1, 1, current_date, current_date);
INSERT INTO REFERENCE(REFERENCEID, REFTYPE, REFDESC, PARENTID, REFINDEX, DESCRIPTION, CREATEDBYID, UPDATEDBYID, DATECREATED, DATEUPDATED) VALUES (635, 'PledgeServiceLevelTwo', 'referenceValuePledgeServiceLevelTwo635', 451, 6, '', 1, 1, current_date, current_date);
INSERT INTO REFERENCE(REFERENCEID, REFTYPE, REFDESC, PARENTID, REFINDEX, DESCRIPTION, CREATEDBYID, UPDATEDBYID, DATECREATED, DATEUPDATED) VALUES (636, 'PledgeServiceLevelTwo', 'referenceValuePledgeServiceLevelTwo636', 451, 7, '', 1, 1, current_date, current_date);
INSERT INTO REFERENCE(REFERENCEID, REFTYPE, REFDESC, PARENTID, REFINDEX, DESCRIPTION, CREATEDBYID, UPDATEDBYID, DATECREATED, DATEUPDATED) VALUES (637, 'PledgeServiceLevelTwo', 'referenceValuePledgeServiceLevelTwo637', 451, 8, '', 1, 1, current_date, current_date);
INSERT INTO REFERENCE(REFERENCEID, REFTYPE, REFDESC, PARENTID, REFINDEX, DESCRIPTION, CREATEDBYID, UPDATEDBYID, DATECREATED, DATEUPDATED) VALUES (638, 'PledgeServiceLevelTwo', 'referenceValuePledgeServiceLevelTwo638', 451, 9, '', 1, 1, current_date, current_date);
INSERT INTO REFERENCE(REFERENCEID, REFTYPE, REFDESC, PARENTID, REFINDEX, DESCRIPTION, CREATEDBYID, UPDATEDBYID, DATECREATED, DATEUPDATED) VALUES (639, 'PledgeServiceLevelTwo', 'referenceValuePledgeServiceLevelTwo639', 451, 10, '', 1, 1, current_date, current_date);
INSERT INTO REFERENCE(REFERENCEID, REFTYPE, REFDESC, PARENTID, REFINDEX, DESCRIPTION, CREATEDBYID, UPDATEDBYID, DATECREATED, DATEUPDATED) VALUES (650, 'PledgeServiceLevelTwo', 'referenceValuePledgeServiceLevelTwo650', 452, 1, '', 1, 1, current_date, current_date);
INSERT INTO REFERENCE(REFERENCEID, REFTYPE, REFDESC, PARENTID, REFINDEX, DESCRIPTION, CREATEDBYID, UPDATEDBYID, DATECREATED, DATEUPDATED) VALUES (651, 'PledgeServiceLevelTwo', 'referenceValuePledgeServiceLevelTwo651', 452, 2, '', 1, 1, current_date, current_date);
INSERT INTO REFERENCE(REFERENCEID, REFTYPE, REFDESC, PARENTID, REFINDEX, DESCRIPTION, CREATEDBYID, UPDATEDBYID, DATECREATED, DATEUPDATED) VALUES (652, 'PledgeServiceLevelTwo', 'referenceValuePledgeServiceLevelTwo652', 452, 3, '', 1, 1, current_date, current_date);
INSERT INTO REFERENCE(REFERENCEID, REFTYPE, REFDESC, PARENTID, REFINDEX, DESCRIPTION, CREATEDBYID, UPDATEDBYID, DATECREATED, DATEUPDATED) VALUES (653, 'PledgeServiceLevelTwo', 'referenceValuePledgeServiceLevelTwo653', 452, 4, '', 1, 1, current_date, current_date);
INSERT INTO REFERENCE(REFERENCEID, REFTYPE, REFDESC, PARENTID, REFINDEX, DESCRIPTION, CREATEDBYID, UPDATEDBYID, DATECREATED, DATEUPDATED) VALUES (654, 'PledgeServiceLevelTwo', 'referenceValuePledgeServiceLevelTwo654', 452, 5, '', 1, 1, current_date, current_date);
INSERT INTO REFERENCE(REFERENCEID, REFTYPE, REFDESC, PARENTID, REFINDEX, DESCRIPTION, CREATEDBYID, UPDATEDBYID, DATECREATED, DATEUPDATED) VALUES (655, 'PledgeServiceLevelTwo', 'referenceValuePledgeServiceLevelTwo655', 452, 6, '', 1, 1, current_date, current_date);
INSERT INTO REFERENCE(REFERENCEID, REFTYPE, REFDESC, PARENTID, REFINDEX, DESCRIPTION, CREATEDBYID, UPDATEDBYID, DATECREATED, DATEUPDATED) VALUES (656, 'PledgeServiceLevelTwo', 'referenceValuePledgeServiceLevelTwo656', 452, 7, '', 1, 1, current_date, current_date);
INSERT INTO REFERENCE(REFERENCEID, REFTYPE, REFDESC, PARENTID, REFINDEX, DESCRIPTION, CREATEDBYID, UPDATEDBYID, DATECREATED, DATEUPDATED) VALUES (657, 'PledgeServiceLevelTwo', 'referenceValuePledgeServiceLevelTwo657', 452, 8, '', 1, 1, current_date, current_date);
INSERT INTO REFERENCE(REFERENCEID, REFTYPE, REFDESC, PARENTID, REFINDEX, DESCRIPTION, CREATEDBYID, UPDATEDBYID, DATECREATED, DATEUPDATED) VALUES (658, 'PledgeServiceLevelTwo', 'referenceValuePledgeServiceLevelTwo658', 452, 9, '', 1, 1, current_date, current_date);
INSERT INTO REFERENCE(REFERENCEID, REFTYPE, REFDESC, PARENTID, REFINDEX, DESCRIPTION, CREATEDBYID, UPDATEDBYID, DATECREATED, DATEUPDATED) VALUES (659, 'PledgeServiceLevelTwo', 'referenceValuePledgeServiceLevelTwo659', 452, 10, '', 1, 1, current_date, current_date);
INSERT INTO REFERENCE(REFERENCEID, REFTYPE, REFDESC, PARENTID, REFINDEX, DESCRIPTION, CREATEDBYID, UPDATEDBYID, DATECREATED, DATEUPDATED) VALUES (660, 'PledgeServiceLevelTwo', 'referenceValuePledgeServiceLevelTwo660', 452, 11, '', 1, 1, current_date, current_date);
INSERT INTO REFERENCE(REFERENCEID, REFTYPE, REFDESC, PARENTID, REFINDEX, DESCRIPTION, CREATEDBYID, UPDATEDBYID, DATECREATED, DATEUPDATED) VALUES (661, 'PledgeServiceLevelTwo', 'referenceValuePledgeServiceLevelTwo661', 452, 12, '', 1, 1, current_date, current_date);
INSERT INTO REFERENCE(REFERENCEID, REFTYPE, REFDESC, PARENTID, REFINDEX, DESCRIPTION, CREATEDBYID, UPDATEDBYID, DATECREATED, DATEUPDATED) VALUES (662, 'PledgeServiceLevelTwo', 'referenceValuePledgeServiceLevelTwo662', 452, 13, '', 1, 1, current_date, current_date);
INSERT INTO REFERENCE(REFERENCEID, REFTYPE, REFDESC, PARENTID, REFINDEX, DESCRIPTION, CREATEDBYID, UPDATEDBYID, DATECREATED, DATEUPDATED) VALUES (663, 'PledgeServiceLevelTwo', 'referenceValuePledgeServiceLevelTwo663', 452, 14, '', 1, 1, current_date, current_date);
INSERT INTO REFERENCE(REFERENCEID, REFTYPE, REFDESC, PARENTID, REFINDEX, DESCRIPTION, CREATEDBYID, UPDATEDBYID, DATECREATED, DATEUPDATED) VALUES (664, 'PledgeServiceLevelTwo', 'referenceValuePledgeServiceLevelTwo664', 452, 15, '', 1, 1, current_date, current_date);
INSERT INTO REFERENCE(REFERENCEID, REFTYPE, REFDESC, PARENTID, REFINDEX, DESCRIPTION, CREATEDBYID, UPDATEDBYID, DATECREATED, DATEUPDATED) VALUES (665, 'PledgeServiceLevelTwo', 'referenceValuePledgeServiceLevelTwo665', 452, 16, '', 1, 1, current_date, current_date);
INSERT INTO REFERENCE(REFERENCEID, REFTYPE, REFDESC, PARENTID, REFINDEX, DESCRIPTION, CREATEDBYID, UPDATEDBYID, DATECREATED, DATEUPDATED) VALUES (700, 'PledgeServiceLevelTwo', 'referenceValuePledgeServiceLevelTwo700', 453, 0, '', 1, 1, current_date, current_date);
INSERT INTO REFERENCE(REFERENCEID, REFTYPE, REFDESC, PARENTID, REFINDEX, DESCRIPTION, CREATEDBYID, UPDATEDBYID, DATECREATED, DATEUPDATED) VALUES (701, 'PledgeServiceLevelTwo', 'referenceValuePledgeServiceLevelTwo701', 453, 1, '', 1, 1, current_date, current_date);
INSERT INTO REFERENCE(REFERENCEID, REFTYPE, REFDESC, PARENTID, REFINDEX, DESCRIPTION, CREATEDBYID, UPDATEDBYID, DATECREATED, DATEUPDATED) VALUES (702, 'PledgeServiceLevelTwo', 'referenceValuePledgeServiceLevelTwo702', 453, 2, '', 1, 1, current_date, current_date);
INSERT INTO REFERENCE(REFERENCEID, REFTYPE, REFDESC, PARENTID, REFINDEX, DESCRIPTION, CREATEDBYID, UPDATEDBYID, DATECREATED, DATEUPDATED) VALUES (703, 'PledgeServiceLevelTwo', 'referenceValuePledgeServiceLevelTwo703', 453, 3, '', 1, 1, current_date, current_date);
INSERT INTO REFERENCE(REFERENCEID, REFTYPE, REFDESC, PARENTID, REFINDEX, DESCRIPTION, CREATEDBYID, UPDATEDBYID, DATECREATED, DATEUPDATED) VALUES (704, 'PledgeServiceLevelTwo', 'referenceValuePledgeServiceLevelTwo704', 453, 4, '', 1, 1, current_date, current_date);
INSERT INTO REFERENCE(REFERENCEID, REFTYPE, REFDESC, PARENTID, REFINDEX, DESCRIPTION, CREATEDBYID, UPDATEDBYID, DATECREATED, DATEUPDATED) VALUES (705, 'PledgeServiceLevelTwo', 'referenceValuePledgeServiceLevelTwo705', 453, 5, '', 1, 1, current_date, current_date);
INSERT INTO REFERENCE(REFERENCEID, REFTYPE, REFDESC, PARENTID, REFINDEX, DESCRIPTION, CREATEDBYID, UPDATEDBYID, DATECREATED, DATEUPDATED) VALUES (706, 'PledgeServiceLevelTwo', 'referenceValuePledgeServiceLevelTwo706', 453, 6, '', 1, 1, current_date, current_date);
INSERT INTO REFERENCE(REFERENCEID, REFTYPE, REFDESC, PARENTID, REFINDEX, DESCRIPTION, CREATEDBYID, UPDATEDBYID, DATECREATED, DATEUPDATED) VALUES (707, 'PledgeServiceLevelTwo', 'referenceValuePledgeServiceLevelTwo707', 453, 7, '', 1, 1, current_date, current_date);
INSERT INTO REFERENCE(REFERENCEID, REFTYPE, REFDESC, PARENTID, REFINDEX, DESCRIPTION, CREATEDBYID, UPDATEDBYID, DATECREATED, DATEUPDATED) VALUES (708, 'PledgeServiceLevelTwo', 'referenceValuePledgeServiceLevelTwo708', 453, 8, '', 1, 1, current_date, current_date);
INSERT INTO REFERENCE(REFERENCEID, REFTYPE, REFDESC, PARENTID, REFINDEX, DESCRIPTION, CREATEDBYID, UPDATEDBYID, DATECREATED, DATEUPDATED) VALUES (709, 'PledgeServiceLevelTwo', 'referenceValuePledgeServiceLevelTwo709', 453, 9, '', 1, 1, current_date, current_date);
INSERT INTO REFERENCE(REFERENCEID, REFTYPE, REFDESC, PARENTID, REFINDEX, DESCRIPTION, CREATEDBYID, UPDATEDBYID, DATECREATED, DATEUPDATED) VALUES (710, 'PledgeServiceLevelTwo', 'referenceValuePledgeServiceLevelTwo710', 453, 10, '', 1, 1, current_date, current_date);
INSERT INTO REFERENCE(REFERENCEID, REFTYPE, REFDESC, PARENTID, REFINDEX, DESCRIPTION, CREATEDBYID, UPDATEDBYID, DATECREATED, DATEUPDATED) VALUES (711, 'PledgeServiceLevelTwo', 'referenceValuePledgeServiceLevelTwo711', 453, 11, '', 1, 1, current_date, current_date);
INSERT INTO REFERENCE(REFERENCEID, REFTYPE, REFDESC, PARENTID, REFINDEX, DESCRIPTION, CREATEDBYID, UPDATEDBYID, DATECREATED, DATEUPDATED) VALUES (712, 'PledgeServiceLevelTwo', 'referenceValuePledgeServiceLevelTwo712', 453, 12, '', 1, 1, current_date, current_date);
INSERT INTO REFERENCE(REFERENCEID, REFTYPE, REFDESC, PARENTID, REFINDEX, DESCRIPTION, CREATEDBYID, UPDATEDBYID, DATECREATED, DATEUPDATED) VALUES (713, 'PledgeServiceLevelTwo', 'referenceValuePledgeServiceLevelTwo713', 453, 13, '', 1, 1, current_date, current_date);
INSERT INTO REFERENCE(REFERENCEID, REFTYPE, REFDESC, PARENTID, REFINDEX, DESCRIPTION, CREATEDBYID, UPDATEDBYID, DATECREATED, DATEUPDATED) VALUES (714, 'PledgeServiceLevelTwo', 'referenceValuePledgeServiceLevelTwo714', 453, 14, '', 1, 1, current_date, current_date);
INSERT INTO REFERENCE(REFERENCEID, REFTYPE, REFDESC, PARENTID, REFINDEX, DESCRIPTION, CREATEDBYID, UPDATEDBYID, DATECREATED, DATEUPDATED) VALUES (715, 'PledgeServiceLevelTwo', 'referenceValuePledgeServiceLevelTwo715', 453, 15, '', 1, 1, current_date, current_date);
INSERT INTO REFERENCE(REFERENCEID, REFTYPE, REFDESC, PARENTID, REFINDEX, DESCRIPTION, CREATEDBYID, UPDATEDBYID, DATECREATED, DATEUPDATED) VALUES (716, 'PledgeServiceLevelTwo', 'referenceValuePledgeServiceLevelTwo716', 453, 16, '', 1, 1, current_date, current_date);
INSERT INTO REFERENCE(REFERENCEID, REFTYPE, REFDESC, PARENTID, REFINDEX, DESCRIPTION, CREATEDBYID, UPDATEDBYID, DATECREATED, DATEUPDATED) VALUES (717, 'PledgeServiceLevelTwo', 'referenceValuePledgeServiceLevelTwo717', 453, 17, '', 1, 1, current_date, current_date);
INSERT INTO REFERENCE(REFERENCEID, REFTYPE, REFDESC, PARENTID, REFINDEX, DESCRIPTION, CREATEDBYID, UPDATEDBYID, DATECREATED, DATEUPDATED) VALUES (718, 'PledgeServiceLevelTwo', 'referenceValuePledgeServiceLevelTwo718', 453, 18, '', 1, 1, current_date, current_date);
INSERT INTO REFERENCE(REFERENCEID, REFTYPE, REFDESC, PARENTID, REFINDEX, DESCRIPTION, CREATEDBYID, UPDATEDBYID, DATECREATED, DATEUPDATED) VALUES (719, 'PledgeServiceLevelTwo', 'referenceValuePledgeServiceLevelTwo719', 453, 19, '', 1, 1, current_date, current_date);
INSERT INTO REFERENCE(REFERENCEID, REFTYPE, REFDESC, PARENTID, REFINDEX, DESCRIPTION, CREATEDBYID, UPDATEDBYID, DATECREATED, DATEUPDATED) VALUES (720, 'PledgeServiceLevelTwo', 'referenceValuePledgeServiceLevelTwo720', 453, 20, '', 1, 1, current_date, current_date);
INSERT INTO REFERENCE(REFERENCEID, REFTYPE, REFDESC, PARENTID, REFINDEX, DESCRIPTION, CREATEDBYID, UPDATEDBYID, DATECREATED, DATEUPDATED) VALUES (721, 'PledgeServiceLevelTwo', 'referenceValuePledgeServiceLevelTwo721', 453, 21, '', 1, 1, current_date, current_date);
INSERT INTO REFERENCE(REFERENCEID, REFTYPE, REFDESC, PARENTID, REFINDEX, DESCRIPTION, CREATEDBYID, UPDATEDBYID, DATECREATED, DATEUPDATED) VALUES (722, 'PledgeServiceLevelTwo', 'referenceValuePledgeServiceLevelTwo722', 453, 22, '', 1, 1, current_date, current_date);
INSERT INTO REFERENCE(REFERENCEID, REFTYPE, REFDESC, PARENTID, REFINDEX, DESCRIPTION, CREATEDBYID, UPDATEDBYID, DATECREATED, DATEUPDATED) VALUES (723, 'PledgeServiceLevelTwo', 'referenceValuePledgeServiceLevelTwo723', 453, 23, '', 1, 1, current_date, current_date);
INSERT INTO REFERENCE(REFERENCEID, REFTYPE, REFDESC, PARENTID, REFINDEX, DESCRIPTION, CREATEDBYID, UPDATEDBYID, DATECREATED, DATEUPDATED) VALUES (724, 'PledgeServiceLevelTwo', 'referenceValuePledgeServiceLevelTwo724', 453, 24, '', 1, 1, current_date, current_date);
INSERT INTO REFERENCE(REFERENCEID, REFTYPE, REFDESC, PARENTID, REFINDEX, DESCRIPTION, CREATEDBYID, UPDATEDBYID, DATECREATED, DATEUPDATED) VALUES (725, 'PledgeServiceLevelTwo', 'referenceValuePledgeServiceLevelTwo725', 453, 25, '', 1, 1, current_date, current_date);
INSERT INTO REFERENCE(REFERENCEID, REFTYPE, REFDESC, PARENTID, REFINDEX, DESCRIPTION, CREATEDBYID, UPDATEDBYID, DATECREATED, DATEUPDATED) VALUES (726, 'PledgeServiceLevelTwo', 'referenceValuePledgeServiceLevelTwo726', 453, 26, '', 1, 1, current_date, current_date);
INSERT INTO REFERENCE(REFERENCEID, REFTYPE, REFDESC, PARENTID, REFINDEX, DESCRIPTION, CREATEDBYID, UPDATEDBYID, DATECREATED, DATEUPDATED) VALUES (727, 'PledgeServiceLevelTwo', 'referenceValuePledgeServiceLevelTwo727', 453, 27, '', 1, 1, current_date, current_date);
INSERT INTO REFERENCE(REFERENCEID, REFTYPE, REFDESC, PARENTID, REFINDEX, DESCRIPTION, CREATEDBYID, UPDATEDBYID, DATECREATED, DATEUPDATED) VALUES (728, 'PledgeServiceLevelTwo', 'referenceValuePledgeServiceLevelTwo728', 453, 28, '', 1, 1, current_date, current_date);
INSERT INTO REFERENCE(REFERENCEID, REFTYPE, REFDESC, PARENTID, REFINDEX, DESCRIPTION, CREATEDBYID, UPDATEDBYID, DATECREATED, DATEUPDATED) VALUES (729, 'PledgeServiceLevelTwo', 'referenceValuePledgeServiceLevelTwo729', 453, 29, '', 1, 1, current_date, current_date);
INSERT INTO REFERENCE(REFERENCEID, REFTYPE, REFDESC, PARENTID, REFINDEX, DESCRIPTION, CREATEDBYID, UPDATEDBYID, DATECREATED, DATEUPDATED) VALUES (730, 'PledgeServiceLevelTwo', 'referenceValuePledgeServiceLevelTwo730', 453, 30, '', 1, 1, current_date, current_date);
INSERT INTO REFERENCE(REFERENCEID, REFTYPE, REFDESC, PARENTID, REFINDEX, DESCRIPTION, CREATEDBYID, UPDATEDBYID, DATECREATED, DATEUPDATED) VALUES (731, 'PledgeServiceLevelTwo', 'referenceValuePledgeServiceLevelTwo731', 453, 31, '', 1, 1, current_date, current_date);
INSERT INTO REFERENCE(REFERENCEID, REFTYPE, REFDESC, PARENTID, REFINDEX, DESCRIPTION, CREATEDBYID, UPDATEDBYID, DATECREATED, DATEUPDATED) VALUES (732, 'PledgeServiceLevelTwo', 'referenceValuePledgeServiceLevelTwo732', 453, 32, '', 1, 1, current_date, current_date);
INSERT INTO REFERENCE(REFERENCEID, REFTYPE, REFDESC, PARENTID, REFINDEX, DESCRIPTION, CREATEDBYID, UPDATEDBYID, DATECREATED, DATEUPDATED) VALUES (733, 'PledgeServiceLevelTwo', 'referenceValuePledgeServiceLevelTwo733', 453, 33, '', 1, 1, current_date, current_date);
INSERT INTO REFERENCE(REFERENCEID, REFTYPE, REFDESC, PARENTID, REFINDEX, DESCRIPTION, CREATEDBYID, UPDATEDBYID, DATECREATED, DATEUPDATED) VALUES (734, 'PledgeServiceLevelTwo', 'referenceValuePledgeServiceLevelTwo734', 453, 34, '', 1, 1, current_date, current_date);
INSERT INTO REFERENCE(REFERENCEID, REFTYPE, REFDESC, PARENTID, REFINDEX, DESCRIPTION, CREATEDBYID, UPDATEDBYID, DATECREATED, DATEUPDATED) VALUES (735, 'PledgeServiceLevelTwo', 'referenceValuePledgeServiceLevelTwo735', 453, 35, '', 1, 1, current_date, current_date);
INSERT INTO REFERENCE(REFERENCEID, REFTYPE, REFDESC, PARENTID, REFINDEX, DESCRIPTION, CREATEDBYID, UPDATEDBYID, DATECREATED, DATEUPDATED) VALUES (736, 'PledgeServiceLevelTwo', 'referenceValuePledgeServiceLevelTwo736', 453, 36, '', 1, 1, current_date, current_date);
INSERT INTO REFERENCE(REFERENCEID, REFTYPE, REFDESC, PARENTID, REFINDEX, DESCRIPTION, CREATEDBYID, UPDATEDBYID, DATECREATED, DATEUPDATED) VALUES (737, 'PledgeServiceLevelTwo', 'referenceValuePledgeServiceLevelTwo737', 453, 37, '', 1, 1, current_date, current_date);
INSERT INTO REFERENCE(REFERENCEID, REFTYPE, REFDESC, PARENTID, REFINDEX, DESCRIPTION, CREATEDBYID, UPDATEDBYID, DATECREATED, DATEUPDATED) VALUES (738, 'PledgeServiceLevelTwo', 'referenceValuePledgeServiceLevelTwo738', 453, 38, '', 1, 1, current_date, current_date);
INSERT INTO REFERENCE(REFERENCEID, REFTYPE, REFDESC, PARENTID, REFINDEX, DESCRIPTION, CREATEDBYID, UPDATEDBYID, DATECREATED, DATEUPDATED) VALUES (739, 'PledgeServiceLevelTwo', 'referenceValuePledgeServiceLevelTwo739', 453, 39, '', 1, 1, current_date, current_date);
INSERT INTO REFERENCE(REFERENCEID, REFTYPE, REFDESC, PARENTID, REFINDEX, DESCRIPTION, CREATEDBYID, UPDATEDBYID, DATECREATED, DATEUPDATED) VALUES (740, 'PledgeServiceLevelTwo', 'referenceValuePledgeServiceLevelTwo740', 453, 40, '', 1, 1, current_date, current_date);
INSERT INTO REFERENCE(REFERENCEID, REFTYPE, REFDESC, PARENTID, REFINDEX, DESCRIPTION, CREATEDBYID, UPDATEDBYID, DATECREATED, DATEUPDATED) VALUES (741, 'PledgeServiceLevelTwo', 'referenceValuePledgeServiceLevelTwo741', 453, 41, '', 1, 1, current_date, current_date);
INSERT INTO REFERENCE(REFERENCEID, REFTYPE, REFDESC, PARENTID, REFINDEX, DESCRIPTION, CREATEDBYID, UPDATEDBYID, DATECREATED, DATEUPDATED) VALUES (742, 'PledgeServiceLevelTwo', 'referenceValuePledgeServiceLevelTwo742', 453, 42, '', 1, 1, current_date, current_date);
INSERT INTO REFERENCE(REFERENCEID, REFTYPE, REFDESC, PARENTID, REFINDEX, DESCRIPTION, CREATEDBYID, UPDATEDBYID, DATECREATED, DATEUPDATED) VALUES (743, 'PledgeServiceLevelTwo', 'referenceValuePledgeServiceLevelTwo743', 453, 43, '', 1, 1, current_date, current_date);
INSERT INTO REFERENCE(REFERENCEID, REFTYPE, REFDESC, PARENTID, REFINDEX, DESCRIPTION, CREATEDBYID, UPDATEDBYID, DATECREATED, DATEUPDATED) VALUES (744, 'PledgeServiceLevelTwo', 'referenceValuePledgeServiceLevelTwo744', 453, 44, '', 1, 1, current_date, current_date);
INSERT INTO REFERENCE(REFERENCEID, REFTYPE, REFDESC, PARENTID, REFINDEX, DESCRIPTION, CREATEDBYID, UPDATEDBYID, DATECREATED, DATEUPDATED) VALUES (745, 'PledgeServiceLevelTwo', 'referenceValuePledgeServiceLevelTwo745', 453, 45, '', 1, 1, current_date, current_date);
INSERT INTO REFERENCE(REFERENCEID, REFTYPE, REFDESC, PARENTID, REFINDEX, DESCRIPTION, CREATEDBYID, UPDATEDBYID, DATECREATED, DATEUPDATED) VALUES (746, 'PledgeServiceLevelTwo', 'referenceValuePledgeServiceLevelTwo746', 453, 46, '', 1, 1, current_date, current_date);
INSERT INTO REFERENCE(REFERENCEID, REFTYPE, REFDESC, PARENTID, REFINDEX, DESCRIPTION, CREATEDBYID, UPDATEDBYID, DATECREATED, DATEUPDATED) VALUES (747, 'PledgeServiceLevelTwo', 'referenceValuePledgeServiceLevelTwo747', 453, 47, '', 1, 1, current_date, current_date);
INSERT INTO REFERENCE(REFERENCEID, REFTYPE, REFDESC, PARENTID, REFINDEX, DESCRIPTION, CREATEDBYID, UPDATEDBYID, DATECREATED, DATEUPDATED) VALUES (748, 'PledgeServiceLevelTwo', 'referenceValuePledgeServiceLevelTwo748', 453, 48, '', 1, 1, current_date, current_date);
INSERT INTO REFERENCE(REFERENCEID, REFTYPE, REFDESC, PARENTID, REFINDEX, DESCRIPTION, CREATEDBYID, UPDATEDBYID, DATECREATED, DATEUPDATED) VALUES (749, 'PledgeServiceLevelTwo', 'referenceValuePledgeServiceLevelTwo749', 453, 49, '', 1, 1, current_date, current_date);
INSERT INTO REFERENCE(REFERENCEID, REFTYPE, REFDESC, PARENTID, REFINDEX, DESCRIPTION, CREATEDBYID, UPDATEDBYID, DATECREATED, DATEUPDATED) VALUES (750, 'PledgeServiceLevelTwo', 'referenceValuePledgeServiceLevelTwo750', 453, 50, '', 1, 1, current_date, current_date);
INSERT INTO REFERENCE(REFERENCEID, REFTYPE, REFDESC, PARENTID, REFINDEX, DESCRIPTION, CREATEDBYID, UPDATEDBYID, DATECREATED, DATEUPDATED) VALUES (751, 'PledgeServiceLevelTwo', 'referenceValuePledgeServiceLevelTwo751', 453, 51, '', 1, 1, current_date, current_date);
INSERT INTO REFERENCE(REFERENCEID, REFTYPE, REFDESC, PARENTID, REFINDEX, DESCRIPTION, CREATEDBYID, UPDATEDBYID, DATECREATED, DATEUPDATED) VALUES (752, 'PledgeServiceLevelTwo', 'referenceValuePledgeServiceLevelTwo752', 453, 52, '', 1, 1, current_date, current_date);
INSERT INTO REFERENCE(REFERENCEID, REFTYPE, REFDESC, PARENTID, REFINDEX, DESCRIPTION, CREATEDBYID, UPDATEDBYID, DATECREATED, DATEUPDATED) VALUES (753, 'PledgeServiceLevelTwo', 'referenceValuePledgeServiceLevelTwo753', 453, 53, '', 1, 1, current_date, current_date);
INSERT INTO REFERENCE(REFERENCEID, REFTYPE, REFDESC, PARENTID, REFINDEX, DESCRIPTION, CREATEDBYID, UPDATEDBYID, DATECREATED, DATEUPDATED) VALUES (754, 'PledgeServiceLevelTwo', 'referenceValuePledgeServiceLevelTwo754', 453, 54, '', 1, 1, current_date, current_date);
INSERT INTO REFERENCE(REFERENCEID, REFTYPE, REFDESC, PARENTID, REFINDEX, DESCRIPTION, CREATEDBYID, UPDATEDBYID, DATECREATED, DATEUPDATED) VALUES (755, 'PledgeServiceLevelTwo', 'referenceValuePledgeServiceLevelTwo755', 453, 55, '', 1, 1, current_date, current_date);
INSERT INTO REFERENCE(REFERENCEID, REFTYPE, REFDESC, PARENTID, REFINDEX, DESCRIPTION, CREATEDBYID, UPDATEDBYID, DATECREATED, DATEUPDATED) VALUES (756, 'PledgeServiceLevelTwo', 'referenceValuePledgeServiceLevelTwo756', 453, 56, '', 1, 1, current_date, current_date);
INSERT INTO REFERENCE(REFERENCEID, REFTYPE, REFDESC, PARENTID, REFINDEX, DESCRIPTION, CREATEDBYID, UPDATEDBYID, DATECREATED, DATEUPDATED) VALUES (757, 'PledgeServiceLevelTwo', 'referenceValuePledgeServiceLevelTwo757', 453, 57, '', 1, 1, current_date, current_date);
INSERT INTO REFERENCE(REFERENCEID, REFTYPE, REFDESC, PARENTID, REFINDEX, DESCRIPTION, CREATEDBYID, UPDATEDBYID, DATECREATED, DATEUPDATED) VALUES (758, 'PledgeServiceLevelTwo', 'referenceValuePledgeServiceLevelTwo758', 453, 58, '', 1, 1, current_date, current_date);
INSERT INTO REFERENCE(REFERENCEID, REFTYPE, REFDESC, PARENTID, REFINDEX, DESCRIPTION, CREATEDBYID, UPDATEDBYID, DATECREATED, DATEUPDATED) VALUES (759, 'PledgeServiceLevelTwo', 'referenceValuePledgeServiceLevelTwo759', 453, 59, '', 1, 1, current_date, current_date);
INSERT INTO REFERENCE(REFERENCEID, REFTYPE, REFDESC, PARENTID, REFINDEX, DESCRIPTION, CREATEDBYID, UPDATEDBYID, DATECREATED, DATEUPDATED) VALUES (760, 'PledgeServiceLevelTwo', 'referenceValuePledgeServiceLevelTwo760', 453, 60, '', 1, 1, current_date, current_date);
INSERT INTO REFERENCE(REFERENCEID, REFTYPE, REFDESC, PARENTID, REFINDEX, DESCRIPTION, CREATEDBYID, UPDATEDBYID, DATECREATED, DATEUPDATED) VALUES (761, 'PledgeServiceLevelTwo', 'referenceValuePledgeServiceLevelTwo761', 453, 61, '', 1, 1, current_date, current_date);
INSERT INTO REFERENCE(REFERENCEID, REFTYPE, REFDESC, PARENTID, REFINDEX, DESCRIPTION, CREATEDBYID, UPDATEDBYID, DATECREATED, DATEUPDATED) VALUES (762, 'PledgeServiceLevelTwo', 'referenceValuePledgeServiceLevelTwo762', 453, 62, '', 1, 1, current_date, current_date);
INSERT INTO REFERENCE(REFERENCEID, REFTYPE, REFDESC, PARENTID, REFINDEX, DESCRIPTION, CREATEDBYID, UPDATEDBYID, DATECREATED, DATEUPDATED) VALUES (763, 'PledgeServiceLevelTwo', 'referenceValuePledgeServiceLevelTwo763', 453, 63, '', 1, 1, current_date, current_date);
INSERT INTO REFERENCE(REFERENCEID, REFTYPE, REFDESC, PARENTID, REFINDEX, DESCRIPTION, CREATEDBYID, UPDATEDBYID, DATECREATED, DATEUPDATED) VALUES (764, 'PledgeServiceLevelTwo', 'referenceValuePledgeServiceLevelTwo764', 453, 64, '', 1, 1, current_date, current_date);
INSERT INTO REFERENCE(REFERENCEID, REFTYPE, REFDESC, PARENTID, REFINDEX, DESCRIPTION, CREATEDBYID, UPDATEDBYID, DATECREATED, DATEUPDATED) VALUES (765, 'PledgeServiceLevelTwo', 'referenceValuePledgeServiceLevelTwo765', 453, 65, '', 1, 1, current_date, current_date);
INSERT INTO REFERENCE(REFERENCEID, REFTYPE, REFDESC, PARENTID, REFINDEX, DESCRIPTION, CREATEDBYID, UPDATEDBYID, DATECREATED, DATEUPDATED) VALUES (766, 'PledgeServiceLevelTwo', 'referenceValuePledgeServiceLevelTwo766', 453, 66, '', 1, 1, current_date, current_date);
INSERT INTO REFERENCE(REFERENCEID, REFTYPE, REFDESC, PARENTID, REFINDEX, DESCRIPTION, CREATEDBYID, UPDATEDBYID, DATECREATED, DATEUPDATED) VALUES (767, 'PledgeServiceLevelTwo', 'referenceValuePledgeServiceLevelTwo767', 453, 67, '', 1, 1, current_date, current_date);
INSERT INTO REFERENCE(REFERENCEID, REFTYPE, REFDESC, PARENTID, REFINDEX, DESCRIPTION, CREATEDBYID, UPDATEDBYID, DATECREATED, DATEUPDATED) VALUES (768, 'PledgeServiceLevelTwo', 'referenceValuePledgeServiceLevelTwo768', 453, 68, '', 1, 1, current_date, current_date);
INSERT INTO REFERENCE(REFERENCEID, REFTYPE, REFDESC, PARENTID, REFINDEX, DESCRIPTION, CREATEDBYID, UPDATEDBYID, DATECREATED, DATEUPDATED) VALUES (769, 'PledgeServiceLevelTwo', 'referenceValuePledgeServiceLevelTwo769', 453, 69, '', 1, 1, current_date, current_date);
INSERT INTO REFERENCE(REFERENCEID, REFTYPE, REFDESC, PARENTID, REFINDEX, DESCRIPTION, CREATEDBYID, UPDATEDBYID, DATECREATED, DATEUPDATED) VALUES (770, 'PledgeServiceLevelTwo', 'referenceValuePledgeServiceLevelTwo770', 453, 70, '', 1, 1, current_date, current_date);
INSERT INTO REFERENCE(REFERENCEID, REFTYPE, REFDESC, PARENTID, REFINDEX, DESCRIPTION, CREATEDBYID, UPDATEDBYID, DATECREATED, DATEUPDATED) VALUES (800, 'PledgeServiceLevelTwo', 'referenceValuePledgeServiceLevelTwo800', 454, 0, '', 1, 1, current_date, current_date);
INSERT INTO REFERENCE(REFERENCEID, REFTYPE, REFDESC, PARENTID, REFINDEX, DESCRIPTION, CREATEDBYID, UPDATEDBYID, DATECREATED, DATEUPDATED) VALUES (801, 'PledgeServiceLevelTwo', 'referenceValuePledgeServiceLevelTwo801', 454, 1, '', 1, 1, current_date, current_date);
INSERT INTO REFERENCE(REFERENCEID, REFTYPE, REFDESC, PARENTID, REFINDEX, DESCRIPTION, CREATEDBYID, UPDATEDBYID, DATECREATED, DATEUPDATED) VALUES (802, 'PledgeServiceLevelTwo', 'referenceValuePledgeServiceLevelTwo802', 454, 2, '', 1, 1, current_date, current_date);
INSERT INTO REFERENCE(REFERENCEID, REFTYPE, REFDESC, PARENTID, REFINDEX, DESCRIPTION, CREATEDBYID, UPDATEDBYID, DATECREATED, DATEUPDATED) VALUES (803, 'PledgeServiceLevelTwo', 'referenceValuePledgeServiceLevelTwo803', 454, 3, '', 1, 1, current_date, current_date);
INSERT INTO REFERENCE(REFERENCEID, REFTYPE, REFDESC, PARENTID, REFINDEX, DESCRIPTION, CREATEDBYID, UPDATEDBYID, DATECREATED, DATEUPDATED) VALUES (804, 'PledgeServiceLevelTwo', 'referenceValuePledgeServiceLevelTwo804', 454, 4, '', 1, 1, current_date, current_date);
INSERT INTO REFERENCE(REFERENCEID, REFTYPE, REFDESC, PARENTID, REFINDEX, DESCRIPTION, CREATEDBYID, UPDATEDBYID, DATECREATED, DATEUPDATED) VALUES (805, 'PledgeServiceLevelTwo', 'referenceValuePledgeServiceLevelTwo805', 454, 5, '', 1, 1, current_date, current_date);
INSERT INTO REFERENCE(REFERENCEID, REFTYPE, REFDESC, PARENTID, REFINDEX, DESCRIPTION, CREATEDBYID, UPDATEDBYID, DATECREATED, DATEUPDATED) VALUES (806, 'PledgeServiceLevelTwo', 'referenceValuePledgeServiceLevelTwo806', 454, 6, '', 1, 1, current_date, current_date);
INSERT INTO REFERENCE(REFERENCEID, REFTYPE, REFDESC, PARENTID, REFINDEX, DESCRIPTION, CREATEDBYID, UPDATEDBYID, DATECREATED, DATEUPDATED) VALUES (807, 'PledgeServiceLevelTwo', 'referenceValuePledgeServiceLevelTwo807', 454, 7, '', 1, 1, current_date, current_date);
INSERT INTO REFERENCE(REFERENCEID, REFTYPE, REFDESC, PARENTID, REFINDEX, DESCRIPTION, CREATEDBYID, UPDATEDBYID, DATECREATED, DATEUPDATED) VALUES (808, 'PledgeServiceLevelTwo', 'referenceValuePledgeServiceLevelTwo808', 454, 8, '', 1, 1, current_date, current_date);
INSERT INTO REFERENCE(REFERENCEID, REFTYPE, REFDESC, PARENTID, REFINDEX, DESCRIPTION, CREATEDBYID, UPDATEDBYID, DATECREATED, DATEUPDATED) VALUES (809, 'PledgeServiceLevelTwo', 'referenceValuePledgeServiceLevelTwo809', 454, 9, '', 1, 1, current_date, current_date);
INSERT INTO REFERENCE(REFERENCEID, REFTYPE, REFDESC, PARENTID, REFINDEX, DESCRIPTION, CREATEDBYID, UPDATEDBYID, DATECREATED, DATEUPDATED) VALUES (900, 'PledgeServiceLevelTwo', 'referenceValuePledgeServiceLevelTwo900', 455, 0, '', 1, 1, current_date, current_date);
INSERT INTO REFERENCE(REFERENCEID, REFTYPE, REFDESC, PARENTID, REFINDEX, DESCRIPTION, CREATEDBYID, UPDATEDBYID, DATECREATED, DATEUPDATED) VALUES (901, 'PledgeServiceLevelTwo', 'referenceValuePledgeServiceLevelTwo901', 455, 1, '', 1, 1, current_date, current_date);
INSERT INTO REFERENCE(REFERENCEID, REFTYPE, REFDESC, PARENTID, REFINDEX, DESCRIPTION, CREATEDBYID, UPDATEDBYID, DATECREATED, DATEUPDATED) VALUES (902, 'PledgeServiceLevelTwo', 'referenceValuePledgeServiceLevelTwo902', 455, 2, '', 1, 1, current_date, current_date);
INSERT INTO REFERENCE(REFERENCEID, REFTYPE, REFDESC, PARENTID, REFINDEX, DESCRIPTION, CREATEDBYID, UPDATEDBYID, DATECREATED, DATEUPDATED) VALUES (903, 'PledgeServiceLevelTwo', 'referenceValuePledgeServiceLevelTwo903', 455, 3, '', 1, 1, current_date, current_date);
INSERT INTO REFERENCE(REFERENCEID, REFTYPE, REFDESC, PARENTID, REFINDEX, DESCRIPTION, CREATEDBYID, UPDATEDBYID, DATECREATED, DATEUPDATED) VALUES (904, 'PledgeServiceLevelTwo', 'referenceValuePledgeServiceLevelTwo904', 455, 4, '', 1, 1, current_date, current_date);
INSERT INTO REFERENCE(REFERENCEID, REFTYPE, REFDESC, PARENTID, REFINDEX, DESCRIPTION, CREATEDBYID, UPDATEDBYID, DATECREATED, DATEUPDATED) VALUES (905, 'PledgeServiceLevelTwo', 'referenceValuePledgeServiceLevelTwo905', 455, 5, '', 1, 1, current_date, current_date);
INSERT INTO REFERENCE(REFERENCEID, REFTYPE, REFDESC, PARENTID, REFINDEX, DESCRIPTION, CREATEDBYID, UPDATEDBYID, DATECREATED, DATEUPDATED) VALUES (906, 'PledgeServiceLevelTwo', 'referenceValuePledgeServiceLevelTwo906', 455, 6, '', 1, 1, current_date, current_date);
INSERT INTO REFERENCE(REFERENCEID, REFTYPE, REFDESC, PARENTID, REFINDEX, DESCRIPTION, CREATEDBYID, UPDATEDBYID, DATECREATED, DATEUPDATED) VALUES (907, 'PledgeServiceLevelTwo', 'referenceValuePledgeServiceLevelTwo907', 455, 7, '', 1, 1, current_date, current_date);
INSERT INTO REFERENCE(REFERENCEID, REFTYPE, REFDESC, PARENTID, REFINDEX, DESCRIPTION, CREATEDBYID, UPDATEDBYID, DATECREATED, DATEUPDATED) VALUES (908, 'PledgeServiceLevelTwo', 'referenceValuePledgeServiceLevelTwo908', 455, 8, '', 1, 1, current_date, current_date);
INSERT INTO REFERENCE(REFERENCEID, REFTYPE, REFDESC, PARENTID, REFINDEX, DESCRIPTION, CREATEDBYID, UPDATEDBYID, DATECREATED, DATEUPDATED) VALUES (909, 'PledgeServiceLevelTwo', 'referenceValuePledgeServiceLevelTwo909', 455, 9, '', 1, 1, current_date, current_date);
INSERT INTO REFERENCE(REFERENCEID, REFTYPE, REFDESC, PARENTID, REFINDEX, DESCRIPTION, CREATEDBYID, UPDATEDBYID, DATECREATED, DATEUPDATED) VALUES (1001, 'PledgeServiceLevelTwo', 'referenceValuePledgeServiceLevelTwo1001', 456, 1, '', 1, 1, current_date, current_date);
INSERT INTO REFERENCE(REFERENCEID, REFTYPE, REFDESC, PARENTID, REFINDEX, DESCRIPTION, CREATEDBYID, UPDATEDBYID, DATECREATED, DATEUPDATED) VALUES (1100, 'PledgeServiceLevelTwo', 'referenceValuePledgeServiceLevelTwo1100', 458, 0, '', 1, 1, current_date, current_date);
INSERT INTO REFERENCE(REFERENCEID, REFTYPE, REFDESC, PARENTID, REFINDEX, DESCRIPTION, CREATEDBYID, UPDATEDBYID, DATECREATED, DATEUPDATED) VALUES (1101, 'PledgeServiceLevelTwo', 'referenceValuePledgeServiceLevelTwo1101', 458, 1, '', 1, 1, current_date, current_date);
INSERT INTO REFERENCE(REFERENCEID, REFTYPE, REFDESC, PARENTID, REFINDEX, DESCRIPTION, CREATEDBYID, UPDATEDBYID, DATECREATED, DATEUPDATED) VALUES (1102, 'PledgeServiceLevelTwo', 'referenceValuePledgeServiceLevelTwo1102', 458, 2, '', 1, 1, current_date, current_date);
INSERT INTO REFERENCE(REFERENCEID, REFTYPE, REFDESC, PARENTID, REFINDEX, DESCRIPTION, CREATEDBYID, UPDATEDBYID, DATECREATED, DATEUPDATED) VALUES (1103, 'PledgeServiceLevelTwo', 'referenceValuePledgeServiceLevelTwo1103', 458, 3, '', 1, 1, current_date, current_date);
INSERT INTO REFERENCE(REFERENCEID, REFTYPE, REFDESC, PARENTID, REFINDEX, DESCRIPTION, CREATEDBYID, UPDATEDBYID, DATECREATED, DATEUPDATED) VALUES (1104, 'PledgeServiceLevelTwo', 'referenceValuePledgeServiceLevelTwo1104', 458, 4, '', 1, 1, current_date, current_date);
INSERT INTO REFERENCE(REFERENCEID, REFTYPE, REFDESC, PARENTID, REFINDEX, DESCRIPTION, CREATEDBYID, UPDATEDBYID, DATECREATED, DATEUPDATED) VALUES (1105, 'PledgeServiceLevelTwo', 'referenceValuePledgeServiceLevelTwo1105', 458, 5, '', 1, 1, current_date, current_date);
INSERT INTO REFERENCE(REFERENCEID, REFTYPE, REFDESC, PARENTID, REFINDEX, DESCRIPTION, CREATEDBYID, UPDATEDBYID, DATECREATED, DATEUPDATED) VALUES (1106, 'PledgeServiceLevelTwo', 'referenceValuePledgeServiceLevelTwo1106', 458, 6, '', 1, 1, current_date, current_date);
INSERT INTO REFERENCE(REFERENCEID, REFTYPE, REFDESC, PARENTID, REFINDEX, DESCRIPTION, CREATEDBYID, UPDATEDBYID, DATECREATED, DATEUPDATED) VALUES (1107, 'PledgeServiceLevelTwo', 'referenceValuePledgeServiceLevelTwo1107', 458, 7, '', 1, 1, current_date, current_date);
INSERT INTO REFERENCE(REFERENCEID, REFTYPE, REFDESC, PARENTID, REFINDEX, DESCRIPTION, CREATEDBYID, UPDATEDBYID, DATECREATED, DATEUPDATED) VALUES (1108, 'PledgeServiceLevelTwo', 'referenceValuePledgeServiceLevelTwo1108', 458, 8, '', 1, 1, current_date, current_date);
INSERT INTO REFERENCE(REFERENCEID, REFTYPE, REFDESC, PARENTID, REFINDEX, DESCRIPTION, CREATEDBYID, UPDATEDBYID, DATECREATED, DATEUPDATED) VALUES (1109, 'PledgeServiceLevelTwo', 'referenceValuePledgeServiceLevelTwo1109', 458, 9, '', 1, 1, current_date, current_date);
INSERT INTO REFERENCE(REFERENCEID, REFTYPE, REFDESC, PARENTID, REFINDEX, DESCRIPTION, CREATEDBYID, UPDATEDBYID, DATECREATED, DATEUPDATED) VALUES (1110, 'PledgeServiceLevelTwo', 'referenceValuePledgeServiceLevelTwo1110', 458, 10, '', 1, 1, current_date, current_date);
INSERT INTO REFERENCE(REFERENCEID, REFTYPE, REFDESC, PARENTID, REFINDEX, DESCRIPTION, CREATEDBYID, UPDATEDBYID, DATECREATED, DATEUPDATED) VALUES (1111, 'PledgeServiceLevelTwo', 'referenceValuePledgeServiceLevelTwo1111', 458, 11, '', 1, 1, current_date, current_date);
INSERT INTO REFERENCE(REFERENCEID, REFTYPE, REFDESC, PARENTID, REFINDEX, DESCRIPTION, CREATEDBYID, UPDATEDBYID, DATECREATED, DATEUPDATED) VALUES (1112, 'PledgeServiceLevelTwo', 'referenceValuePledgeServiceLevelTwo1112', 458, 12, '', 1, 1, current_date, current_date);
INSERT INTO REFERENCE(REFERENCEID, REFTYPE, REFDESC, PARENTID, REFINDEX, DESCRIPTION, CREATEDBYID, UPDATEDBYID, DATECREATED, DATEUPDATED) VALUES (1113, 'PledgeServiceLevelTwo', 'referenceValuePledgeServiceLevelTwo1113', 458, 13, '', 1, 1, current_date, current_date);
INSERT INTO REFERENCE(REFERENCEID, REFTYPE, REFDESC, PARENTID, REFINDEX, DESCRIPTION, CREATEDBYID, UPDATEDBYID, DATECREATED, DATEUPDATED) VALUES (1114, 'PledgeServiceLevelTwo', 'referenceValuePledgeServiceLevelTwo1114', 458, 14, '', 1, 1, current_date, current_date);
INSERT INTO REFERENCE(REFERENCEID, REFTYPE, REFDESC, PARENTID, REFINDEX, DESCRIPTION, CREATEDBYID, UPDATEDBYID, DATECREATED, DATEUPDATED) VALUES (1115, 'PledgeServiceLevelTwo', 'referenceValuePledgeServiceLevelTwo1115', 458, 15, '', 1, 1, current_date, current_date);
INSERT INTO REFERENCE(REFERENCEID, REFTYPE, REFDESC, PARENTID, REFINDEX, DESCRIPTION, CREATEDBYID, UPDATEDBYID, DATECREATED, DATEUPDATED) VALUES (1116, 'PledgeServiceLevelTwo', 'referenceValuePledgeServiceLevelTwo1116', 458, 16, '', 1, 1, current_date, current_date);
INSERT INTO REFERENCE(REFERENCEID, REFTYPE, REFDESC, PARENTID, REFINDEX, DESCRIPTION, CREATEDBYID, UPDATEDBYID, DATECREATED, DATEUPDATED) VALUES (1117, 'PledgeServiceLevelTwo', 'referenceValuePledgeServiceLevelTwo1117', 458, 17, '', 1, 1, current_date, current_date);
INSERT INTO REFERENCE(REFERENCEID, REFTYPE, REFDESC, PARENTID, REFINDEX, DESCRIPTION, CREATEDBYID, UPDATEDBYID, DATECREATED, DATEUPDATED) VALUES (1118, 'PledgeServiceLevelTwo', 'referenceValuePledgeServiceLevelTwo1118', 458, 18, '', 1, 1, current_date, current_date);
INSERT INTO REFERENCE(REFERENCEID, REFTYPE, REFDESC, PARENTID, REFINDEX, DESCRIPTION, CREATEDBYID, UPDATEDBYID, DATECREATED, DATEUPDATED) VALUES (1200, 'PledgeServiceLevelTwo', 'referenceValuePledgeServiceLevelTwo1200', 457, 0, '', 1, 1, current_date, current_date);
INSERT INTO REFERENCE(REFERENCEID, REFTYPE, REFDESC, PARENTID, REFINDEX, DESCRIPTION, CREATEDBYID, UPDATEDBYID, DATECREATED, DATEUPDATED) VALUES (1201, 'PledgeServiceLevelTwo', 'referenceValuePledgeServiceLevelTwo1201', 457, 1, '', 1, 1, current_date, current_date);
INSERT INTO REFERENCE(REFERENCEID, REFTYPE, REFDESC, PARENTID, REFINDEX, DESCRIPTION, CREATEDBYID, UPDATEDBYID, DATECREATED, DATEUPDATED) VALUES (1202, 'PledgeServiceLevelTwo', 'referenceValuePledgeServiceLevelTwo1202', 457, 2, '', 1, 1, current_date, current_date);
INSERT INTO REFERENCE(REFERENCEID, REFTYPE, REFDESC, PARENTID, REFINDEX, DESCRIPTION, CREATEDBYID, UPDATEDBYID, DATECREATED, DATEUPDATED) VALUES (1203, 'PledgeServiceLevelTwo', 'referenceValuePledgeServiceLevelTwo1203', 457, 3, '', 1, 1, current_date, current_date);
INSERT INTO REFERENCE(REFERENCEID, REFTYPE, REFDESC, PARENTID, REFINDEX, DESCRIPTION, CREATEDBYID, UPDATEDBYID, DATECREATED, DATEUPDATED) VALUES (1204, 'PledgeServiceLevelTwo', 'referenceValuePledgeServiceLevelTwo1204', 457, 4, '', 1, 1, current_date, current_date);
INSERT INTO REFERENCE(REFERENCEID, REFTYPE, REFDESC, PARENTID, REFINDEX, DESCRIPTION, CREATEDBYID, UPDATEDBYID, DATECREATED, DATEUPDATED) VALUES (1205, 'PledgeServiceLevelTwo', 'referenceValuePledgeServiceLevelTwo1205', 457, 5, '', 1, 1, current_date, current_date);
INSERT INTO REFERENCE(REFERENCEID, REFTYPE, REFDESC, PARENTID, REFINDEX, DESCRIPTION, CREATEDBYID, UPDATEDBYID, DATECREATED, DATEUPDATED) VALUES (1400, 'PledgeServiceLevelThree', 'referenceValuePledgeServiceLevelThree1400', 1202, 0, '', 1, 1, current_date, current_date);
INSERT INTO REFERENCE(REFERENCEID, REFTYPE, REFDESC, PARENTID, REFINDEX, DESCRIPTION, CREATEDBYID, UPDATEDBYID, DATECREATED, DATEUPDATED) VALUES (1401, 'PledgeServiceLevelThree', 'referenceValuePledgeServiceLevelThree1401', 1202, 1, '', 1, 1, current_date, current_date);
INSERT INTO REFERENCE(REFERENCEID, REFTYPE, REFDESC, PARENTID, REFINDEX, DESCRIPTION, CREATEDBYID, UPDATEDBYID, DATECREATED, DATEUPDATED) VALUES (1402, 'PledgeServiceLevelThree', 'referenceValuePledgeServiceLevelThree1402', 1202, 2, '', 1, 1, current_date, current_date);
INSERT INTO REFERENCE(REFERENCEID, REFTYPE, REFDESC, PARENTID, REFINDEX, DESCRIPTION, CREATEDBYID, UPDATEDBYID, DATECREATED, DATEUPDATED) VALUES (1403, 'PledgeServiceLevelThree', 'referenceValuePledgeServiceLevelThree1403', 1202, 3, '', 1, 1, current_date, current_date);
INSERT INTO REFERENCE(REFERENCEID, REFTYPE, REFDESC, PARENTID, REFINDEX, DESCRIPTION, CREATEDBYID, UPDATEDBYID, DATECREATED, DATEUPDATED) VALUES (1404, 'PledgeServiceLevelThree', 'referenceValuePledgeServiceLevelThree1404', 1202, 4, '', 1, 1, current_date, current_date);
INSERT INTO REFERENCE(REFERENCEID, REFTYPE, REFDESC, PARENTID, REFINDEX, DESCRIPTION, CREATEDBYID, UPDATEDBYID, DATECREATED, DATEUPDATED) VALUES (1405, 'PledgeServiceLevelThree', 'referenceValuePledgeServiceLevelThree1405', 1202, 5, '', 1, 1, current_date, current_date);
INSERT INTO REFERENCE(REFERENCEID, REFTYPE, REFDESC, PARENTID, REFINDEX, DESCRIPTION, CREATEDBYID, UPDATEDBYID, DATECREATED, DATEUPDATED) VALUES (1406, 'PledgeServiceLevelThree', 'referenceValuePledgeServiceLevelThree1406', 1202, 6, '', 1, 1, current_date, current_date);
INSERT INTO REFERENCE(REFERENCEID, REFTYPE, REFDESC, PARENTID, REFINDEX, DESCRIPTION, CREATEDBYID, UPDATEDBYID, DATECREATED, DATEUPDATED) VALUES (1407, 'PledgeServiceLevelThree', 'referenceValuePledgeServiceLevelThree1407', 1202, 7, '', 1, 1, current_date, current_date);
INSERT INTO REFERENCE(REFERENCEID, REFTYPE, REFDESC, PARENTID, REFINDEX, DESCRIPTION, CREATEDBYID, UPDATEDBYID, DATECREATED, DATEUPDATED) VALUES (1408, 'PledgeServiceLevelThree', 'referenceValuePledgeServiceLevelThree1408', 1202, 8, '', 1, 1, current_date, current_date);
INSERT INTO REFERENCE(REFERENCEID, REFTYPE, REFDESC, PARENTID, REFINDEX, DESCRIPTION, CREATEDBYID, UPDATEDBYID, DATECREATED, DATEUPDATED) VALUES (1409, 'PledgeServiceLevelThree', 'referenceValuePledgeServiceLevelThree1409', 1202, 9, '', 1, 1, current_date, current_date);
INSERT INTO REFERENCE(REFERENCEID, REFTYPE, REFDESC, PARENTID, REFINDEX, DESCRIPTION, CREATEDBYID, UPDATEDBYID, DATECREATED, DATEUPDATED) VALUES (1410, 'PledgeServiceLevelThree', 'referenceValuePledgeServiceLevelThree1410', 1202, 10, '', 1, 1, current_date, current_date);
INSERT INTO REFERENCE(REFERENCEID, REFTYPE, REFDESC, PARENTID, REFINDEX, DESCRIPTION, CREATEDBYID, UPDATEDBYID, DATECREATED, DATEUPDATED) VALUES (1411, 'PledgeServiceLevelThree', 'referenceValuePledgeServiceLevelThree1411', 1202, 11, '', 1, 1, current_date, current_date);
INSERT INTO REFERENCE(REFERENCEID, REFTYPE, REFDESC, PARENTID, REFINDEX, DESCRIPTION, CREATEDBYID, UPDATEDBYID, DATECREATED, DATEUPDATED) VALUES (1412, 'PledgeServiceLevelThree', 'referenceValuePledgeServiceLevelThree1412', 1202, 12, '', 1, 1, current_date, current_date);
INSERT INTO REFERENCE(REFERENCEID, REFTYPE, REFDESC, PARENTID, REFINDEX, DESCRIPTION, CREATEDBYID, UPDATEDBYID, DATECREATED, DATEUPDATED) VALUES (1413, 'PledgeServiceLevelThree', 'referenceValuePledgeServiceLevelThree1413', 1202, 13, '', 1, 1, current_date, current_date);
INSERT INTO REFERENCE(REFERENCEID, REFTYPE, REFDESC, PARENTID, REFINDEX, DESCRIPTION, CREATEDBYID, UPDATEDBYID, DATECREATED, DATEUPDATED) VALUES (1414, 'PledgeServiceLevelThree', 'referenceValuePledgeServiceLevelThree1414', 1202, 14, '', 1, 1, current_date, current_date);
INSERT INTO REFERENCE(REFERENCEID, REFTYPE, REFDESC, PARENTID, REFINDEX, DESCRIPTION, CREATEDBYID, UPDATEDBYID, DATECREATED, DATEUPDATED) VALUES (1415, 'PledgeServiceLevelThree', 'referenceValuePledgeServiceLevelThree1415', 1202, 15, '', 1, 1, current_date, current_date);
INSERT INTO REFERENCE(REFERENCEID, REFTYPE, REFDESC, PARENTID, REFINDEX, DESCRIPTION, CREATEDBYID, UPDATEDBYID, DATECREATED, DATEUPDATED) VALUES (1416, 'PledgeServiceLevelThree', 'referenceValuePledgeServiceLevelThree1416', 1202, 16, '', 1, 1, current_date, current_date);
INSERT INTO REFERENCE(REFERENCEID, REFTYPE, REFDESC, PARENTID, REFINDEX, DESCRIPTION, CREATEDBYID, UPDATEDBYID, DATECREATED, DATEUPDATED) VALUES (1417, 'PledgeServiceLevelThree', 'referenceValuePledgeServiceLevelThree1417', 1202, 17, '', 1, 1, current_date, current_date);
INSERT INTO REFERENCE(REFERENCEID, REFTYPE, REFDESC, PARENTID, REFINDEX, DESCRIPTION, CREATEDBYID, UPDATEDBYID, DATECREATED, DATEUPDATED) VALUES (1418, 'PledgeServiceLevelThree', 'referenceValuePledgeServiceLevelThree1418', 1202, 18, '', 1, 1, current_date, current_date);
INSERT INTO REFERENCE(REFERENCEID, REFTYPE, REFDESC, PARENTID, REFINDEX, DESCRIPTION, CREATEDBYID, UPDATEDBYID, DATECREATED, DATEUPDATED) VALUES (1419, 'PledgeServiceLevelThree', 'referenceValuePledgeServiceLevelThree1419', 1202, 19, '', 1, 1, current_date, current_date);
INSERT INTO REFERENCE(REFERENCEID, REFTYPE, REFDESC, PARENTID, REFINDEX, DESCRIPTION, CREATEDBYID, UPDATEDBYID, DATECREATED, DATEUPDATED) VALUES (1420, 'PledgeServiceLevelThree', 'referenceValuePledgeServiceLevelThree1420', 1202, 20, '', 1, 1, current_date, current_date);
INSERT INTO REFERENCE(REFERENCEID, REFTYPE, REFDESC, PARENTID, REFINDEX, DESCRIPTION, CREATEDBYID, UPDATEDBYID, DATECREATED, DATEUPDATED) VALUES (1421, 'PledgeServiceLevelThree', 'referenceValuePledgeServiceLevelThree1421', 1202, 21, '', 1, 1, current_date, current_date);
INSERT INTO REFERENCE(REFERENCEID, REFTYPE, REFDESC, PARENTID, REFINDEX, DESCRIPTION, CREATEDBYID, UPDATEDBYID, DATECREATED, DATEUPDATED) VALUES (1422, 'PledgeServiceLevelThree', 'referenceValuePledgeServiceLevelThree1422', 1202, 22, '', 1, 1, current_date, current_date);
INSERT INTO REFERENCE(REFERENCEID, REFTYPE, REFDESC, PARENTID, REFINDEX, DESCRIPTION, CREATEDBYID, UPDATEDBYID, DATECREATED, DATEUPDATED) VALUES (1423, 'PledgeServiceLevelThree', 'referenceValuePledgeServiceLevelThree1423', 1202, 23, '', 1, 1, current_date, current_date);
INSERT INTO REFERENCE(REFERENCEID, REFTYPE, REFDESC, PARENTID, REFINDEX, DESCRIPTION, CREATEDBYID, UPDATEDBYID, DATECREATED, DATEUPDATED) VALUES (1424, 'PledgeServiceLevelThree', 'referenceValuePledgeServiceLevelThree1424', 1202, 24, '', 1, 1, current_date, current_date);
INSERT INTO REFERENCE(REFERENCEID, REFTYPE, REFDESC, PARENTID, REFINDEX, DESCRIPTION, CREATEDBYID, UPDATEDBYID, DATECREATED, DATEUPDATED) VALUES (1425, 'PledgeServiceLevelThree', 'referenceValuePledgeServiceLevelThree1425', 1202, 25, '', 1, 1, current_date, current_date);
INSERT INTO REFERENCE(REFERENCEID, REFTYPE, REFDESC, PARENTID, REFINDEX, DESCRIPTION, CREATEDBYID, UPDATEDBYID, DATECREATED, DATEUPDATED) VALUES (1426, 'PledgeServiceLevelThree', 'referenceValuePledgeServiceLevelThree1426', 1202, 26, '', 1, 1, current_date, current_date);
INSERT INTO REFERENCE(REFERENCEID, REFTYPE, REFDESC, PARENTID, REFINDEX, DESCRIPTION, CREATEDBYID, UPDATEDBYID, DATECREATED, DATEUPDATED) VALUES (1427, 'PledgeServiceLevelThree', 'referenceValuePledgeServiceLevelThree1427', 1202, 27, '', 1, 1, current_date, current_date);
INSERT INTO REFERENCE(REFERENCEID, REFTYPE, REFDESC, PARENTID, REFINDEX, DESCRIPTION, CREATEDBYID, UPDATEDBYID, DATECREATED, DATEUPDATED) VALUES (1428, 'PledgeServiceLevelThree', 'referenceValuePledgeServiceLevelThree1428', 1202, 28, '', 1, 1, current_date, current_date);
INSERT INTO REFERENCE(REFERENCEID, REFTYPE, REFDESC, PARENTID, REFINDEX, DESCRIPTION, CREATEDBYID, UPDATEDBYID, DATECREATED, DATEUPDATED) VALUES (1429, 'PledgeServiceLevelThree', 'referenceValuePledgeServiceLevelThree1429', 1202, 29, '', 1, 1, current_date, current_date);
INSERT INTO REFERENCE(REFERENCEID, REFTYPE, REFDESC, PARENTID, REFINDEX, DESCRIPTION, CREATEDBYID, UPDATEDBYID, DATECREATED, DATEUPDATED) VALUES (1430, 'PledgeServiceLevelThree', 'referenceValuePledgeServiceLevelThree1430', 1202, 30, '', 1, 1, current_date, current_date);
INSERT INTO REFERENCE(REFERENCEID, REFTYPE, REFDESC, PARENTID, REFINDEX, DESCRIPTION, CREATEDBYID, UPDATEDBYID, DATECREATED, DATEUPDATED) VALUES (1431, 'PledgeServiceLevelThree', 'referenceValuePledgeServiceLevelThree1431', 1202, 31, '', 1, 1, current_date, current_date);
INSERT INTO REFERENCE(REFERENCEID, REFTYPE, REFDESC, PARENTID, REFINDEX, DESCRIPTION, CREATEDBYID, UPDATEDBYID, DATECREATED, DATEUPDATED) VALUES (1500, 'PledgeServiceLevelThree', 'referenceValuePledgeServiceLevelThree1500', 1203, 0, '', 1, 1, current_date, current_date);
INSERT INTO REFERENCE(REFERENCEID, REFTYPE, REFDESC, PARENTID, REFINDEX, DESCRIPTION, CREATEDBYID, UPDATEDBYID, DATECREATED, DATEUPDATED) VALUES (1501, 'PledgeServiceLevelThree', 'referenceValuePledgeServiceLevelThree1501', 1203, 1, '', 1, 1, current_date, current_date);
INSERT INTO REFERENCE(REFERENCEID, REFTYPE, REFDESC, PARENTID, REFINDEX, DESCRIPTION, CREATEDBYID, UPDATEDBYID, DATECREATED, DATEUPDATED) VALUES (1502, 'PledgeServiceLevelThree', 'referenceValuePledgeServiceLevelThree1502', 1203, 2, '', 1, 1, current_date, current_date);
INSERT INTO REFERENCE(REFERENCEID, REFTYPE, REFDESC, PARENTID, REFINDEX, DESCRIPTION, CREATEDBYID, UPDATEDBYID, DATECREATED, DATEUPDATED) VALUES (1600, 'PledgeServiceLevelThree', 'referenceValuePledgeServiceLevelThree1600', 1204, 0, '', 1, 1, current_date, current_date);
INSERT INTO REFERENCE(REFERENCEID, REFTYPE, REFDESC, PARENTID, REFINDEX, DESCRIPTION, CREATEDBYID, UPDATEDBYID, DATECREATED, DATEUPDATED) VALUES (1601, 'PledgeServiceLevelThree', 'referenceValuePledgeServiceLevelThree1601', 1204, 1, '', 1, 1, current_date, current_date);
INSERT INTO REFERENCE(REFERENCEID, REFTYPE, REFDESC, PARENTID, REFINDEX, DESCRIPTION, CREATEDBYID, UPDATEDBYID, DATECREATED, DATEUPDATED) VALUES (1602, 'PledgeServiceLevelThree', 'referenceValuePledgeServiceLevelThree1602', 1204, 2, '', 1, 1, current_date, current_date);
INSERT INTO REFERENCE(REFERENCEID, REFTYPE, REFDESC, PARENTID, REFINDEX, DESCRIPTION, CREATEDBYID, UPDATEDBYID, DATECREATED, DATEUPDATED) VALUES (1603, 'PledgeServiceLevelThree', 'referenceValuePledgeServiceLevelThree1603', 1204, 3, '', 1, 1, current_date, current_date);
INSERT INTO REFERENCE(REFERENCEID, REFTYPE, REFDESC, PARENTID, REFINDEX, DESCRIPTION, CREATEDBYID, UPDATEDBYID, DATECREATED, DATEUPDATED) VALUES (1604, 'PledgeServiceLevelThree', 'referenceValuePledgeServiceLevelThree1604', 1204, 4, '', 1, 1, current_date, current_date);
INSERT INTO REFERENCE(REFERENCEID, REFTYPE, REFDESC, PARENTID, REFINDEX, DESCRIPTION, CREATEDBYID, UPDATEDBYID, DATECREATED, DATEUPDATED) VALUES (1605, 'PledgeServiceLevelThree', 'referenceValuePledgeServiceLevelThree1605', 1204, 5, '', 1, 1, current_date, current_date);
INSERT INTO REFERENCE(REFERENCEID, REFTYPE, REFDESC, PARENTID, REFINDEX, DESCRIPTION, CREATEDBYID, UPDATEDBYID, DATECREATED, DATEUPDATED) VALUES (1606, 'PledgeServiceLevelThree', 'referenceValuePledgeServiceLevelThree1606', 1204, 6, '', 1, 1, current_date, current_date);
INSERT INTO REFERENCE(REFERENCEID, REFTYPE, REFDESC, PARENTID, REFINDEX, DESCRIPTION, CREATEDBYID, UPDATEDBYID, DATECREATED, DATEUPDATED) VALUES (1607, 'PledgeServiceLevelThree', 'referenceValuePledgeServiceLevelThree1607', 1204, 7, '', 1, 1, current_date, current_date);
INSERT INTO REFERENCE(REFERENCEID, REFTYPE, REFDESC, PARENTID, REFINDEX, DESCRIPTION, CREATEDBYID, UPDATEDBYID, DATECREATED, DATEUPDATED) VALUES (1608, 'PledgeServiceLevelThree', 'referenceValuePledgeServiceLevelThree1608', 1204, 8, '', 1, 1, current_date, current_date);
INSERT INTO REFERENCE(REFERENCEID, REFTYPE, REFDESC, PARENTID, REFINDEX, DESCRIPTION, CREATEDBYID, UPDATEDBYID, DATECREATED, DATEUPDATED) VALUES (1609, 'PledgeServiceLevelThree', 'referenceValuePledgeServiceLevelThree1609', 1204, 9, '', 1, 1, current_date, current_date);
INSERT INTO REFERENCE(REFERENCEID, REFTYPE, REFDESC, PARENTID, REFINDEX, DESCRIPTION, CREATEDBYID, UPDATEDBYID, DATECREATED, DATEUPDATED) VALUES (1610, 'PledgeServiceLevelThree', 'referenceValuePledgeServiceLevelThree1610', 1204, 10, '', 1, 1, current_date, current_date);
INSERT INTO REFERENCE(REFERENCEID, REFTYPE, REFDESC, PARENTID, REFINDEX, DESCRIPTION, CREATEDBYID, UPDATEDBYID, DATECREATED, DATEUPDATED) VALUES (1611, 'PledgeServiceLevelThree', 'referenceValuePledgeServiceLevelThree1611', 1204, 11, '', 1, 1, current_date, current_date);
INSERT INTO REFERENCE(REFERENCEID, REFTYPE, REFDESC, PARENTID, REFINDEX, DESCRIPTION, CREATEDBYID, UPDATEDBYID, DATECREATED, DATEUPDATED) VALUES (1612, 'PledgeServiceLevelThree', 'referenceValuePledgeServiceLevelThree1612', 1204, 12, '', 1, 1, current_date, current_date);
INSERT INTO REFERENCE(REFERENCEID, REFTYPE, REFDESC, PARENTID, REFINDEX, DESCRIPTION, CREATEDBYID, UPDATEDBYID, DATECREATED, DATEUPDATED) VALUES (1613, 'PledgeServiceLevelThree', 'referenceValuePledgeServiceLevelThree1613', 1204, 13, '', 1, 1, current_date, current_date);
INSERT INTO REFERENCE(REFERENCEID, REFTYPE, REFDESC, PARENTID, REFINDEX, DESCRIPTION, CREATEDBYID, UPDATEDBYID, DATECREATED, DATEUPDATED) VALUES (1614, 'PledgeServiceLevelThree', 'referenceValuePledgeServiceLevelThree1614', 1204, 14, '', 1, 1, current_date, current_date);
INSERT INTO REFERENCE(REFERENCEID, REFTYPE, REFDESC, PARENTID, REFINDEX, DESCRIPTION, CREATEDBYID, UPDATEDBYID, DATECREATED, DATEUPDATED) VALUES (1615, 'PledgeServiceLevelThree', 'referenceValuePledgeServiceLevelThree1615', 1204, 15, '', 1, 1, current_date, current_date);
INSERT INTO REFERENCE(REFERENCEID, REFTYPE, REFDESC, PARENTID, REFINDEX, DESCRIPTION, CREATEDBYID, UPDATEDBYID, DATECREATED, DATEUPDATED) VALUES (1616, 'PledgeServiceLevelThree', 'referenceValuePledgeServiceLevelThree1616', 1204, 16, '', 1, 1, current_date, current_date);
INSERT INTO REFERENCE(REFERENCEID, REFTYPE, REFDESC, PARENTID, REFINDEX, DESCRIPTION, CREATEDBYID, UPDATEDBYID, DATECREATED, DATEUPDATED) VALUES (1617, 'PledgeServiceLevelThree', 'referenceValuePledgeServiceLevelThree1617', 1204, 17, '', 1, 1, current_date, current_date);
INSERT INTO REFERENCE(REFERENCEID, REFTYPE, REFDESC, PARENTID, REFINDEX, DESCRIPTION, CREATEDBYID, UPDATEDBYID, DATECREATED, DATEUPDATED) VALUES (1618, 'PledgeServiceLevelThree', 'referenceValuePledgeServiceLevelThree1618', 1204, 18, '', 1, 1, current_date, current_date);
INSERT INTO REFERENCE(REFERENCEID, REFTYPE, REFDESC, PARENTID, REFINDEX, DESCRIPTION, CREATEDBYID, UPDATEDBYID, DATECREATED, DATEUPDATED) VALUES (1619, 'PledgeServiceLevelThree', 'referenceValuePledgeServiceLevelThree1619', 1204, 19, '', 1, 1, current_date, current_date);
INSERT INTO REFERENCE(REFERENCEID, REFTYPE, REFDESC, PARENTID, REFINDEX, DESCRIPTION, CREATEDBYID, UPDATEDBYID, DATECREATED, DATEUPDATED) VALUES (1620, 'PledgeServiceLevelThree', 'referenceValuePledgeServiceLevelThree1620', 1204, 20, '', 1, 1, current_date, current_date);
INSERT INTO REFERENCE(REFERENCEID, REFTYPE, REFDESC, PARENTID, REFINDEX, DESCRIPTION, CREATEDBYID, UPDATEDBYID, DATECREATED, DATEUPDATED) VALUES (1621, 'PledgeServiceLevelThree', 'referenceValuePledgeServiceLevelThree1621', 1204, 21, '', 1, 1, current_date, current_date);
INSERT INTO REFERENCE(REFERENCEID, REFTYPE, REFDESC, PARENTID, REFINDEX, DESCRIPTION, CREATEDBYID, UPDATEDBYID, DATECREATED, DATEUPDATED) VALUES (1622, 'PledgeServiceLevelThree', 'referenceValuePledgeServiceLevelThree1622', 1204, 22, '', 1, 1, current_date, current_date);
INSERT INTO REFERENCE(REFERENCEID, REFTYPE, REFDESC, PARENTID, REFINDEX, DESCRIPTION, CREATEDBYID, UPDATEDBYID, DATECREATED, DATEUPDATED) VALUES (1623, 'PledgeServiceLevelThree', 'referenceValuePledgeServiceLevelThree1623', 1204, 23, '', 1, 1, current_date, current_date);
INSERT INTO REFERENCE(REFERENCEID, REFTYPE, REFDESC, PARENTID, REFINDEX, DESCRIPTION, CREATEDBYID, UPDATEDBYID, DATECREATED, DATEUPDATED) VALUES (1624, 'PledgeServiceLevelThree', 'referenceValuePledgeServiceLevelThree1624', 1204, 24, '', 1, 1, current_date, current_date);
INSERT INTO REFERENCE(REFERENCEID, REFTYPE, REFDESC, PARENTID, REFINDEX, DESCRIPTION, CREATEDBYID, UPDATEDBYID, DATECREATED, DATEUPDATED) VALUES (1625, 'PledgeServiceLevelThree', 'referenceValuePledgeServiceLevelThree1625', 1204, 25, '', 1, 1, current_date, current_date);
INSERT INTO REFERENCE(REFERENCEID, REFTYPE, REFDESC, PARENTID, REFINDEX, DESCRIPTION, CREATEDBYID, UPDATEDBYID, DATECREATED, DATEUPDATED) VALUES (1626, 'PledgeServiceLevelThree', 'referenceValuePledgeServiceLevelThree1626', 1204, 26, '', 1, 1, current_date, current_date);
INSERT INTO REFERENCE(REFERENCEID, REFTYPE, REFDESC, PARENTID, REFINDEX, DESCRIPTION, CREATEDBYID, UPDATEDBYID, DATECREATED, DATEUPDATED) VALUES (1627, 'PledgeServiceLevelThree', 'referenceValuePledgeServiceLevelThree1627', 1204, 27, '', 1, 1, current_date, current_date);
INSERT INTO REFERENCE(REFERENCEID, REFTYPE, REFDESC, PARENTID, REFINDEX, DESCRIPTION, CREATEDBYID, UPDATEDBYID, DATECREATED, DATEUPDATED) VALUES (1628, 'PledgeServiceLevelThree', 'referenceValuePledgeServiceLevelThree1628', 1204, 28, '', 1, 1, current_date, current_date);
INSERT INTO REFERENCE(REFERENCEID, REFTYPE, REFDESC, PARENTID, REFINDEX, DESCRIPTION, CREATEDBYID, UPDATEDBYID, DATECREATED, DATEUPDATED) VALUES (1629, 'PledgeServiceLevelThree', 'referenceValuePledgeServiceLevelThree1629', 1204, 29, '', 1, 1, current_date, current_date);
INSERT INTO REFERENCE(REFERENCEID, REFTYPE, REFDESC, PARENTID, REFINDEX, DESCRIPTION, CREATEDBYID, UPDATEDBYID, DATECREATED, DATEUPDATED) VALUES (1630, 'PledgeServiceLevelThree', 'referenceValuePledgeServiceLevelThree1630', 1204, 30, '', 1, 1, current_date, current_date);
INSERT INTO REFERENCE(REFERENCEID, REFTYPE, REFDESC, PARENTID, REFINDEX, DESCRIPTION, CREATEDBYID, UPDATEDBYID, DATECREATED, DATEUPDATED) VALUES (1631, 'PledgeServiceLevelThree', 'referenceValuePledgeServiceLevelThree1631', 1204, 31, '', 1, 1, current_date, current_date);
INSERT INTO REFERENCE(REFERENCEID, REFTYPE, REFDESC, PARENTID, REFINDEX, DESCRIPTION, CREATEDBYID, UPDATEDBYID, DATECREATED, DATEUPDATED) VALUES (1632, 'PledgeServiceLevelThree', 'referenceValuePledgeServiceLevelThree1632', 1204, 32, '', 1, 1, current_date, current_date);
INSERT INTO REFERENCE(REFERENCEID, REFTYPE, REFDESC, PARENTID, REFINDEX, DESCRIPTION, CREATEDBYID, UPDATEDBYID, DATECREATED, DATEUPDATED) VALUES (1633, 'PledgeServiceLevelThree', 'referenceValuePledgeServiceLevelThree1633', 1204, 33, '', 1, 1, current_date, current_date);
INSERT INTO REFERENCE(REFERENCEID, REFTYPE, REFDESC, PARENTID, REFINDEX, DESCRIPTION, CREATEDBYID, UPDATEDBYID, DATECREATED, DATEUPDATED) VALUES (1634, 'PledgeServiceLevelThree', 'referenceValuePledgeServiceLevelThree1634', 1204, 34, '', 1, 1, current_date, current_date);
INSERT INTO REFERENCE(REFERENCEID, REFTYPE, REFDESC, PARENTID, REFINDEX, DESCRIPTION, CREATEDBYID, UPDATEDBYID, DATECREATED, DATEUPDATED) VALUES (1635, 'PledgeServiceLevelThree', 'referenceValuePledgeServiceLevelThree1635', 1204, 35, '', 1, 1, current_date, current_date);
INSERT INTO REFERENCE(REFERENCEID, REFTYPE, REFDESC, PARENTID, REFINDEX, DESCRIPTION, CREATEDBYID, UPDATEDBYID, DATECREATED, DATEUPDATED) VALUES (1636, 'PledgeServiceLevelThree', 'referenceValuePledgeServiceLevelThree1636', 1204, 36, '', 1, 1, current_date, current_date);
INSERT INTO REFERENCE(REFERENCEID, REFTYPE, REFDESC, PARENTID, REFINDEX, DESCRIPTION, CREATEDBYID, UPDATEDBYID, DATECREATED, DATEUPDATED) VALUES (1637, 'PledgeServiceLevelThree', 'referenceValuePledgeServiceLevelThree1637', 1204, 37, '', 1, 1, current_date, current_date);
INSERT INTO REFERENCE(REFERENCEID, REFTYPE, REFDESC, PARENTID, REFINDEX, DESCRIPTION, CREATEDBYID, UPDATEDBYID, DATECREATED, DATEUPDATED) VALUES (1638, 'PledgeServiceLevelThree', 'referenceValuePledgeServiceLevelThree1638', 1204, 38, '', 1, 1, current_date, current_date);
INSERT INTO REFERENCE(REFERENCEID, REFTYPE, REFDESC, PARENTID, REFINDEX, DESCRIPTION, CREATEDBYID, UPDATEDBYID, DATECREATED, DATEUPDATED) VALUES (1639, 'PledgeServiceLevelThree', 'referenceValuePledgeServiceLevelThree1639', 1204, 39, '', 1, 1, current_date, current_date);
INSERT INTO REFERENCE(REFERENCEID, REFTYPE, REFDESC, PARENTID, REFINDEX, DESCRIPTION, CREATEDBYID, UPDATEDBYID, DATECREATED, DATEUPDATED) VALUES (1640, 'PledgeServiceLevelThree', 'referenceValuePledgeServiceLevelThree1640', 1204, 40, '', 1, 1, current_date, current_date);
INSERT INTO REFERENCE(REFERENCEID, REFTYPE, REFDESC, PARENTID, REFINDEX, DESCRIPTION, CREATEDBYID, UPDATEDBYID, DATECREATED, DATEUPDATED) VALUES (1641, 'PledgeServiceLevelThree', 'referenceValuePledgeServiceLevelThree1641', 1204, 41, '', 1, 1, current_date, current_date);
INSERT INTO REFERENCE(REFERENCEID, REFTYPE, REFDESC, PARENTID, REFINDEX, DESCRIPTION, CREATEDBYID, UPDATEDBYID, DATECREATED, DATEUPDATED) VALUES (1642, 'PledgeServiceLevelThree', 'referenceValuePledgeServiceLevelThree1642', 1204, 42, '', 1, 1, current_date, current_date);
INSERT INTO REFERENCE(REFERENCEID, REFTYPE, REFDESC, PARENTID, REFINDEX, DESCRIPTION, CREATEDBYID, UPDATEDBYID, DATECREATED, DATEUPDATED) VALUES (1643, 'PledgeServiceLevelThree', 'referenceValuePledgeServiceLevelThree1643', 1204, 43, '', 1, 1, current_date, current_date);
INSERT INTO REFERENCE(REFERENCEID, REFTYPE, REFDESC, PARENTID, REFINDEX, DESCRIPTION, CREATEDBYID, UPDATEDBYID, DATECREATED, DATEUPDATED) VALUES (1700, 'PledgeServiceLevelThree', 'referenceValuePledgeServiceLevelThree1700', 1205, 0, '', 1, 1, current_date, current_date);
INSERT INTO REFERENCE(REFERENCEID, REFTYPE, REFDESC, PARENTID, REFINDEX, DESCRIPTION, CREATEDBYID, UPDATEDBYID, DATECREATED, DATEUPDATED) VALUES (1701, 'PledgeServiceLevelThree', 'referenceValuePledgeServiceLevelThree1701', 1205, 1, '', 1, 1, current_date, current_date);
INSERT INTO REFERENCE(REFERENCEID, REFTYPE, REFDESC, PARENTID, REFINDEX, DESCRIPTION, CREATEDBYID, UPDATEDBYID, DATECREATED, DATEUPDATED) VALUES (1702, 'PledgeServiceLevelThree', 'referenceValuePledgeServiceLevelThree1702', 1205, 2, '', 1, 1, current_date, current_date);
INSERT INTO REFERENCE(REFERENCEID, REFTYPE, REFDESC, PARENTID, REFINDEX, DESCRIPTION, CREATEDBYID, UPDATEDBYID, DATECREATED, DATEUPDATED) VALUES (1703, 'PledgeServiceLevelThree', 'referenceValuePledgeServiceLevelThree1703', 1205, 3, '', 1, 1, current_date, current_date);
INSERT INTO REFERENCE(REFERENCEID, REFTYPE, REFDESC, PARENTID, REFINDEX, DESCRIPTION, CREATEDBYID, UPDATEDBYID, DATECREATED, DATEUPDATED) VALUES (1704, 'PledgeServiceLevelThree', 'referenceValuePledgeServiceLevelThree1704', 1205, 4, '', 1, 1, current_date, current_date);
INSERT INTO REFERENCE(REFERENCEID, REFTYPE, REFDESC, PARENTID, REFINDEX, DESCRIPTION, CREATEDBYID, UPDATEDBYID, DATECREATED, DATEUPDATED) VALUES (1705, 'PledgeServiceLevelThree', 'referenceValuePledgeServiceLevelThree1705', 1205, 5, '', 1, 1, current_date, current_date);
INSERT INTO REFERENCE(REFERENCEID, REFTYPE, REFDESC, PARENTID, REFINDEX, DESCRIPTION, CREATEDBYID, UPDATEDBYID, DATECREATED, DATEUPDATED) VALUES (1706, 'PledgeServiceLevelThree', 'referenceValuePledgeServiceLevelThree1706', 1205, 6, '', 1, 1, current_date, current_date);
INSERT INTO REFERENCE(REFERENCEID, REFTYPE, REFDESC, PARENTID, REFINDEX, DESCRIPTION, CREATEDBYID, UPDATEDBYID, DATECREATED, DATEUPDATED) VALUES (1707, 'PledgeServiceLevelThree', 'referenceValuePledgeServiceLevelThree1707', 1205, 7, '', 1, 1, current_date, current_date);
INSERT INTO REFERENCE(REFERENCEID, REFTYPE, REFDESC, PARENTID, REFINDEX, DESCRIPTION, CREATEDBYID, UPDATEDBYID, DATECREATED, DATEUPDATED) VALUES (2999, 'GoodsCategoryOne', 'referenceValueGoodsCategoryOne2999', 0, 0, '', 1, 1, current_date, current_date);
INSERT INTO REFERENCE(REFERENCEID, REFTYPE, REFDESC, PARENTID, REFINDEX, DESCRIPTION, CREATEDBYID, UPDATEDBYID, DATECREATED, DATEUPDATED) VALUES (3000, 'GoodsCategoryOne', 'referenceValueGoodsCategoryOne3000', 0, 1, '', 1, 1, current_date, current_date);
INSERT INTO REFERENCE(REFERENCEID, REFTYPE, REFDESC, PARENTID, REFINDEX, DESCRIPTION, CREATEDBYID, UPDATEDBYID, DATECREATED, DATEUPDATED) VALUES (3001, 'GoodsCategoryOne', 'referenceValueGoodsCategoryOne3001', 0, 2, '', 1, 1, current_date, current_date);
INSERT INTO REFERENCE(REFERENCEID, REFTYPE, REFDESC, PARENTID, REFINDEX, DESCRIPTION, CREATEDBYID, UPDATEDBYID, DATECREATED, DATEUPDATED) VALUES (3002, 'GoodsCategoryOne', 'referenceValueGoodsCategoryOne3002', 0, 3, '', 1, 1, current_date, current_date);
INSERT INTO REFERENCE(REFERENCEID, REFTYPE, REFDESC, PARENTID, REFINDEX, DESCRIPTION, CREATEDBYID, UPDATEDBYID, DATECREATED, DATEUPDATED) VALUES (3003, 'GoodsCategoryOne', 'referenceValueGoodsCategoryOne3003', 0, 4, '', 1, 1, current_date, current_date);
INSERT INTO REFERENCE(REFERENCEID, REFTYPE, REFDESC, PARENTID, REFINDEX, DESCRIPTION, CREATEDBYID, UPDATEDBYID, DATECREATED, DATEUPDATED) VALUES (3004, 'GoodsCategoryOne', 'referenceValueGoodsCategoryOne3004', 0, 4, '', 1, 1, current_date, current_date);
INSERT INTO REFERENCE(REFERENCEID, REFTYPE, REFDESC, PARENTID, REFINDEX, DESCRIPTION, CREATEDBYID, UPDATEDBYID, DATECREATED, DATEUPDATED) VALUES (3005, 'GoodsCategoryOne', 'referenceValueGoodsCategoryOne3005', 0, 4, '', 1, 1, current_date, current_date);
INSERT INTO REFERENCE(REFERENCEID, REFTYPE, REFDESC, PARENTID, REFINDEX, DESCRIPTION, CREATEDBYID, UPDATEDBYID, DATECREATED, DATEUPDATED) VALUES (3006, 'GoodsCategoryOne', 'referenceValueGoodsCategoryOne3006', 0, 5, '', 1, 1, current_date, current_date);
INSERT INTO REFERENCE(REFERENCEID, REFTYPE, REFDESC, PARENTID, REFINDEX, DESCRIPTION, CREATEDBYID, UPDATEDBYID, DATECREATED, DATEUPDATED) VALUES (3007, 'GoodsCategoryOne', 'referenceValueGoodsCategoryOne3007', 0, 6, '', 1, 1, current_date, current_date);
INSERT INTO REFERENCE(REFERENCEID, REFTYPE, REFDESC, PARENTID, REFINDEX, DESCRIPTION, CREATEDBYID, UPDATEDBYID, DATECREATED, DATEUPDATED) VALUES (3008, 'GoodsCategoryOne', 'referenceValueGoodsCategoryOne3008', 0, 7, '', 1, 1, current_date, current_date);
INSERT INTO REFERENCE(REFERENCEID, REFTYPE, REFDESC, PARENTID, REFINDEX, DESCRIPTION, CREATEDBYID, UPDATEDBYID, DATECREATED, DATEUPDATED) VALUES (3009, 'GoodsCategoryOne', 'referenceValueGoodsCategoryOne3009', 0, 8, '', 1, 1, current_date, current_date);
INSERT INTO REFERENCE(REFERENCEID, REFTYPE, REFDESC, PARENTID, REFINDEX, DESCRIPTION, CREATEDBYID, UPDATEDBYID, DATECREATED, DATEUPDATED) VALUES (3010, 'GoodsCategoryOne', 'referenceValueGoodsCategoryOne3010', 0, 9, '', 1, 1, current_date, current_date);
INSERT INTO REFERENCE(REFERENCEID, REFTYPE, REFDESC, PARENTID, REFINDEX, DESCRIPTION, CREATEDBYID, UPDATEDBYID, DATECREATED, DATEUPDATED) VALUES (4000, 'GoodsCategoryTwo', 'referenceValueGoodsCategoryTwo4000', 3000, 1, '', 1, 1, current_date, current_date);
INSERT INTO REFERENCE(REFERENCEID, REFTYPE, REFDESC, PARENTID, REFINDEX, DESCRIPTION, CREATEDBYID, UPDATEDBYID, DATECREATED, DATEUPDATED) VALUES (4001, 'GoodsCategoryTwo', 'referenceValueGoodsCategoryTwo4001', 3000, 2, '', 1, 1, current_date, current_date);
INSERT INTO REFERENCE(REFERENCEID, REFTYPE, REFDESC, PARENTID, REFINDEX, DESCRIPTION, CREATEDBYID, UPDATEDBYID, DATECREATED, DATEUPDATED) VALUES (4002, 'GoodsCategoryTwo', 'referenceValueGoodsCategoryTwo4002', 3000, 3, '', 1, 1, current_date, current_date);
INSERT INTO REFERENCE(REFERENCEID, REFTYPE, REFDESC, PARENTID, REFINDEX, DESCRIPTION, CREATEDBYID, UPDATEDBYID, DATECREATED, DATEUPDATED) VALUES (4003, 'GoodsCategoryTwo', 'referenceValueGoodsCategoryTwo4003', 3000, 4, '', 1, 1, current_date, current_date);
INSERT INTO REFERENCE(REFERENCEID, REFTYPE, REFDESC, PARENTID, REFINDEX, DESCRIPTION, CREATEDBYID, UPDATEDBYID, DATECREATED, DATEUPDATED) VALUES (4004, 'GoodsCategoryTwo', 'referenceValueGoodsCategoryTwo4004', 3000, 5, '', 1, 1, current_date, current_date);
INSERT INTO REFERENCE(REFERENCEID, REFTYPE, REFDESC, PARENTID, REFINDEX, DESCRIPTION, CREATEDBYID, UPDATEDBYID, DATECREATED, DATEUPDATED) VALUES (4005, 'GoodsCategoryTwo', 'referenceValueGoodsCategoryTwo4005', 3000, 6, '', 1, 1, current_date, current_date);
INSERT INTO REFERENCE(REFERENCEID, REFTYPE, REFDESC, PARENTID, REFINDEX, DESCRIPTION, CREATEDBYID, UPDATEDBYID, DATECREATED, DATEUPDATED) VALUES (4006, 'GoodsCategoryTwo', 'referenceValueGoodsCategoryTwo4006', 3000, 7, '', 1, 1, current_date, current_date);
INSERT INTO REFERENCE(REFERENCEID, REFTYPE, REFDESC, PARENTID, REFINDEX, DESCRIPTION, CREATEDBYID, UPDATEDBYID, DATECREATED, DATEUPDATED) VALUES (4007, 'GoodsCategoryTwo', 'referenceValueGoodsCategoryTwo4007', 3001, 8, '', 1, 1, current_date, current_date);
INSERT INTO REFERENCE(REFERENCEID, REFTYPE, REFDESC, PARENTID, REFINDEX, DESCRIPTION, CREATEDBYID, UPDATEDBYID, DATECREATED, DATEUPDATED) VALUES (4008, 'GoodsCategoryTwo', 'referenceValueGoodsCategoryTwo4008', 3001, 9, '', 1, 1, current_date, current_date);
INSERT INTO REFERENCE(REFERENCEID, REFTYPE, REFDESC, PARENTID, REFINDEX, DESCRIPTION, CREATEDBYID, UPDATEDBYID, DATECREATED, DATEUPDATED) VALUES (4010, 'GoodsCategoryTwo', 'referenceValueGoodsCategoryTwo4010', 3001, 11, '', 1, 1, current_date, current_date);
INSERT INTO REFERENCE(REFERENCEID, REFTYPE, REFDESC, PARENTID, REFINDEX, DESCRIPTION, CREATEDBYID, UPDATEDBYID, DATECREATED, DATEUPDATED) VALUES (4011, 'GoodsCategoryTwo', 'referenceValueGoodsCategoryTwo4011', 3002, 11, '', 1, 1, current_date, current_date);
INSERT INTO REFERENCE(REFERENCEID, REFTYPE, REFDESC, PARENTID, REFINDEX, DESCRIPTION, CREATEDBYID, UPDATEDBYID, DATECREATED, DATEUPDATED) VALUES (4012, 'GoodsCategoryTwo', 'referenceValueGoodsCategoryTwo4012', 3002, 13, '', 1, 1, current_date, current_date);
INSERT INTO REFERENCE(REFERENCEID, REFTYPE, REFDESC, PARENTID, REFINDEX, DESCRIPTION, CREATEDBYID, UPDATEDBYID, DATECREATED, DATEUPDATED) VALUES (4014, 'GoodsCategoryTwo', 'referenceValueGoodsCategoryTwo4014', 3002, 15, '', 1, 1, current_date, current_date);
INSERT INTO REFERENCE(REFERENCEID, REFTYPE, REFDESC, PARENTID, REFINDEX, DESCRIPTION, CREATEDBYID, UPDATEDBYID, DATECREATED, DATEUPDATED) VALUES (4016, 'GoodsCategoryTwo', 'referenceValueGoodsCategoryTwo4016', 3003, 17, '', 1, 1, current_date, current_date);
INSERT INTO REFERENCE(REFERENCEID, REFTYPE, REFDESC, PARENTID, REFINDEX, DESCRIPTION, CREATEDBYID, UPDATEDBYID, DATECREATED, DATEUPDATED) VALUES (4017, 'GoodsCategoryTwo', 'referenceValueGoodsCategoryTwo4017', 3003, 18, '', 1, 1, current_date, current_date);
INSERT INTO REFERENCE(REFERENCEID, REFTYPE, REFDESC, PARENTID, REFINDEX, DESCRIPTION, CREATEDBYID, UPDATEDBYID, DATECREATED, DATEUPDATED) VALUES (4018, 'GoodsCategoryTwo', 'referenceValueGoodsCategoryTwo4018', 3003, 19, '', 1, 1, current_date, current_date);
INSERT INTO REFERENCE(REFERENCEID, REFTYPE, REFDESC, PARENTID, REFINDEX, DESCRIPTION, CREATEDBYID, UPDATEDBYID, DATECREATED, DATEUPDATED) VALUES (4019, 'GoodsCategoryTwo', 'referenceValueGoodsCategoryTwo4019', 3003, 20, '', 1, 1, current_date, current_date);
INSERT INTO REFERENCE(REFERENCEID, REFTYPE, REFDESC, PARENTID, REFINDEX, DESCRIPTION, CREATEDBYID, UPDATEDBYID, DATECREATED, DATEUPDATED) VALUES (4020, 'GoodsCategoryTwo', 'referenceValueGoodsCategoryTwo4020', 3006, 21, '', 1, 1, current_date, current_date);
INSERT INTO REFERENCE(REFERENCEID, REFTYPE, REFDESC, PARENTID, REFINDEX, DESCRIPTION, CREATEDBYID, UPDATEDBYID, DATECREATED, DATEUPDATED) VALUES (4021, 'GoodsCategoryTwo', 'referenceValueGoodsCategoryTwo4021', 3006, 22, '', 1, 1, current_date, current_date);
INSERT INTO REFERENCE(REFERENCEID, REFTYPE, REFDESC, PARENTID, REFINDEX, DESCRIPTION, CREATEDBYID, UPDATEDBYID, DATECREATED, DATEUPDATED) VALUES (4022, 'GoodsCategoryTwo', 'referenceValueGoodsCategoryTwo4022', 3006, 23, '', 1, 1, current_date, current_date);
INSERT INTO REFERENCE(REFERENCEID, REFTYPE, REFDESC, PARENTID, REFINDEX, DESCRIPTION, CREATEDBYID, UPDATEDBYID, DATECREATED, DATEUPDATED) VALUES (4023, 'GoodsCategoryTwo', 'referenceValueGoodsCategoryTwo4023', 3006, 24, '', 1, 1, current_date, current_date);
INSERT INTO REFERENCE(REFERENCEID, REFTYPE, REFDESC, PARENTID, REFINDEX, DESCRIPTION, CREATEDBYID, UPDATEDBYID, DATECREATED, DATEUPDATED) VALUES (4024, 'GoodsCategoryTwo', 'referenceValueGoodsCategoryTwo4024', 3006, 25, '', 1, 1, current_date, current_date);
INSERT INTO REFERENCE(REFERENCEID, REFTYPE, REFDESC, PARENTID, REFINDEX, DESCRIPTION, CREATEDBYID, UPDATEDBYID, DATECREATED, DATEUPDATED) VALUES (4025, 'GoodsCategoryTwo', 'referenceValueGoodsCategoryTwo4025', 3006, 26, '', 1, 1, current_date, current_date);
INSERT INTO REFERENCE(REFERENCEID, REFTYPE, REFDESC, PARENTID, REFINDEX, DESCRIPTION, CREATEDBYID, UPDATEDBYID, DATECREATED, DATEUPDATED) VALUES (4027, 'GoodsCategoryTwo', 'referenceValueGoodsCategoryTwo4027', 3006, 28, '', 1, 1, current_date, current_date);
INSERT INTO REFERENCE(REFERENCEID, REFTYPE, REFDESC, PARENTID, REFINDEX, DESCRIPTION, CREATEDBYID, UPDATEDBYID, DATECREATED, DATEUPDATED) VALUES (4028, 'GoodsCategoryTwo', 'referenceValueGoodsCategoryTwo4028', 3006, 29, '', 1, 1, current_date, current_date);
INSERT INTO REFERENCE(REFERENCEID, REFTYPE, REFDESC, PARENTID, REFINDEX, DESCRIPTION, CREATEDBYID, UPDATEDBYID, DATECREATED, DATEUPDATED) VALUES (4029, 'GoodsCategoryTwo', 'referenceValueGoodsCategoryTwo4029', 3006, 30, '', 1, 1, current_date, current_date);
INSERT INTO REFERENCE(REFERENCEID, REFTYPE, REFDESC, PARENTID, REFINDEX, DESCRIPTION, CREATEDBYID, UPDATEDBYID, DATECREATED, DATEUPDATED) VALUES (4030, 'GoodsCategoryTwo', 'referenceValueGoodsCategoryTwo4030', 3006, 31, '', 1, 1, current_date, current_date);
INSERT INTO REFERENCE(REFERENCEID, REFTYPE, REFDESC, PARENTID, REFINDEX, DESCRIPTION, CREATEDBYID, UPDATEDBYID, DATECREATED, DATEUPDATED) VALUES (4031, 'GoodsCategoryTwo', 'referenceValueGoodsCategoryTwo4031', 3007, 32, '', 1, 1, current_date, current_date);
INSERT INTO REFERENCE(REFERENCEID, REFTYPE, REFDESC, PARENTID, REFINDEX, DESCRIPTION, CREATEDBYID, UPDATEDBYID, DATECREATED, DATEUPDATED) VALUES (4032, 'GoodsCategoryTwo', 'referenceValueGoodsCategoryTwo4032', 3007, 33, '', 1, 1, current_date, current_date);
INSERT INTO REFERENCE(REFERENCEID, REFTYPE, REFDESC, PARENTID, REFINDEX, DESCRIPTION, CREATEDBYID, UPDATEDBYID, DATECREATED, DATEUPDATED) VALUES (4033, 'GoodsCategoryTwo', 'referenceValueGoodsCategoryTwo4033', 3007, 34, '', 1, 1, current_date, current_date);
INSERT INTO REFERENCE(REFERENCEID, REFTYPE, REFDESC, PARENTID, REFINDEX, DESCRIPTION, CREATEDBYID, UPDATEDBYID, DATECREATED, DATEUPDATED) VALUES (4034, 'GoodsCategoryTwo', 'referenceValueGoodsCategoryTwo4034', 3007, 35, '', 1, 1, current_date, current_date);
INSERT INTO REFERENCE(REFERENCEID, REFTYPE, REFDESC, PARENTID, REFINDEX, DESCRIPTION, CREATEDBYID, UPDATEDBYID, DATECREATED, DATEUPDATED) VALUES (4035, 'GoodsCategoryTwo', 'referenceValueGoodsCategoryTwo4035', 3007, 36, '', 1, 1, current_date, current_date);
INSERT INTO REFERENCE(REFERENCEID, REFTYPE, REFDESC, PARENTID, REFINDEX, DESCRIPTION, CREATEDBYID, UPDATEDBYID, DATECREATED, DATEUPDATED) VALUES (4036, 'GoodsCategoryTwo', 'referenceValueGoodsCategoryTwo4036', 3008, 37, '', 1, 1, current_date, current_date);
INSERT INTO REFERENCE(REFERENCEID, REFTYPE, REFDESC, PARENTID, REFINDEX, DESCRIPTION, CREATEDBYID, UPDATEDBYID, DATECREATED, DATEUPDATED) VALUES (4037, 'GoodsCategoryTwo', 'referenceValueGoodsCategoryTwo4037', 3008, 38, '', 1, 1, current_date, current_date);
INSERT INTO REFERENCE(REFERENCEID, REFTYPE, REFDESC, PARENTID, REFINDEX, DESCRIPTION, CREATEDBYID, UPDATEDBYID, DATECREATED, DATEUPDATED) VALUES (4038, 'GoodsCategoryTwo', 'referenceValueGoodsCategoryTwo4038', 3008, 39, '', 1, 1, current_date, current_date);
INSERT INTO REFERENCE(REFERENCEID, REFTYPE, REFDESC, PARENTID, REFINDEX, DESCRIPTION, CREATEDBYID, UPDATEDBYID, DATECREATED, DATEUPDATED) VALUES (4039, 'GoodsCategoryTwo', 'referenceValueGoodsCategoryTwo4039', 3008, 40, '', 1, 1, current_date, current_date);
INSERT INTO REFERENCE(REFERENCEID, REFTYPE, REFDESC, PARENTID, REFINDEX, DESCRIPTION, CREATEDBYID, UPDATEDBYID, DATECREATED, DATEUPDATED) VALUES (4040, 'GoodsCategoryTwo', 'referenceValueGoodsCategoryTwo4040', 3008, 41, '', 1, 1, current_date, current_date);
INSERT INTO REFERENCE(REFERENCEID, REFTYPE, REFDESC, PARENTID, REFINDEX, DESCRIPTION, CREATEDBYID, UPDATEDBYID, DATECREATED, DATEUPDATED) VALUES (4041, 'GoodsCategoryTwo', 'referenceValueGoodsCategoryTwo4041', 3008, 42, '', 1, 1, current_date, current_date);
INSERT INTO REFERENCE(REFERENCEID, REFTYPE, REFDESC, PARENTID, REFINDEX, DESCRIPTION, CREATEDBYID, UPDATEDBYID, DATECREATED, DATEUPDATED) VALUES (4042, 'GoodsCategoryTwo', 'referenceValueGoodsCategoryTwo4042', 3008, 43, '', 1, 1, current_date, current_date);
INSERT INTO REFERENCE(REFERENCEID, REFTYPE, REFDESC, PARENTID, REFINDEX, DESCRIPTION, CREATEDBYID, UPDATEDBYID, DATECREATED, DATEUPDATED) VALUES (4043, 'GoodsCategoryTwo', 'referenceValueGoodsCategoryTwo4043', 3008, 44, '', 1, 1, current_date, current_date);
INSERT INTO REFERENCE(REFERENCEID, REFTYPE, REFDESC, PARENTID, REFINDEX, DESCRIPTION, CREATEDBYID, UPDATEDBYID, DATECREATED, DATEUPDATED) VALUES (4044, 'GoodsCategoryTwo', 'referenceValueGoodsCategoryTwo4044', 3008, 45, '', 1, 1, current_date, current_date);
INSERT INTO REFERENCE(REFERENCEID, REFTYPE, REFDESC, PARENTID, REFINDEX, DESCRIPTION, CREATEDBYID, UPDATEDBYID, DATECREATED, DATEUPDATED) VALUES (4045, 'GoodsCategoryTwo', 'referenceValueGoodsCategoryTwo4045', 3009, 50, '', 1, 1, current_date, current_date);
INSERT INTO REFERENCE(REFERENCEID, REFTYPE, REFDESC, PARENTID, REFINDEX, DESCRIPTION, CREATEDBYID, UPDATEDBYID, DATECREATED, DATEUPDATED) VALUES (4046, 'GoodsCategoryTwo', 'referenceValueGoodsCategoryTwo4046', 3009, 51, '', 1, 1, current_date, current_date);
INSERT INTO REFERENCE(REFERENCEID, REFTYPE, REFDESC, PARENTID, REFINDEX, DESCRIPTION, CREATEDBYID, UPDATEDBYID, DATECREATED, DATEUPDATED) VALUES (4047, 'GoodsCategoryTwo', 'referenceValueGoodsCategoryTwo4047', 3009, 52, '', 1, 1, current_date, current_date);
INSERT INTO REFERENCE(REFERENCEID, REFTYPE, REFDESC, PARENTID, REFINDEX, DESCRIPTION, CREATEDBYID, UPDATEDBYID, DATECREATED, DATEUPDATED) VALUES (4048, 'GoodsCategoryTwo', 'referenceValueGoodsCategoryTwo4048', 3010, 53, '', 1, 1, current_date, current_date);
INSERT INTO REFERENCE(REFERENCEID, REFTYPE, REFDESC, PARENTID, REFINDEX, DESCRIPTION, CREATEDBYID, UPDATEDBYID, DATECREATED, DATEUPDATED) VALUES (4049, 'GoodsCategoryTwo', 'referenceValueGoodsCategoryTwo4049', 3010, 54, '', 1, 1, current_date, current_date);
INSERT INTO REFERENCE(REFERENCEID, REFTYPE, REFDESC, PARENTID, REFINDEX, DESCRIPTION, CREATEDBYID, UPDATEDBYID, DATECREATED, DATEUPDATED) VALUES (4050, 'GoodsCategoryTwo', 'referenceValueGoodsCategoryTwo4050', 3010, 55, '', 1, 1, current_date, current_date);
INSERT INTO REFERENCE(REFERENCEID, REFTYPE, REFDESC, PARENTID, REFINDEX, DESCRIPTION, CREATEDBYID, UPDATEDBYID, DATECREATED, DATEUPDATED) VALUES (4051, 'GoodsCategoryTwo', 'referenceValueGoodsCategoryTwo4051', 3010, 56, '', 1, 1, current_date, current_date);
INSERT INTO REFERENCE(REFERENCEID, REFTYPE, REFDESC, PARENTID, REFINDEX, DESCRIPTION, CREATEDBYID, UPDATEDBYID, DATECREATED, DATEUPDATED) VALUES (4052, 'GoodsCategoryTwo', 'referenceValueGoodsCategoryTwo4052', 3010, 57, '', 1, 1, current_date, current_date);
INSERT INTO REFERENCE(REFERENCEID, REFTYPE, REFDESC, PARENTID, REFINDEX, DESCRIPTION, CREATEDBYID, UPDATEDBYID, DATECREATED, DATEUPDATED) VALUES (4053, 'GoodsCategoryTwo', 'referenceValueGoodsCategoryTwo4053', 3010, 58, '', 1, 1, current_date, current_date);
INSERT INTO REFERENCE(REFERENCEID, REFTYPE, REFDESC, PARENTID, REFINDEX, DESCRIPTION, CREATEDBYID, UPDATEDBYID, DATECREATED, DATEUPDATED) VALUES (5000, 'GoodsCategoryThree', 'referenceValueGoodsCategoryThree5000', 4017, 1, '', 1, 1, current_date, current_date);
INSERT INTO REFERENCE(REFERENCEID, REFTYPE, REFDESC, PARENTID, REFINDEX, DESCRIPTION, CREATEDBYID, UPDATEDBYID, DATECREATED, DATEUPDATED) VALUES (5001, 'GoodsCategoryThree', 'referenceValueGoodsCategoryThree5001', 4017, 2, '', 1, 1, current_date, current_date);
INSERT INTO REFERENCE(REFERENCEID, REFTYPE, REFDESC, PARENTID, REFINDEX, DESCRIPTION, CREATEDBYID, UPDATEDBYID, DATECREATED, DATEUPDATED) VALUES (5002, 'GoodsCategoryThree', 'referenceValueGoodsCategoryThree5002', 4017, 3, '', 1, 1, current_date, current_date);
INSERT INTO REFERENCE(REFERENCEID, REFTYPE, REFDESC, PARENTID, REFINDEX, DESCRIPTION, CREATEDBYID, UPDATEDBYID, DATECREATED, DATEUPDATED) VALUES (5003, 'GoodsCategoryThree', 'referenceValueGoodsCategoryThree5003', 4017, 4, '', 1, 1, current_date, current_date);
INSERT INTO REFERENCE(REFERENCEID, REFTYPE, REFDESC, PARENTID, REFINDEX, DESCRIPTION, CREATEDBYID, UPDATEDBYID, DATECREATED, DATEUPDATED) VALUES (5004, 'GoodsCategoryThree', 'referenceValueGoodsCategoryThree5004', 4017, 5, '', 1, 1, current_date, current_date);
INSERT INTO REFERENCE(REFERENCEID, REFTYPE, REFDESC, PARENTID, REFINDEX, DESCRIPTION, CREATEDBYID, UPDATEDBYID, DATECREATED, DATEUPDATED) VALUES (5005, 'GoodsCategoryThree', 'referenceValueGoodsCategoryThree5005', 4017, 6, '', 1, 1, current_date, current_date);
INSERT INTO REFERENCE(REFERENCEID, REFTYPE, REFDESC, PARENTID, REFINDEX, DESCRIPTION, CREATEDBYID, UPDATEDBYID, DATECREATED, DATEUPDATED) VALUES (5006, 'GoodsCategoryThree', 'referenceValueGoodsCategoryThree5006', 4017, 7, '', 1, 1, current_date, current_date);
INSERT INTO REFERENCE(REFERENCEID, REFTYPE, REFDESC, PARENTID, REFINDEX, DESCRIPTION, CREATEDBYID, UPDATEDBYID, DATECREATED, DATEUPDATED) VALUES (5007, 'GoodsCategoryThree', 'referenceValueGoodsCategoryThree5007', 4017, 8, '', 1, 1, current_date, current_date);
INSERT INTO REFERENCE(REFERENCEID, REFTYPE, REFDESC, PARENTID, REFINDEX, DESCRIPTION, CREATEDBYID, UPDATEDBYID, DATECREATED, DATEUPDATED) VALUES (5008, 'GoodsCategoryThree', 'referenceValueGoodsCategoryThree5008', 4017, 9, '', 1, 1, current_date, current_date);
INSERT INTO REFERENCE(REFERENCEID, REFTYPE, REFDESC, PARENTID, REFINDEX, DESCRIPTION, CREATEDBYID, UPDATEDBYID, DATECREATED, DATEUPDATED) VALUES (5009, 'GoodsCategoryThree', 'referenceValueGoodsCategoryThree5009', 4017, 10, '', 1, 1, current_date, current_date);
INSERT INTO REFERENCE(REFERENCEID, REFTYPE, REFDESC, PARENTID, REFINDEX, DESCRIPTION, CREATEDBYID, UPDATEDBYID, DATECREATED, DATEUPDATED) VALUES (5010, 'GoodsCategoryThree', 'referenceValueGoodsCategoryThree5010', 4017, 11, '', 1, 1, current_date, current_date);
INSERT INTO REFERENCE(REFERENCEID, REFTYPE, REFDESC, PARENTID, REFINDEX, DESCRIPTION, CREATEDBYID, UPDATEDBYID, DATECREATED, DATEUPDATED) VALUES (5011, 'GoodsCategoryThree', 'referenceValueGoodsCategoryThree5011', 4017, 12, '', 1, 1, current_date, current_date);
INSERT INTO REFERENCE(REFERENCEID, REFTYPE, REFDESC, PARENTID, REFINDEX, DESCRIPTION, CREATEDBYID, UPDATEDBYID, DATECREATED, DATEUPDATED) VALUES (5012, 'GoodsCategoryThree', 'referenceValueGoodsCategoryThree5012', 4018, 13, '', 1, 1, current_date, current_date);
INSERT INTO REFERENCE(REFERENCEID, REFTYPE, REFDESC, PARENTID, REFINDEX, DESCRIPTION, CREATEDBYID, UPDATEDBYID, DATECREATED, DATEUPDATED) VALUES (5013, 'GoodsCategoryThree', 'referenceValueGoodsCategoryThree5013', 4018, 14, '', 1, 1, current_date, current_date);
INSERT INTO REFERENCE(REFERENCEID, REFTYPE, REFDESC, PARENTID, REFINDEX, DESCRIPTION, CREATEDBYID, UPDATEDBYID, DATECREATED, DATEUPDATED) VALUES (5014, 'GoodsCategoryThree', 'referenceValueGoodsCategoryThree5014', 4018, 15, '', 1, 1, current_date, current_date);
INSERT INTO REFERENCE(REFERENCEID, REFTYPE, REFDESC, PARENTID, REFINDEX, DESCRIPTION, CREATEDBYID, UPDATEDBYID, DATECREATED, DATEUPDATED) VALUES (5015, 'GoodsCategoryThree', 'referenceValueGoodsCategoryThree5015', 4018, 16, '', 1, 1, current_date, current_date);
INSERT INTO REFERENCE(REFERENCEID, REFTYPE, REFDESC, PARENTID, REFINDEX, DESCRIPTION, CREATEDBYID, UPDATEDBYID, DATECREATED, DATEUPDATED) VALUES (5016, 'GoodsCategoryThree', 'referenceValueGoodsCategoryThree5016', 4018, 17, '', 1, 1, current_date, current_date);
INSERT INTO REFERENCE(REFERENCEID, REFTYPE, REFDESC, PARENTID, REFINDEX, DESCRIPTION, CREATEDBYID, UPDATEDBYID, DATECREATED, DATEUPDATED) VALUES (5017, 'GoodsCategoryThree', 'referenceValueGoodsCategoryThree5017', 4018, 18, '', 1, 1, current_date, current_date);
INSERT INTO REFERENCE(REFERENCEID, REFTYPE, REFDESC, PARENTID, REFINDEX, DESCRIPTION, CREATEDBYID, UPDATEDBYID, DATECREATED, DATEUPDATED) VALUES (5018, 'GoodsCategoryThree', 'referenceValueGoodsCategoryThree5018', 4018, 19, '', 1, 1, current_date, current_date);
INSERT INTO REFERENCE(REFERENCEID, REFTYPE, REFDESC, PARENTID, REFINDEX, DESCRIPTION, CREATEDBYID, UPDATEDBYID, DATECREATED, DATEUPDATED) VALUES (5019, 'GoodsCategoryThree', 'referenceValueGoodsCategoryThree5019', 4018, 20, '', 1, 1, current_date, current_date);
INSERT INTO REFERENCE(REFERENCEID, REFTYPE, REFDESC, PARENTID, REFINDEX, DESCRIPTION, CREATEDBYID, UPDATEDBYID, DATECREATED, DATEUPDATED) VALUES (5020, 'GoodsCategoryThree', 'referenceValueGoodsCategoryThree5020', 4018, 21, '', 1, 1, current_date, current_date);
INSERT INTO REFERENCE(REFERENCEID, REFTYPE, REFDESC, PARENTID, REFINDEX, DESCRIPTION, CREATEDBYID, UPDATEDBYID, DATECREATED, DATEUPDATED) VALUES (5021, 'GoodsCategoryThree', 'referenceValueGoodsCategoryThree5021', 4018, 22, '', 1, 1, current_date, current_date);
INSERT INTO REFERENCE(REFERENCEID, REFTYPE, REFDESC, PARENTID, REFINDEX, DESCRIPTION, CREATEDBYID, UPDATEDBYID, DATECREATED, DATEUPDATED) VALUES (5022, 'GoodsCategoryThree', 'referenceValueGoodsCategoryThree5022', 4018, 23, '', 1, 1, current_date, current_date);
INSERT INTO REFERENCE(REFERENCEID, REFTYPE, REFDESC, PARENTID, REFINDEX, DESCRIPTION, CREATEDBYID, UPDATEDBYID, DATECREATED, DATEUPDATED) VALUES (5023, 'GoodsCategoryThree', 'referenceValueGoodsCategoryThree5023', 4018, 24, '', 1, 1, current_date, current_date);
INSERT INTO REFERENCE(REFERENCEID, REFTYPE, REFDESC, PARENTID, REFINDEX, DESCRIPTION, CREATEDBYID, UPDATEDBYID, DATECREATED, DATEUPDATED) VALUES (5024, 'GoodsCategoryThree', 'referenceValueGoodsCategoryThree5024', 4019, 25, '', 1, 1, current_date, current_date);
INSERT INTO REFERENCE(REFERENCEID, REFTYPE, REFDESC, PARENTID, REFINDEX, DESCRIPTION, CREATEDBYID, UPDATEDBYID, DATECREATED, DATEUPDATED) VALUES (5025, 'GoodsCategoryThree', 'referenceValueGoodsCategoryThree5025', 4019, 26, '', 1, 1, current_date, current_date);
INSERT INTO REFERENCE(REFERENCEID, REFTYPE, REFDESC, PARENTID, REFINDEX, DESCRIPTION, CREATEDBYID, UPDATEDBYID, DATECREATED, DATEUPDATED) VALUES (5026, 'GoodsCategoryThree', 'referenceValueGoodsCategoryThree5026', 4019, 27, '', 1, 1, current_date, current_date);
INSERT INTO REFERENCE(REFERENCEID, REFTYPE, REFDESC, PARENTID, REFINDEX, DESCRIPTION, CREATEDBYID, UPDATEDBYID, DATECREATED, DATEUPDATED) VALUES (5027, 'GoodsCategoryThree', 'referenceValueGoodsCategoryThree5027', 4019, 28, '', 1, 1, current_date, current_date);
INSERT INTO REFERENCE(REFERENCEID, REFTYPE, REFDESC, PARENTID, REFINDEX, DESCRIPTION, CREATEDBYID, UPDATEDBYID, DATECREATED, DATEUPDATED) VALUES (5028, 'GoodsCategoryThree', 'referenceValueGoodsCategoryThree5028', 4019, 29, '', 1, 1, current_date, current_date);
INSERT INTO REFERENCE(REFERENCEID, REFTYPE, REFDESC, PARENTID, REFINDEX, DESCRIPTION, CREATEDBYID, UPDATEDBYID, DATECREATED, DATEUPDATED) VALUES (5029, 'GoodsCategoryThree', 'referenceValueGoodsCategoryThree5029', 4019, 30, '', 1, 1, current_date, current_date);
INSERT INTO REFERENCE(REFERENCEID, REFTYPE, REFDESC, PARENTID, REFINDEX, DESCRIPTION, CREATEDBYID, UPDATEDBYID, DATECREATED, DATEUPDATED) VALUES (5030, 'GoodsCategoryThree', 'referenceValueGoodsCategoryThree5030', 4019, 31, '', 1, 1, current_date, current_date);
INSERT INTO REFERENCE(REFERENCEID, REFTYPE, REFDESC, PARENTID, REFINDEX, DESCRIPTION, CREATEDBYID, UPDATEDBYID, DATECREATED, DATEUPDATED) VALUES (5031, 'GoodsCategoryThree', 'referenceValueGoodsCategoryThree5031', 4008, 32, '', 1, 1, current_date, current_date);
INSERT INTO REFERENCE(REFERENCEID, REFTYPE, REFDESC, PARENTID, REFINDEX, DESCRIPTION, CREATEDBYID, UPDATEDBYID, DATECREATED, DATEUPDATED) VALUES (5032, 'GoodsCategoryThree', 'referenceValueGoodsCategoryThree5032', 4008, 33, '', 1, 1, current_date, current_date);
INSERT INTO REFERENCE(REFERENCEID, REFTYPE, REFDESC, PARENTID, REFINDEX, DESCRIPTION, CREATEDBYID, UPDATEDBYID, DATECREATED, DATEUPDATED) VALUES (5033, 'GoodsCategoryThree', 'referenceValueGoodsCategoryThree5033', 4008, 34, '', 1, 1, current_date, current_date);
INSERT INTO REFERENCE(REFERENCEID, REFTYPE, REFDESC, PARENTID, REFINDEX, DESCRIPTION, CREATEDBYID, UPDATEDBYID, DATECREATED, DATEUPDATED) VALUES (5034, 'GoodsCategoryThree', 'referenceValueGoodsCategoryThree5034', 4010, 35, '', 1, 1, current_date, current_date);
INSERT INTO REFERENCE(REFERENCEID, REFTYPE, REFDESC, PARENTID, REFINDEX, DESCRIPTION, CREATEDBYID, UPDATEDBYID, DATECREATED, DATEUPDATED) VALUES (5035, 'GoodsCategoryThree', 'referenceValueGoodsCategoryThree5035', 4010, 36, '', 1, 1, current_date, current_date);
INSERT INTO REFERENCE(REFERENCEID, REFTYPE, REFDESC, PARENTID, REFINDEX, DESCRIPTION, CREATEDBYID, UPDATEDBYID, DATECREATED, DATEUPDATED) VALUES (5036, 'GoodsCategoryThree', 'referenceValueGoodsCategoryThree5036', 4010, 37, '', 1, 1, current_date, current_date);
INSERT INTO REFERENCE(REFERENCEID, REFTYPE, REFDESC, PARENTID, REFINDEX, DESCRIPTION, CREATEDBYID, UPDATEDBYID, DATECREATED, DATEUPDATED) VALUES (5037, 'GoodsCategoryThree', 'referenceValueGoodsCategoryThree5037', 4012, 38, '', 1, 1, current_date, current_date);
INSERT INTO REFERENCE(REFERENCEID, REFTYPE, REFDESC, PARENTID, REFINDEX, DESCRIPTION, CREATEDBYID, UPDATEDBYID, DATECREATED, DATEUPDATED) VALUES (5038, 'GoodsCategoryThree', 'referenceValueGoodsCategoryThree5038', 4012, 39, '', 1, 1, current_date, current_date);
INSERT INTO REFERENCE(REFERENCEID, REFTYPE, REFDESC, PARENTID, REFINDEX, DESCRIPTION, CREATEDBYID, UPDATEDBYID, DATECREATED, DATEUPDATED) VALUES (5039, 'GoodsCategoryThree', 'referenceValueGoodsCategoryThree5039', 4012, 40, '', 1, 1, current_date, current_date);
INSERT INTO REFERENCE(REFERENCEID, REFTYPE, REFDESC, PARENTID, REFINDEX, DESCRIPTION, CREATEDBYID, UPDATEDBYID, DATECREATED, DATEUPDATED) VALUES (5040, 'GoodsCategoryThree', 'referenceValueGoodsCategoryThree5040', 4014, 41, '', 1, 1, current_date, current_date);
INSERT INTO REFERENCE(REFERENCEID, REFTYPE, REFDESC, PARENTID, REFINDEX, DESCRIPTION, CREATEDBYID, UPDATEDBYID, DATECREATED, DATEUPDATED) VALUES (5041, 'GoodsCategoryThree', 'referenceValueGoodsCategoryThree5041', 4014, 42, '', 1, 1, current_date, current_date);
INSERT INTO REFERENCE(REFERENCEID, REFTYPE, REFDESC, PARENTID, REFINDEX, DESCRIPTION, CREATEDBYID, UPDATEDBYID, DATECREATED, DATEUPDATED) VALUES (5042, 'GoodsCategoryThree', 'referenceValueGoodsCategoryThree5042', 4014, 43, '', 1, 1, current_date, current_date);
INSERT INTO REFERENCE(REFERENCEID, REFTYPE, REFDESC, PARENTID, REFINDEX, DESCRIPTION, CREATEDBYID, UPDATEDBYID, DATECREATED, DATEUPDATED) VALUES (5043, 'GoodsCategoryThree', 'referenceValueGoodsCategoryThree5043', 4025, 44, '', 1, 1, current_date, current_date);
INSERT INTO REFERENCE(REFERENCEID, REFTYPE, REFDESC, PARENTID, REFINDEX, DESCRIPTION, CREATEDBYID, UPDATEDBYID, DATECREATED, DATEUPDATED) VALUES (5044, 'GoodsCategoryThree', 'referenceValueGoodsCategoryThree5044', 4025, 45, '', 1, 1, current_date, current_date);
INSERT INTO REFERENCE(REFERENCEID, REFTYPE, REFDESC, PARENTID, REFINDEX, DESCRIPTION, CREATEDBYID, UPDATEDBYID, DATECREATED, DATEUPDATED) VALUES (5045, 'GoodsCategoryThree', 'referenceValueGoodsCategoryThree5045', 4025, 46, '', 1, 1, current_date, current_date);
INSERT INTO REFERENCE(REFERENCEID, REFTYPE, REFDESC, PARENTID, REFINDEX, DESCRIPTION, CREATEDBYID, UPDATEDBYID, DATECREATED, DATEUPDATED) VALUES (5046, 'GoodsCategoryThree', 'referenceValueGoodsCategoryThree5046', 4027, 47, '', 1, 1, current_date, current_date);
INSERT INTO REFERENCE(REFERENCEID, REFTYPE, REFDESC, PARENTID, REFINDEX, DESCRIPTION, CREATEDBYID, UPDATEDBYID, DATECREATED, DATEUPDATED) VALUES (5047, 'GoodsCategoryThree', 'referenceValueGoodsCategoryThree5047', 4027, 48, '', 1, 1, current_date, current_date);
INSERT INTO REFERENCE(REFERENCEID, REFTYPE, REFDESC, PARENTID, REFINDEX, DESCRIPTION, CREATEDBYID, UPDATEDBYID, DATECREATED, DATEUPDATED) VALUES (5048, 'GoodsCategoryThree', 'referenceValueGoodsCategoryThree5048', 4027, 49, '', 1, 1, current_date, current_date);
INSERT INTO REFERENCE(REFERENCEID, REFTYPE, REFDESC, PARENTID, REFINDEX, DESCRIPTION, CREATEDBYID, UPDATEDBYID, DATECREATED, DATEUPDATED) VALUES (5999, 'GoodsSize', 'referenceValueGoodsSize5999', 3001, 0, '', 1, 1, current_date, current_date);
INSERT INTO REFERENCE(REFERENCEID, REFTYPE, REFDESC, PARENTID, REFINDEX, DESCRIPTION, CREATEDBYID, UPDATEDBYID, DATECREATED, DATEUPDATED) VALUES (6000, 'GoodsSize', 'referenceValueGoodsSize6000', 3001, 1, '', 1, 1, current_date, current_date);
INSERT INTO REFERENCE(REFERENCEID, REFTYPE, REFDESC, PARENTID, REFINDEX, DESCRIPTION, CREATEDBYID, UPDATEDBYID, DATECREATED, DATEUPDATED) VALUES (6001, 'GoodsSize', 'referenceValueGoodsSize6001', 3001, 2, '', 1, 1, current_date, current_date);
INSERT INTO REFERENCE(REFERENCEID, REFTYPE, REFDESC, PARENTID, REFINDEX, DESCRIPTION, CREATEDBYID, UPDATEDBYID, DATECREATED, DATEUPDATED) VALUES (6002, 'GoodsSize', 'referenceValueGoodsSize6002', 3001, 3, '', 1, 1, current_date, current_date);
INSERT INTO REFERENCE(REFERENCEID, REFTYPE, REFDESC, PARENTID, REFINDEX, DESCRIPTION, CREATEDBYID, UPDATEDBYID, DATECREATED, DATEUPDATED) VALUES (6003, 'GoodsSize', 'referenceValueGoodsSize6003', 4012, 4, '', 1, 1, current_date, current_date);
INSERT INTO REFERENCE(REFERENCEID, REFTYPE, REFDESC, PARENTID, REFINDEX, DESCRIPTION, CREATEDBYID, UPDATEDBYID, DATECREATED, DATEUPDATED) VALUES (6004, 'GoodsSize', 'referenceValueGoodsSize6004', 4012, 5, '', 1, 1, current_date, current_date);
INSERT INTO REFERENCE(REFERENCEID, REFTYPE, REFDESC, PARENTID, REFINDEX, DESCRIPTION, CREATEDBYID, UPDATEDBYID, DATECREATED, DATEUPDATED) VALUES (6005, 'GoodsSize', 'referenceValueGoodsSize6005', 4012, 6, '', 1, 1, current_date, current_date);
INSERT INTO REFERENCE(REFERENCEID, REFTYPE, REFDESC, PARENTID, REFINDEX, DESCRIPTION, CREATEDBYID, UPDATEDBYID, DATECREATED, DATEUPDATED) VALUES (6006, 'GoodsSize', 'referenceValueGoodsSize6006', 4012, 7, '', 1, 1, current_date, current_date);
INSERT INTO REFERENCE(REFERENCEID, REFTYPE, REFDESC, PARENTID, REFINDEX, DESCRIPTION, CREATEDBYID, UPDATEDBYID, DATECREATED, DATEUPDATED) VALUES (6007, 'GoodsSize', 'referenceValueGoodsSize6007', 4012, 8, '', 1, 1, current_date, current_date);
INSERT INTO REFERENCE(REFERENCEID, REFTYPE, REFDESC, PARENTID, REFINDEX, DESCRIPTION, CREATEDBYID, UPDATEDBYID, DATECREATED, DATEUPDATED) VALUES (6008, 'GoodsSize', 'referenceValueGoodsSize6008', 4012, 9, '', 1, 1, current_date, current_date);
INSERT INTO REFERENCE(REFERENCEID, REFTYPE, REFDESC, PARENTID, REFINDEX, DESCRIPTION, CREATEDBYID, UPDATEDBYID, DATECREATED, DATEUPDATED) VALUES (6009, 'GoodsSize', 'referenceValueGoodsSize6009', 4012, 10, '', 1, 1, current_date, current_date);
INSERT INTO REFERENCE(REFERENCEID, REFTYPE, REFDESC, PARENTID, REFINDEX, DESCRIPTION, CREATEDBYID, UPDATEDBYID, DATECREATED, DATEUPDATED) VALUES (6010, 'GoodsSize', 'referenceValueGoodsSize6010', 4012, 11, '', 1, 1, current_date, current_date);
INSERT INTO REFERENCE(REFERENCEID, REFTYPE, REFDESC, PARENTID, REFINDEX, DESCRIPTION, CREATEDBYID, UPDATEDBYID, DATECREATED, DATEUPDATED) VALUES (6011, 'GoodsSize', 'referenceValueGoodsSize6011', 4012, 12, '', 1, 1, current_date, current_date);
INSERT INTO REFERENCE(REFERENCEID, REFTYPE, REFDESC, PARENTID, REFINDEX, DESCRIPTION, CREATEDBYID, UPDATEDBYID, DATECREATED, DATEUPDATED) VALUES (6012, 'GoodsSize', 'referenceValueGoodsSize6012', 4012, 13, '', 1, 1, current_date, current_date);
INSERT INTO REFERENCE(REFERENCEID, REFTYPE, REFDESC, PARENTID, REFINDEX, DESCRIPTION, CREATEDBYID, UPDATEDBYID, DATECREATED, DATEUPDATED) VALUES (6013, 'GoodsSize', 'referenceValueGoodsSize6013', 4012, 14, '', 1, 1, current_date, current_date);
INSERT INTO REFERENCE(REFERENCEID, REFTYPE, REFDESC, PARENTID, REFINDEX, DESCRIPTION, CREATEDBYID, UPDATEDBYID, DATECREATED, DATEUPDATED) VALUES (6014, 'GoodsSize', 'referenceValueGoodsSize6014', 4012, 15, '', 1, 1, current_date, current_date);
INSERT INTO REFERENCE(REFERENCEID, REFTYPE, REFDESC, PARENTID, REFINDEX, DESCRIPTION, CREATEDBYID, UPDATEDBYID, DATECREATED, DATEUPDATED) VALUES (6015, 'GoodsSize', 'referenceValueGoodsSize6015', 4012, 16, '', 1, 1, current_date, current_date);
INSERT INTO REFERENCE(REFERENCEID, REFTYPE, REFDESC, PARENTID, REFINDEX, DESCRIPTION, CREATEDBYID, UPDATEDBYID, DATECREATED, DATEUPDATED) VALUES (6016, 'GoodsSize', 'referenceValueGoodsSize6016', 4012, 17, '', 1, 1, current_date, current_date);
INSERT INTO REFERENCE(REFERENCEID, REFTYPE, REFDESC, PARENTID, REFINDEX, DESCRIPTION, CREATEDBYID, UPDATEDBYID, DATECREATED, DATEUPDATED) VALUES (6017, 'GoodsSize', 'referenceValueGoodsSize6017', 4012, 18, '', 1, 1, current_date, current_date);
INSERT INTO REFERENCE(REFERENCEID, REFTYPE, REFDESC, PARENTID, REFINDEX, DESCRIPTION, CREATEDBYID, UPDATEDBYID, DATECREATED, DATEUPDATED) VALUES (6018, 'GoodsSize', 'referenceValueGoodsSize6018', 4012, 19, '', 1, 1, current_date, current_date);
INSERT INTO REFERENCE(REFERENCEID, REFTYPE, REFDESC, PARENTID, REFINDEX, DESCRIPTION, CREATEDBYID, UPDATEDBYID, DATECREATED, DATEUPDATED) VALUES (6019, 'GoodsSize', 'referenceValueGoodsSize6019', 4012, 20, '', 1, 1, current_date, current_date);
INSERT INTO REFERENCE(REFERENCEID, REFTYPE, REFDESC, PARENTID, REFINDEX, DESCRIPTION, CREATEDBYID, UPDATEDBYID, DATECREATED, DATEUPDATED) VALUES (6020, 'GoodsSize', 'referenceValueGoodsSize6020', 4012, 21, '', 1, 1, current_date, current_date);
INSERT INTO REFERENCE(REFERENCEID, REFTYPE, REFDESC, PARENTID, REFINDEX, DESCRIPTION, CREATEDBYID, UPDATEDBYID, DATECREATED, DATEUPDATED) VALUES (6021, 'GoodsSize', 'referenceValueGoodsSize6021', 4012, 22, '', 1, 1, current_date, current_date);
INSERT INTO REFERENCE(REFERENCEID, REFTYPE, REFDESC, PARENTID, REFINDEX, DESCRIPTION, CREATEDBYID, UPDATEDBYID, DATECREATED, DATEUPDATED) VALUES (6023, 'GoodsSize', 'referenceValueGoodsSize6023', 3004, 24, '', 1, 1, current_date, current_date);
INSERT INTO REFERENCE(REFERENCEID, REFTYPE, REFDESC, PARENTID, REFINDEX, DESCRIPTION, CREATEDBYID, UPDATEDBYID, DATECREATED, DATEUPDATED) VALUES (6024, 'GoodsSize', 'referenceValueGoodsSize6024', 3004, 25, '', 1, 1, current_date, current_date);
INSERT INTO REFERENCE(REFERENCEID, REFTYPE, REFDESC, PARENTID, REFINDEX, DESCRIPTION, CREATEDBYID, UPDATEDBYID, DATECREATED, DATEUPDATED) VALUES (6025, 'GoodsSize', 'referenceValueGoodsSize6025', 3004, 26, '', 1, 1, current_date, current_date);
INSERT INTO REFERENCE(REFERENCEID, REFTYPE, REFDESC, PARENTID, REFINDEX, DESCRIPTION, CREATEDBYID, UPDATEDBYID, DATECREATED, DATEUPDATED) VALUES (6026, 'GoodsSize', 'referenceValueGoodsSize6026', 3004, 27, '', 1, 1, current_date, current_date);
INSERT INTO REFERENCE(REFERENCEID, REFTYPE, REFDESC, PARENTID, REFINDEX, DESCRIPTION, CREATEDBYID, UPDATEDBYID, DATECREATED, DATEUPDATED) VALUES (6027, 'GoodsSize', 'referenceValueGoodsSize6027', 3004, 28, '', 1, 1, current_date, current_date);
INSERT INTO REFERENCE(REFERENCEID, REFTYPE, REFDESC, PARENTID, REFINDEX, DESCRIPTION, CREATEDBYID, UPDATEDBYID, DATECREATED, DATEUPDATED) VALUES (6028, 'GoodsSize', 'referenceValueGoodsSize6028', 3004, 29, '', 1, 1, current_date, current_date);
INSERT INTO REFERENCE(REFERENCEID, REFTYPE, REFDESC, PARENTID, REFINDEX, DESCRIPTION, CREATEDBYID, UPDATEDBYID, DATECREATED, DATEUPDATED) VALUES (6029, 'GoodsSize', 'referenceValueGoodsSize6029', 4014, 30, '', 1, 1, current_date, current_date);
INSERT INTO REFERENCE(REFERENCEID, REFTYPE, REFDESC, PARENTID, REFINDEX, DESCRIPTION, CREATEDBYID, UPDATEDBYID, DATECREATED, DATEUPDATED) VALUES (6030, 'GoodsSize', 'referenceValueGoodsSize6030', 4014, 31, '', 1, 1, current_date, current_date);
INSERT INTO REFERENCE(REFERENCEID, REFTYPE, REFDESC, PARENTID, REFINDEX, DESCRIPTION, CREATEDBYID, UPDATEDBYID, DATECREATED, DATEUPDATED) VALUES (6031, 'GoodsSize', 'referenceValueGoodsSize6031', 4014, 32, '', 1, 1, current_date, current_date);
INSERT INTO REFERENCE(REFERENCEID, REFTYPE, REFDESC, PARENTID, REFINDEX, DESCRIPTION, CREATEDBYID, UPDATEDBYID, DATECREATED, DATEUPDATED) VALUES (6032, 'GoodsSize', 'referenceValueGoodsSize6032', 4014, 33, '', 1, 1, current_date, current_date);
INSERT INTO REFERENCE(REFERENCEID, REFTYPE, REFDESC, PARENTID, REFINDEX, DESCRIPTION, CREATEDBYID, UPDATEDBYID, DATECREATED, DATEUPDATED) VALUES (6033, 'GoodsSize', 'referenceValueGoodsSize6033', 4014, 34, '', 1, 1, current_date, current_date);
INSERT INTO REFERENCE(REFERENCEID, REFTYPE, REFDESC, PARENTID, REFINDEX, DESCRIPTION, CREATEDBYID, UPDATEDBYID, DATECREATED, DATEUPDATED) VALUES (6034, 'GoodsSize', 'referenceValueGoodsSize6034', 4014, 35, '', 1, 1, current_date, current_date);
INSERT INTO REFERENCE(REFERENCEID, REFTYPE, REFDESC, PARENTID, REFINDEX, DESCRIPTION, CREATEDBYID, UPDATEDBYID, DATECREATED, DATEUPDATED) VALUES (6035, 'GoodsSize', 'referenceValueGoodsSize6035', 4014, 36, '', 1, 1, current_date, current_date);
INSERT INTO REFERENCE(REFERENCEID, REFTYPE, REFDESC, PARENTID, REFINDEX, DESCRIPTION, CREATEDBYID, UPDATEDBYID, DATECREATED, DATEUPDATED) VALUES (6036, 'GoodsSize', 'referenceValueGoodsSize6036', 4014, 37, '', 1, 1, current_date, current_date);
INSERT INTO REFERENCE(REFERENCEID, REFTYPE, REFDESC, PARENTID, REFINDEX, DESCRIPTION, CREATEDBYID, UPDATEDBYID, DATECREATED, DATEUPDATED) VALUES (6037, 'GoodsSize', 'referenceValueGoodsSize6037', 4014, 38, '', 1, 1, current_date, current_date);
INSERT INTO REFERENCE(REFERENCEID, REFTYPE, REFDESC, PARENTID, REFINDEX, DESCRIPTION, CREATEDBYID, UPDATEDBYID, DATECREATED, DATEUPDATED) VALUES (6038, 'GoodsSize', 'referenceValueGoodsSize6038', 4014, 39, '', 1, 1, current_date, current_date);
INSERT INTO REFERENCE(REFERENCEID, REFTYPE, REFDESC, PARENTID, REFINDEX, DESCRIPTION, CREATEDBYID, UPDATEDBYID, DATECREATED, DATEUPDATED) VALUES (6039, 'GoodsSize', 'referenceValueGoodsSize6039', 4014, 40, '', 1, 1, current_date, current_date);
INSERT INTO REFERENCE(REFERENCEID, REFTYPE, REFDESC, PARENTID, REFINDEX, DESCRIPTION, CREATEDBYID, UPDATEDBYID, DATECREATED, DATEUPDATED) VALUES (6040, 'GoodsSize', 'referenceValueGoodsSize6040', 3005, 41, '', 1, 1, current_date, current_date);
INSERT INTO REFERENCE(REFERENCEID, REFTYPE, REFDESC, PARENTID, REFINDEX, DESCRIPTION, CREATEDBYID, UPDATEDBYID, DATECREATED, DATEUPDATED) VALUES (6041, 'GoodsSize', 'referenceValueGoodsSize6041', 3005, 42, '', 1, 1, current_date, current_date);
INSERT INTO REFERENCE(REFERENCEID, REFTYPE, REFDESC, PARENTID, REFINDEX, DESCRIPTION, CREATEDBYID, UPDATEDBYID, DATECREATED, DATEUPDATED) VALUES (6042, 'GoodsSize', 'referenceValueGoodsSize6042', 3005, 43, '', 1, 1, current_date, current_date);
INSERT INTO REFERENCE(REFERENCEID, REFTYPE, REFDESC, PARENTID, REFINDEX, DESCRIPTION, CREATEDBYID, UPDATEDBYID, DATECREATED, DATEUPDATED) VALUES (6043, 'GoodsSize', 'referenceValueGoodsSize6043', 3005, 44, '', 1, 1, current_date, current_date);
INSERT INTO REFERENCE(REFERENCEID, REFTYPE, REFDESC, PARENTID, REFINDEX, DESCRIPTION, CREATEDBYID, UPDATEDBYID, DATECREATED, DATEUPDATED) VALUES (6044, 'GoodsSize', 'referenceValueGoodsSize6044', 3005, 45, '', 1, 1, current_date, current_date);
INSERT INTO REFERENCE(REFERENCEID, REFTYPE, REFDESC, PARENTID, REFINDEX, DESCRIPTION, CREATEDBYID, UPDATEDBYID, DATECREATED, DATEUPDATED) VALUES (6045, 'GoodsSize', 'referenceValueGoodsSize6045', 3005, 46, '', 1, 1, current_date, current_date);
INSERT INTO REFERENCE(REFERENCEID, REFTYPE, REFDESC, PARENTID, REFINDEX, DESCRIPTION, CREATEDBYID, UPDATEDBYID, DATECREATED, DATEUPDATED) VALUES (6046, 'GoodsSize', 'referenceValueGoodsSize6046', 3005, 47, '', 1, 1, current_date, current_date);
INSERT INTO REFERENCE(REFERENCEID, REFTYPE, REFDESC, PARENTID, REFINDEX, DESCRIPTION, CREATEDBYID, UPDATEDBYID, DATECREATED, DATEUPDATED) VALUES (6047, 'GoodsSize', 'referenceValueGoodsSize6047', 3005, 48, '', 1, 1, current_date, current_date);
INSERT INTO REFERENCE(REFERENCEID, REFTYPE, REFDESC, PARENTID, REFINDEX, DESCRIPTION, CREATEDBYID, UPDATEDBYID, DATECREATED, DATEUPDATED) VALUES (6048, 'GoodsSize', 'referenceValueGoodsSize6048', 3005, 49, '', 1, 1, current_date, current_date);
INSERT INTO REFERENCE(REFERENCEID, REFTYPE, REFDESC, PARENTID, REFINDEX, DESCRIPTION, CREATEDBYID, UPDATEDBYID, DATECREATED, DATEUPDATED) VALUES (6049, 'GoodsSize', 'referenceValueGoodsSize6049', 3005, 50, '', 1, 1, current_date, current_date);
INSERT INTO REFERENCE(REFERENCEID, REFTYPE, REFDESC, PARENTID, REFINDEX, DESCRIPTION, CREATEDBYID, UPDATEDBYID, DATECREATED, DATEUPDATED) VALUES (6050, 'GoodsSize', 'referenceValueGoodsSize6050', 3005, 51, '', 1, 1, current_date, current_date);
INSERT INTO REFERENCE(REFERENCEID, REFTYPE, REFDESC, PARENTID, REFINDEX, DESCRIPTION, CREATEDBYID, UPDATEDBYID, DATECREATED, DATEUPDATED) VALUES (6051, 'GoodsSize', 'referenceValueGoodsSize6051', 3005, 52, '', 1, 1, current_date, current_date);
INSERT INTO REFERENCE(REFERENCEID, REFTYPE, REFDESC, PARENTID, REFINDEX, DESCRIPTION, CREATEDBYID, UPDATEDBYID, DATECREATED, DATEUPDATED) VALUES (6052, 'GoodsSize', 'referenceValueGoodsSize6052', 3005, 53, '', 1, 1, current_date, current_date);
INSERT INTO REFERENCE(REFERENCEID, REFTYPE, REFDESC, PARENTID, REFINDEX, DESCRIPTION, CREATEDBYID, UPDATEDBYID, DATECREATED, DATEUPDATED) VALUES (6053, 'GoodsSize', 'referenceValueGoodsSize6053', 3005, 54, '', 1, 1, current_date, current_date);
INSERT INTO REFERENCE(REFERENCEID, REFTYPE, REFDESC, PARENTID, REFINDEX, DESCRIPTION, CREATEDBYID, UPDATEDBYID, DATECREATED, DATEUPDATED) VALUES (6054, 'GoodsSize', 'referenceValueGoodsSize6054', 3005, 55, '', 1, 1, current_date, current_date);
INSERT INTO REFERENCE(REFERENCEID, REFTYPE, REFDESC, PARENTID, REFINDEX, DESCRIPTION, CREATEDBYID, UPDATEDBYID, DATECREATED, DATEUPDATED) VALUES (6055, 'GoodsSize', 'referenceValueGoodsSize6055', 3005, 56, '', 1, 1, current_date, current_date);
INSERT INTO REFERENCE(REFERENCEID, REFTYPE, REFDESC, PARENTID, REFINDEX, DESCRIPTION, CREATEDBYID, UPDATEDBYID, DATECREATED, DATEUPDATED) VALUES (6056, 'GoodsSize', 'referenceValueGoodsSize6056', 3005, 57, '', 1, 1, current_date, current_date);
INSERT INTO REFERENCE(REFERENCEID, REFTYPE, REFDESC, PARENTID, REFINDEX, DESCRIPTION, CREATEDBYID, UPDATEDBYID, DATECREATED, DATEUPDATED) VALUES (6057, 'GoodsSize', 'referenceValueGoodsSize6057', 3005, 58, '', 1, 1, current_date, current_date);
INSERT INTO REFERENCE(REFERENCEID, REFTYPE, REFDESC, PARENTID, REFINDEX, DESCRIPTION, CREATEDBYID, UPDATEDBYID, DATECREATED, DATEUPDATED) VALUES (6058, 'GoodsSize', 'referenceValueGoodsSize6058', 3005, 59, '', 1, 1, current_date, current_date);
INSERT INTO REFERENCE(REFERENCEID, REFTYPE, REFDESC, PARENTID, REFINDEX, DESCRIPTION, CREATEDBYID, UPDATEDBYID, DATECREATED, DATEUPDATED) VALUES (6059, 'GoodsSize', 'referenceValueGoodsSize6059', 3005, 60, '', 1, 1, current_date, current_date);
INSERT INTO REFERENCE(REFERENCEID, REFTYPE, REFDESC, PARENTID, REFINDEX, DESCRIPTION, CREATEDBYID, UPDATEDBYID, DATECREATED, DATEUPDATED) VALUES (6060, 'GoodsSize', 'referenceValueGoodsSize6060', 3005, 61, '', 1, 1, current_date, current_date);
INSERT INTO REFERENCE(REFERENCEID, REFTYPE, REFDESC, PARENTID, REFINDEX, DESCRIPTION, CREATEDBYID, UPDATEDBYID, DATECREATED, DATEUPDATED) VALUES (6061, 'GoodsSize', 'referenceValueGoodsSize6061', 3005, 62, '', 1, 1, current_date, current_date);
INSERT INTO REFERENCE(REFERENCEID, REFTYPE, REFDESC, PARENTID, REFINDEX, DESCRIPTION, CREATEDBYID, UPDATEDBYID, DATECREATED, DATEUPDATED) VALUES (6062, 'GoodsSize', 'referenceValueGoodsSize6062', 3005, 63, '', 1, 1, current_date, current_date);
INSERT INTO REFERENCE(REFERENCEID, REFTYPE, REFDESC, PARENTID, REFINDEX, DESCRIPTION, CREATEDBYID, UPDATEDBYID, DATECREATED, DATEUPDATED) VALUES (6063, 'GoodsSize', 'referenceValueGoodsSize6063', 3005, 64, '', 1, 1, current_date, current_date);
INSERT INTO REFERENCE(REFERENCEID, REFTYPE, REFDESC, PARENTID, REFINDEX, DESCRIPTION, CREATEDBYID, UPDATEDBYID, DATECREATED, DATEUPDATED) VALUES (6064, 'GoodsSize', 'referenceValueGoodsSize6064', 3005, 65, '', 1, 1, current_date, current_date);
INSERT INTO REFERENCE(REFERENCEID, REFTYPE, REFDESC, PARENTID, REFINDEX, DESCRIPTION, CREATEDBYID, UPDATEDBYID, DATECREATED, DATEUPDATED) VALUES (6065, 'GoodsSize', 'referenceValueGoodsSize6065', 3005, 66, '', 1, 1, current_date, current_date);
INSERT INTO REFERENCE(REFERENCEID, REFTYPE, REFDESC, PARENTID, REFINDEX, DESCRIPTION, CREATEDBYID, UPDATEDBYID, DATECREATED, DATEUPDATED) VALUES (6066, 'GoodsSize', 'referenceValueGoodsSize6066', 3005, 67, '', 1, 1, current_date, current_date);
INSERT INTO REFERENCE(REFERENCEID, REFTYPE, REFDESC, PARENTID, REFINDEX, DESCRIPTION, CREATEDBYID, UPDATEDBYID, DATECREATED, DATEUPDATED) VALUES (6067, 'GoodsSize', 'referenceValueGoodsSize6067', 3005, 68, '', 1, 1, current_date, current_date);
INSERT INTO REFERENCE(REFERENCEID, REFTYPE, REFDESC, PARENTID, REFINDEX, DESCRIPTION, CREATEDBYID, UPDATEDBYID, DATECREATED, DATEUPDATED) VALUES (6068, 'GoodsSize', 'referenceValueGoodsSize6068', 3005, 69, '', 1, 1, current_date, current_date);
INSERT INTO REFERENCE(REFERENCEID, REFTYPE, REFDESC, PARENTID, REFINDEX, DESCRIPTION, CREATEDBYID, UPDATEDBYID, DATECREATED, DATEUPDATED) VALUES (6069, 'GoodsSize', 'referenceValueGoodsSize6069', 3005, 70, '', 1, 1, current_date, current_date);
INSERT INTO REFERENCE(REFERENCEID, REFTYPE, REFDESC, PARENTID, REFINDEX, DESCRIPTION, CREATEDBYID, UPDATEDBYID, DATECREATED, DATEUPDATED) VALUES (6070, 'GoodsSize', 'referenceValueGoodsSize6070', 3005, 71, '', 1, 1, current_date, current_date);
INSERT INTO REFERENCE(REFERENCEID, REFTYPE, REFDESC, PARENTID, REFINDEX, DESCRIPTION, CREATEDBYID, UPDATEDBYID, DATECREATED, DATEUPDATED) VALUES (6071, 'GoodsSize', 'referenceValueGoodsSize6071', 3005, 72, '', 1, 1, current_date, current_date);
INSERT INTO REFERENCE(REFERENCEID, REFTYPE, REFDESC, PARENTID, REFINDEX, DESCRIPTION, CREATEDBYID, UPDATEDBYID, DATECREATED, DATEUPDATED) VALUES (6072, 'GoodsSize', 'referenceValueGoodsSize6072', 3005, 73, '', 1, 1, current_date, current_date);
INSERT INTO REFERENCE(REFERENCEID, REFTYPE, REFDESC, PARENTID, REFINDEX, DESCRIPTION, CREATEDBYID, UPDATEDBYID, DATECREATED, DATEUPDATED) VALUES (6073, 'GoodsSize', 'referenceValueGoodsSize6073', 3005, 74, '', 1, 1, current_date, current_date);
INSERT INTO REFERENCE(REFERENCEID, REFTYPE, REFDESC, PARENTID, REFINDEX, DESCRIPTION, CREATEDBYID, UPDATEDBYID, DATECREATED, DATEUPDATED) VALUES (6074, 'GoodsSize', 'referenceValueGoodsSize6074', 4030, 75, '', 1, 1, current_date, current_date);
INSERT INTO REFERENCE(REFERENCEID, REFTYPE, REFDESC, PARENTID, REFINDEX, DESCRIPTION, CREATEDBYID, UPDATEDBYID, DATECREATED, DATEUPDATED) VALUES (6075, 'GoodsSize', 'referenceValueGoodsSize6075', 4030, 76, '', 1, 1, current_date, current_date);
INSERT INTO REFERENCE(REFERENCEID, REFTYPE, REFDESC, PARENTID, REFINDEX, DESCRIPTION, CREATEDBYID, UPDATEDBYID, DATECREATED, DATEUPDATED) VALUES (6076, 'GoodsSize', 'referenceValueGoodsSize6076', 4030, 77, '', 1, 1, current_date, current_date);
INSERT INTO REFERENCE(REFERENCEID, REFTYPE, REFDESC, PARENTID, REFINDEX, DESCRIPTION, CREATEDBYID, UPDATEDBYID, DATECREATED, DATEUPDATED) VALUES (6077, 'GoodsSize', 'referenceValueGoodsSize6077', 4030, 78, '', 1, 1, current_date, current_date);
INSERT INTO REFERENCE(REFERENCEID, REFTYPE, REFDESC, PARENTID, REFINDEX, DESCRIPTION, CREATEDBYID, UPDATEDBYID, DATECREATED, DATEUPDATED) VALUES (6078, 'GoodsSize', 'referenceValueGoodsSize6078', 4030, 79, '', 1, 1, current_date, current_date);
INSERT INTO REFERENCE(REFERENCEID, REFTYPE, REFDESC, PARENTID, REFINDEX, DESCRIPTION, CREATEDBYID, UPDATEDBYID, DATECREATED, DATEUPDATED) VALUES (6079, 'GoodsSize', 'referenceValueGoodsSize6079', 4030, 80, '', 1, 1, current_date, current_date);
INSERT INTO REFERENCE(REFERENCEID, REFTYPE, REFDESC, PARENTID, REFINDEX, DESCRIPTION, CREATEDBYID, UPDATEDBYID, DATECREATED, DATEUPDATED) VALUES (6080, 'GoodsSize', 'referenceValueGoodsSize6080', 4030, 81, '', 1, 1, current_date, current_date);
INSERT INTO REFERENCE(REFERENCEID, REFTYPE, REFDESC, PARENTID, REFINDEX, DESCRIPTION, CREATEDBYID, UPDATEDBYID, DATECREATED, DATEUPDATED) VALUES (6999, 'GoodsQuantity', 'referenceValueGoodsQuantity6999', 3000, 0, '', 1, 1, current_date, current_date);
INSERT INTO REFERENCE(REFERENCEID, REFTYPE, REFDESC, PARENTID, REFINDEX, DESCRIPTION, CREATEDBYID, UPDATEDBYID, DATECREATED, DATEUPDATED) VALUES (7000, 'GoodsQuantity', 'referenceValueGoodsQuantity7000', 3000, 1, '', 1, 1, current_date, current_date);
INSERT INTO REFERENCE(REFERENCEID, REFTYPE, REFDESC, PARENTID, REFINDEX, DESCRIPTION, CREATEDBYID, UPDATEDBYID, DATECREATED, DATEUPDATED) VALUES (7001, 'GoodsQuantity', 'referenceValueGoodsQuantity7001', 3000, 2, '', 1, 1, current_date, current_date);
INSERT INTO REFERENCE(REFERENCEID, REFTYPE, REFDESC, PARENTID, REFINDEX, DESCRIPTION, CREATEDBYID, UPDATEDBYID, DATECREATED, DATEUPDATED) VALUES (7002, 'GoodsQuantity', 'referenceValueGoodsQuantity7002', 3000, 3, '', 1, 1, current_date, current_date);
INSERT INTO REFERENCE(REFERENCEID, REFTYPE, REFDESC, PARENTID, REFINDEX, DESCRIPTION, CREATEDBYID, UPDATEDBYID, DATECREATED, DATEUPDATED) VALUES (7003, 'GoodsQuantity', 'referenceValueGoodsQuantity7003', 3000, 4, '', 1, 1, current_date, current_date);
INSERT INTO REFERENCE(REFERENCEID, REFTYPE, REFDESC, PARENTID, REFINDEX, DESCRIPTION, CREATEDBYID, UPDATEDBYID, DATECREATED, DATEUPDATED) VALUES (7004, 'GoodsQuantity', 'referenceValueGoodsQuantity7004', 3000, 5, '', 1, 1, current_date, current_date);
INSERT INTO REFERENCE(REFERENCEID, REFTYPE, REFDESC, PARENTID, REFINDEX, DESCRIPTION, CREATEDBYID, UPDATEDBYID, DATECREATED, DATEUPDATED) VALUES (7005, 'GoodsQuantity', 'referenceValueGoodsQuantity7005', 3000, 6, '', 1, 1, current_date, current_date);
INSERT INTO REFERENCE(REFERENCEID, REFTYPE, REFDESC, PARENTID, REFINDEX, DESCRIPTION, CREATEDBYID, UPDATEDBYID, DATECREATED, DATEUPDATED) VALUES (7006, 'GoodsQuantity', 'referenceValueGoodsQuantity7006', 3000, 7, '', 1, 1, current_date, current_date);
INSERT INTO REFERENCE(REFERENCEID, REFTYPE, REFDESC, PARENTID, REFINDEX, DESCRIPTION, CREATEDBYID, UPDATEDBYID, DATECREATED, DATEUPDATED) VALUES (7007, 'GoodsQuantity', 'referenceValueGoodsQuantity7007', 3000, 8, '', 1, 1, current_date, current_date);
INSERT INTO REFERENCE(REFERENCEID, REFTYPE, REFDESC, PARENTID, REFINDEX, DESCRIPTION, CREATEDBYID, UPDATEDBYID, DATECREATED, DATEUPDATED) VALUES (7008, 'GoodsQuantity', 'referenceValueGoodsQuantity7008', 3000, 9, '', 1, 1, current_date, current_date);
INSERT INTO REFERENCE(REFERENCEID, REFTYPE, REFDESC, PARENTID, REFINDEX, DESCRIPTION, CREATEDBYID, UPDATEDBYID, DATECREATED, DATEUPDATED) VALUES (7009, 'GoodsQuantity', 'referenceValueGoodsQuantity7009', 3000, 10, '', 1, 1, current_date, current_date);
INSERT INTO REFERENCE(REFERENCEID, REFTYPE, REFDESC, PARENTID, REFINDEX, DESCRIPTION, CREATEDBYID, UPDATEDBYID, DATECREATED, DATEUPDATED) VALUES (7010, 'GoodsQuantity', 'referenceValueGoodsQuantity7010', 3000, 11, '', 1, 1, current_date, current_date);
INSERT INTO REFERENCE(REFERENCEID, REFTYPE, REFDESC, PARENTID, REFINDEX, DESCRIPTION, CREATEDBYID, UPDATEDBYID, DATECREATED, DATEUPDATED) VALUES (7011, 'GoodsQuantity', 'referenceValueGoodsQuantity7011', 3000, 12, '', 1, 1, current_date, current_date);
INSERT INTO REFERENCE(REFERENCEID, REFTYPE, REFDESC, PARENTID, REFINDEX, DESCRIPTION, CREATEDBYID, UPDATEDBYID, DATECREATED, DATEUPDATED) VALUES (7012, 'GoodsQuantity', 'referenceValueGoodsQuantity7012', 3000, 13, '', 1, 1, current_date, current_date);
INSERT INTO REFERENCE(REFERENCEID, REFTYPE, REFDESC, PARENTID, REFINDEX, DESCRIPTION, CREATEDBYID, UPDATEDBYID, DATECREATED, DATEUPDATED) VALUES (7013, 'GoodsQuantity', 'referenceValueGoodsQuantity7013', 3000, 14, '', 1, 1, current_date, current_date);
INSERT INTO REFERENCE(REFERENCEID, REFTYPE, REFDESC, PARENTID, REFINDEX, DESCRIPTION, CREATEDBYID, UPDATEDBYID, DATECREATED, DATEUPDATED) VALUES (7014, 'GoodsQuantity', 'referenceValueGoodsQuantity7014', 3000, 15, '', 1, 1, current_date, current_date);
INSERT INTO REFERENCE(REFERENCEID, REFTYPE, REFDESC, PARENTID, REFINDEX, DESCRIPTION, CREATEDBYID, UPDATEDBYID, DATECREATED, DATEUPDATED) VALUES (7015, 'GoodsQuantity', 'referenceValueGoodsQuantity7015', 3001, 16, '', 1, 1, current_date, current_date);
INSERT INTO REFERENCE(REFERENCEID, REFTYPE, REFDESC, PARENTID, REFINDEX, DESCRIPTION, CREATEDBYID, UPDATEDBYID, DATECREATED, DATEUPDATED) VALUES (7016, 'GoodsQuantity', 'referenceValueGoodsQuantity7016', 3001, 17, '', 1, 1, current_date, current_date);
INSERT INTO REFERENCE(REFERENCEID, REFTYPE, REFDESC, PARENTID, REFINDEX, DESCRIPTION, CREATEDBYID, UPDATEDBYID, DATECREATED, DATEUPDATED) VALUES (7017, 'GoodsQuantity', 'referenceValueGoodsQuantity7017', 3001, 18, '', 1, 1, current_date, current_date);
INSERT INTO REFERENCE(REFERENCEID, REFTYPE, REFDESC, PARENTID, REFINDEX, DESCRIPTION, CREATEDBYID, UPDATEDBYID, DATECREATED, DATEUPDATED) VALUES (7018, 'GoodsQuantity', 'referenceValueGoodsQuantity7018', 3001, 19, '', 1, 1, current_date, current_date);
INSERT INTO REFERENCE(REFERENCEID, REFTYPE, REFDESC, PARENTID, REFINDEX, DESCRIPTION, CREATEDBYID, UPDATEDBYID, DATECREATED, DATEUPDATED) VALUES (7019, 'GoodsQuantity', 'referenceValueGoodsQuantity7019', 3001, 20, '', 1, 1, current_date, current_date);
INSERT INTO REFERENCE(REFERENCEID, REFTYPE, REFDESC, PARENTID, REFINDEX, DESCRIPTION, CREATEDBYID, UPDATEDBYID, DATECREATED, DATEUPDATED) VALUES (7020, 'GoodsQuantity', 'referenceValueGoodsQuantity7020', 3001, 21, '', 1, 1, current_date, current_date);
INSERT INTO REFERENCE(REFERENCEID, REFTYPE, REFDESC, PARENTID, REFINDEX, DESCRIPTION, CREATEDBYID, UPDATEDBYID, DATECREATED, DATEUPDATED) VALUES (7021, 'GoodsQuantity', 'referenceValueGoodsQuantity7021', 3001, 22, '', 1, 1, current_date, current_date);
INSERT INTO REFERENCE(REFERENCEID, REFTYPE, REFDESC, PARENTID, REFINDEX, DESCRIPTION, CREATEDBYID, UPDATEDBYID, DATECREATED, DATEUPDATED) VALUES (7022, 'GoodsQuantity', 'referenceValueGoodsQuantity7022', 3001, 23, '', 1, 1, current_date, current_date);
INSERT INTO REFERENCE(REFERENCEID, REFTYPE, REFDESC, PARENTID, REFINDEX, DESCRIPTION, CREATEDBYID, UPDATEDBYID, DATECREATED, DATEUPDATED) VALUES (7023, 'GoodsQuantity', 'referenceValueGoodsQuantity7023', 3001, 24, '', 1, 1, current_date, current_date);
INSERT INTO REFERENCE(REFERENCEID, REFTYPE, REFDESC, PARENTID, REFINDEX, DESCRIPTION, CREATEDBYID, UPDATEDBYID, DATECREATED, DATEUPDATED) VALUES (7024, 'GoodsQuantity', 'referenceValueGoodsQuantity7024', 3001, 25, '', 1, 1, current_date, current_date);
INSERT INTO REFERENCE(REFERENCEID, REFTYPE, REFDESC, PARENTID, REFINDEX, DESCRIPTION, CREATEDBYID, UPDATEDBYID, DATECREATED, DATEUPDATED) VALUES (7025, 'GoodsQuantity', 'referenceValueGoodsQuantity7025', 3001, 26, '', 1, 1, current_date, current_date);
INSERT INTO REFERENCE(REFERENCEID, REFTYPE, REFDESC, PARENTID, REFINDEX, DESCRIPTION, CREATEDBYID, UPDATEDBYID, DATECREATED, DATEUPDATED) VALUES (7026, 'GoodsQuantity', 'referenceValueGoodsQuantity7026', 3001, 27, '', 1, 1, current_date, current_date);
INSERT INTO REFERENCE(REFERENCEID, REFTYPE, REFDESC, PARENTID, REFINDEX, DESCRIPTION, CREATEDBYID, UPDATEDBYID, DATECREATED, DATEUPDATED) VALUES (7027, 'GoodsQuantity', 'referenceValueGoodsQuantity7027', 3001, 28, '', 1, 1, current_date, current_date);
INSERT INTO REFERENCE(REFERENCEID, REFTYPE, REFDESC, PARENTID, REFINDEX, DESCRIPTION, CREATEDBYID, UPDATEDBYID, DATECREATED, DATEUPDATED) VALUES (7028, 'GoodsQuantity', 'referenceValueGoodsQuantity7028', 3001, 29, '', 1, 1, current_date, current_date);
INSERT INTO REFERENCE(REFERENCEID, REFTYPE, REFDESC, PARENTID, REFINDEX, DESCRIPTION, CREATEDBYID, UPDATEDBYID, DATECREATED, DATEUPDATED) VALUES (7029, 'GoodsQuantity', 'referenceValueGoodsQuantity7029', 3001, 30, '', 1, 1, current_date, current_date);
INSERT INTO REFERENCE(REFERENCEID, REFTYPE, REFDESC, PARENTID, REFINDEX, DESCRIPTION, CREATEDBYID, UPDATEDBYID, DATECREATED, DATEUPDATED) VALUES (7030, 'GoodsQuantity', 'referenceValueGoodsQuantity7030', 3001, 31, '', 1, 1, current_date, current_date);
INSERT INTO REFERENCE(REFERENCEID, REFTYPE, REFDESC, PARENTID, REFINDEX, DESCRIPTION, CREATEDBYID, UPDATEDBYID, DATECREATED, DATEUPDATED) VALUES (7031, 'GoodsQuantity', 'referenceValueGoodsQuantity7031', 3001, 32, '', 1, 1, current_date, current_date);
INSERT INTO REFERENCE(REFERENCEID, REFTYPE, REFDESC, PARENTID, REFINDEX, DESCRIPTION, CREATEDBYID, UPDATEDBYID, DATECREATED, DATEUPDATED) VALUES (7032, 'GoodsQuantity', 'referenceValueGoodsQuantity7032', 3001, 33, '', 1, 1, current_date, current_date);
INSERT INTO REFERENCE(REFERENCEID, REFTYPE, REFDESC, PARENTID, REFINDEX, DESCRIPTION, CREATEDBYID, UPDATEDBYID, DATECREATED, DATEUPDATED) VALUES (7033, 'GoodsQuantity', 'referenceValueGoodsQuantity7033', 3001, 34, '', 1, 1, current_date, current_date);
INSERT INTO REFERENCE(REFERENCEID, REFTYPE, REFDESC, PARENTID, REFINDEX, DESCRIPTION, CREATEDBYID, UPDATEDBYID, DATECREATED, DATEUPDATED) VALUES (7034, 'GoodsQuantity', 'referenceValueGoodsQuantity7034', 3001, 35, '', 1, 1, current_date, current_date);
INSERT INTO REFERENCE(REFERENCEID, REFTYPE, REFDESC, PARENTID, REFINDEX, DESCRIPTION, CREATEDBYID, UPDATEDBYID, DATECREATED, DATEUPDATED) VALUES (11000, 'Locale', 'referenceValueLocale11000', 0, 1, 'English', 1, 1, current_date, current_date);
INSERT INTO REFERENCE(REFERENCEID, REFTYPE, REFDESC, PARENTID, REFINDEX, DESCRIPTION, CREATEDBYID, UPDATEDBYID, DATECREATED, DATEUPDATED) VALUES (11001, 'Locale', 'referenceValueLocale11001', 0, 2, '', 1, 1, current_date, current_date);
INSERT INTO REFERENCE(REFERENCEID, REFTYPE, REFDESC, PARENTID, REFINDEX, DESCRIPTION, CREATEDBYID, UPDATEDBYID, DATECREATED, DATEUPDATED) VALUES (11002, 'Locale', 'referenceValueLocale11002', 0, 3, '', 1, 1, current_date, current_date);
INSERT INTO REFERENCE(REFERENCEID, REFTYPE, REFDESC, PARENTID, REFINDEX, DESCRIPTION, CREATEDBYID, UPDATEDBYID, DATECREATED, DATEUPDATED) VALUES (11003, 'Locale', 'referenceValueLocale11003', 0, 4, '', 1, 1, current_date, current_date);
INSERT INTO REFERENCE(REFERENCEID, REFTYPE, REFDESC, PARENTID, REFINDEX, DESCRIPTION, CREATEDBYID, UPDATEDBYID, DATECREATED, DATEUPDATED) VALUES (11004, 'Locale', 'referenceValueLocale11004', 0, 5, '', 1, 1, current_date, current_date);
INSERT INTO REFERENCE(REFERENCEID, REFTYPE, REFDESC, PARENTID, REFINDEX, DESCRIPTION, CREATEDBYID, UPDATEDBYID, DATECREATED, DATEUPDATED) VALUES (11005, 'Locale', 'referenceValueLocale11005', 0, 6, '', 1, 1, current_date, current_date);
INSERT INTO REFERENCE(REFERENCEID, REFTYPE, REFDESC, PARENTID, REFINDEX, DESCRIPTION, CREATEDBYID, UPDATEDBYID, DATECREATED, DATEUPDATED) VALUES (12000, 'NewOrUsed', 'referenceValueNewOrUsed12000', 0, 1, '', 1, 1, current_date, current_date);
INSERT INTO REFERENCE(REFERENCEID, REFTYPE, REFDESC, PARENTID, REFINDEX, DESCRIPTION, CREATEDBYID, UPDATEDBYID, DATECREATED, DATEUPDATED) VALUES (12001, 'NewOrUsed', 'referenceValueNewOrUsed12001', 0, 2, '', 1, 1, current_date, current_date);
INSERT INTO REFERENCE(REFERENCEID, REFTYPE, REFDESC, PARENTID, REFINDEX, DESCRIPTION, CREATEDBYID, UPDATEDBYID, DATECREATED, DATEUPDATED) VALUES (12002, 'NewOrUsed', 'referenceValueNewOrUsed12002', 0, 3, '', 1, 1, current_date, current_date);
INSERT INTO APPLICATIONUSERDETAILS(APPLICATIONUSERDETAILSID, CONTACTNAME, REPRESENTORGANISATION, ADDRESSONE, ADDRESSTWO, COUNTRY, TELEPHONENUMBER, EMAILADDRESS, CREATEDBYID, UPDATEDBYID, DATECREATED, DATEUPDATED) VALUES (1, 'Admin Super User', 132, 'My House', 'My Street', 159, '+3531234567', 'admin@email.com', 1, 1, current_date, current_date);
INSERT INTO APPLICATIONUSERDETAILS(APPLICATIONUSERDETAILSID, CONTACTNAME, REPRESENTORGANISATION, ADDRESSONE, ADDRESSTWO, COUNTRY, TELEPHONENUMBER, EMAILADDRESS, CREATEDBYID, UPDATEDBYID, DATECREATED, DATEUPDATED) VALUES (2, 'Localize Admin', 132, 'My House', 'My Street', 159, '+3531234567', 'localize@email.com', 1, 1, current_date, current_date);
INSERT INTO APPLICATIONUSERDETAILS(APPLICATIONUSERDETAILSID, CONTACTNAME, REPRESENTORGANISATION, ADDRESSONE, ADDRESSTWO, COUNTRY, TELEPHONENUMBER, EMAILADDRESS, CREATEDBYID, UPDATEDBYID, DATECREATED, DATEUPDATED) VALUES (3, 'Anonymous User', 132, 'My House', 'My Street', 159, '+3531234567', 'user@blah.ie', 1, 1, current_date, current_date);
INSERT INTO APPLICATIONUSER(APPLICATIONUSERID, APPLICATIONUSERDETAILS, USERNAME, PASSWORD, ENABLED, CREATEDBYID, UPDATEDBYID, DATECREATED, DATEUPDATED) VALUES (1, 1, 'admin@email.com', '$2a$10$04TVADrR6/SPLBjsK0N30.Jf5fNjBugSACeGv1S69dZALR7lSov0y', true, 1, 1, current_date, current_date);
INSERT INTO APPLICATIONUSER(APPLICATIONUSERID, APPLICATIONUSERDETAILS, USERNAME, PASSWORD, ENABLED, CREATEDBYID, UPDATEDBYID, DATECREATED, DATEUPDATED) VALUES (2, 2, 'localize@email.com', '$2a$10$04TVADrR6/SPLBjsK0N30.Jf5fNjBugSACeGv1S69dZALR7lSov0y', true, 1, 1, current_date, current_date);
INSERT INTO APPLICATIONUSER(APPLICATIONUSERID, APPLICATIONUSERDETAILS, USERNAME, PASSWORD, ENABLED, CREATEDBYID, UPDATEDBYID, DATECREATED, DATEUPDATED) VALUES (3, 3, 'user@blah.ie', '$2a$10$04TVADrR6/SPLBjsK0N30.Jf5fNjBugSACeGv1S69dZALR7lSov0y', true, 1, 1, current_date, current_date);
/* Resolve Association Mappings for Default Records*/
INSERT INTO REFERENCECATEGORY_REFERENCE(REFERENCECATEGORYID, REFERENCEID) VALUES (1, 1);
		  INSERT INTO REFERENCECATEGORY_REFERENCE(REFERENCECATEGORYID, REFERENCEID) VALUES (1, 2);
		  INSERT INTO REFERENCECATEGORY_REFERENCE(REFERENCECATEGORYID, REFERENCEID) VALUES (1, 3);
		  INSERT INTO REFERENCECATEGORY_REFERENCE(REFERENCECATEGORYID, REFERENCEID) VALUES (1, 4);
		  INSERT INTO REFERENCECATEGORY_REFERENCE(REFERENCECATEGORYID, REFERENCEID) VALUES (1, 5);
		  INSERT INTO REFERENCECATEGORY_REFERENCE(REFERENCECATEGORYID, REFERENCEID) VALUES (1, 6);
		  INSERT INTO REFERENCECATEGORY_REFERENCE(REFERENCECATEGORYID, REFERENCEID) VALUES (1, 7);
		  INSERT INTO REFERENCECATEGORY_REFERENCE(REFERENCECATEGORYID, REFERENCEID) VALUES (1, 8);
		  INSERT INTO REFERENCECATEGORY_REFERENCE(REFERENCECATEGORYID, REFERENCEID) VALUES (1, 9);
		  INSERT INTO REFERENCECATEGORY_REFERENCE(REFERENCECATEGORYID, REFERENCEID) VALUES (1, 10);
		  INSERT INTO REFERENCECATEGORY_REFERENCE(REFERENCECATEGORYID, REFERENCEID) VALUES (1, 11);
		  INSERT INTO REFERENCECATEGORY_REFERENCE(REFERENCECATEGORYID, REFERENCEID) VALUES (1, 12);
		  INSERT INTO REFERENCECATEGORY_REFERENCE(REFERENCECATEGORYID, REFERENCEID) VALUES (1, 13);
		  INSERT INTO REFERENCECATEGORY_REFERENCE(REFERENCECATEGORYID, REFERENCEID) VALUES (1, 14);
		  INSERT INTO REFERENCECATEGORY_REFERENCE(REFERENCECATEGORYID, REFERENCEID) VALUES (1, 15);
		  INSERT INTO REFERENCECATEGORY_REFERENCE(REFERENCECATEGORYID, REFERENCEID) VALUES (1, 16);
		  INSERT INTO REFERENCECATEGORY_REFERENCE(REFERENCECATEGORYID, REFERENCEID) VALUES (1, 17);
		  INSERT INTO REFERENCECATEGORY_REFERENCE(REFERENCECATEGORYID, REFERENCEID) VALUES (1, 18);
		  INSERT INTO REFERENCECATEGORY_REFERENCE(REFERENCECATEGORYID, REFERENCEID) VALUES (1, 19);
		  INSERT INTO REFERENCECATEGORY_REFERENCE(REFERENCECATEGORYID, REFERENCEID) VALUES (1, 20);
		  INSERT INTO REFERENCECATEGORY_REFERENCE(REFERENCECATEGORYID, REFERENCEID) VALUES (1, 21);
		  INSERT INTO REFERENCECATEGORY_REFERENCE(REFERENCECATEGORYID, REFERENCEID) VALUES (1, 22);
		  INSERT INTO REFERENCECATEGORY_REFERENCE(REFERENCECATEGORYID, REFERENCEID) VALUES (1, 23);
		  INSERT INTO REFERENCECATEGORY_REFERENCE(REFERENCECATEGORYID, REFERENCEID) VALUES (1, 24);
		  INSERT INTO REFERENCECATEGORY_REFERENCE(REFERENCECATEGORYID, REFERENCEID) VALUES (1, 25);
		  INSERT INTO REFERENCECATEGORY_REFERENCE(REFERENCECATEGORYID, REFERENCEID) VALUES (1, 26);
		  INSERT INTO REFERENCECATEGORY_REFERENCE(REFERENCECATEGORYID, REFERENCEID) VALUES (1, 27);
		  INSERT INTO REFERENCECATEGORY_REFERENCE(REFERENCECATEGORYID, REFERENCEID) VALUES (1, 28);
		  INSERT INTO REFERENCECATEGORY_REFERENCE(REFERENCECATEGORYID, REFERENCEID) VALUES (1, 29);
		  INSERT INTO REFERENCECATEGORY_REFERENCE(REFERENCECATEGORYID, REFERENCEID) VALUES (1, 30);
		  INSERT INTO REFERENCECATEGORY_REFERENCE(REFERENCECATEGORYID, REFERENCEID) VALUES (1, 31);
		  INSERT INTO REFERENCECATEGORY_REFERENCE(REFERENCECATEGORYID, REFERENCEID) VALUES (1, 32);
		  INSERT INTO REFERENCECATEGORY_REFERENCE(REFERENCECATEGORYID, REFERENCEID) VALUES (2, 75);
		  INSERT INTO REFERENCECATEGORY_REFERENCE(REFERENCECATEGORYID, REFERENCEID) VALUES (2, 76);
		  INSERT INTO REFERENCECATEGORY_REFERENCE(REFERENCECATEGORYID, REFERENCEID) VALUES (2, 77);
		  INSERT INTO REFERENCECATEGORY_REFERENCE(REFERENCECATEGORYID, REFERENCEID) VALUES (2, 78);
		  INSERT INTO REFERENCECATEGORY_REFERENCE(REFERENCECATEGORYID, REFERENCEID) VALUES (2, 79);
		  INSERT INTO REFERENCECATEGORY_REFERENCE(REFERENCECATEGORYID, REFERENCEID) VALUES (2, 80);
		  INSERT INTO REFERENCECATEGORY_REFERENCE(REFERENCECATEGORYID, REFERENCEID) VALUES (3, 81);
		  INSERT INTO REFERENCECATEGORY_REFERENCE(REFERENCECATEGORYID, REFERENCEID) VALUES (3, 82);
		  INSERT INTO REFERENCECATEGORY_REFERENCE(REFERENCECATEGORYID, REFERENCEID) VALUES (3, 83);
		  INSERT INTO REFERENCECATEGORY_REFERENCE(REFERENCECATEGORYID, REFERENCEID) VALUES (4, 84);
		  INSERT INTO REFERENCECATEGORY_REFERENCE(REFERENCECATEGORYID, REFERENCEID) VALUES (4, 85);
		  INSERT INTO REFERENCECATEGORY_REFERENCE(REFERENCECATEGORYID, REFERENCEID) VALUES (4, 86);
		  INSERT INTO REFERENCECATEGORY_REFERENCE(REFERENCECATEGORYID, REFERENCEID) VALUES (4, 87);
		  INSERT INTO REFERENCECATEGORY_REFERENCE(REFERENCECATEGORYID, REFERENCEID) VALUES (4, 88);
		  INSERT INTO REFERENCECATEGORY_REFERENCE(REFERENCECATEGORYID, REFERENCEID) VALUES (4, 89);
		  INSERT INTO REFERENCECATEGORY_REFERENCE(REFERENCECATEGORYID, REFERENCEID) VALUES (4, 90);
		  INSERT INTO REFERENCECATEGORY_REFERENCE(REFERENCECATEGORYID, REFERENCEID) VALUES (5, 91);
		  INSERT INTO REFERENCECATEGORY_REFERENCE(REFERENCECATEGORYID, REFERENCEID) VALUES (5, 92);
		  INSERT INTO REFERENCECATEGORY_REFERENCE(REFERENCECATEGORYID, REFERENCEID) VALUES (6, 99);
		  INSERT INTO REFERENCECATEGORY_REFERENCE(REFERENCECATEGORYID, REFERENCEID) VALUES (6, 100);
		  INSERT INTO REFERENCECATEGORY_REFERENCE(REFERENCECATEGORYID, REFERENCEID) VALUES (6, 101);
		  INSERT INTO REFERENCECATEGORY_REFERENCE(REFERENCECATEGORYID, REFERENCEID) VALUES (6, 102);
		  INSERT INTO REFERENCECATEGORY_REFERENCE(REFERENCECATEGORYID, REFERENCEID) VALUES (7, 400);
		  INSERT INTO REFERENCECATEGORY_REFERENCE(REFERENCECATEGORYID, REFERENCEID) VALUES (7, 401);
		  INSERT INTO REFERENCECATEGORY_REFERENCE(REFERENCECATEGORYID, REFERENCEID) VALUES (7, 402);
		  INSERT INTO REFERENCECATEGORY_REFERENCE(REFERENCECATEGORYID, REFERENCEID) VALUES (7, 403);
		  INSERT INTO REFERENCECATEGORY_REFERENCE(REFERENCECATEGORYID, REFERENCEID) VALUES (7, 404);
		  INSERT INTO REFERENCECATEGORY_REFERENCE(REFERENCECATEGORYID, REFERENCEID) VALUES (7, 405);
		  INSERT INTO REFERENCECATEGORY_REFERENCE(REFERENCECATEGORYID, REFERENCEID) VALUES (7, 406);
		  INSERT INTO REFERENCECATEGORY_REFERENCE(REFERENCECATEGORYID, REFERENCEID) VALUES (7, 407);
		  INSERT INTO REFERENCECATEGORY_REFERENCE(REFERENCECATEGORYID, REFERENCEID) VALUES (8, 111);
		  INSERT INTO REFERENCECATEGORY_REFERENCE(REFERENCECATEGORYID, REFERENCEID) VALUES (8, 112);
		  INSERT INTO REFERENCECATEGORY_REFERENCE(REFERENCECATEGORYID, REFERENCEID) VALUES (8, 113);
		  INSERT INTO REFERENCECATEGORY_REFERENCE(REFERENCECATEGORYID, REFERENCEID) VALUES (8, 114);
		  INSERT INTO REFERENCECATEGORY_REFERENCE(REFERENCECATEGORYID, REFERENCEID) VALUES (8, 116);
		  INSERT INTO REFERENCECATEGORY_REFERENCE(REFERENCECATEGORYID, REFERENCEID) VALUES (8, 117);
		  INSERT INTO REFERENCECATEGORY_REFERENCE(REFERENCECATEGORYID, REFERENCEID) VALUES (8, 118);
		  INSERT INTO REFERENCECATEGORY_REFERENCE(REFERENCECATEGORYID, REFERENCEID) VALUES (8, 119);
		  INSERT INTO REFERENCECATEGORY_REFERENCE(REFERENCECATEGORYID, REFERENCEID) VALUES (8, 120);
		  INSERT INTO REFERENCECATEGORY_REFERENCE(REFERENCECATEGORYID, REFERENCEID) VALUES (8, 121);
		  INSERT INTO REFERENCECATEGORY_REFERENCE(REFERENCECATEGORYID, REFERENCEID) VALUES (8, 122);
		  INSERT INTO REFERENCECATEGORY_REFERENCE(REFERENCECATEGORYID, REFERENCEID) VALUES (8, 123);
		  INSERT INTO REFERENCECATEGORY_REFERENCE(REFERENCECATEGORYID, REFERENCEID) VALUES (8, 124);
		  INSERT INTO REFERENCECATEGORY_REFERENCE(REFERENCECATEGORYID, REFERENCEID) VALUES (8, 125);
		  INSERT INTO REFERENCECATEGORY_REFERENCE(REFERENCECATEGORYID, REFERENCEID) VALUES (8, 126);
		  INSERT INTO REFERENCECATEGORY_REFERENCE(REFERENCECATEGORYID, REFERENCEID) VALUES (8, 127);
		  INSERT INTO REFERENCECATEGORY_REFERENCE(REFERENCECATEGORYID, REFERENCEID) VALUES (8, 128);
		  INSERT INTO REFERENCECATEGORY_REFERENCE(REFERENCECATEGORYID, REFERENCEID) VALUES (8, 129);
		  INSERT INTO REFERENCECATEGORY_REFERENCE(REFERENCECATEGORYID, REFERENCEID) VALUES (8, 130);
		  INSERT INTO REFERENCECATEGORY_REFERENCE(REFERENCECATEGORYID, REFERENCEID) VALUES (9, 131);
		  INSERT INTO REFERENCECATEGORY_REFERENCE(REFERENCECATEGORYID, REFERENCEID) VALUES (9, 132);
		  INSERT INTO REFERENCECATEGORY_REFERENCE(REFERENCECATEGORYID, REFERENCEID) VALUES (10, 138);
		  INSERT INTO REFERENCECATEGORY_REFERENCE(REFERENCECATEGORYID, REFERENCEID) VALUES (10, 139);
		  INSERT INTO REFERENCECATEGORY_REFERENCE(REFERENCECATEGORYID, REFERENCEID) VALUES (10, 140);
		  INSERT INTO REFERENCECATEGORY_REFERENCE(REFERENCECATEGORYID, REFERENCEID) VALUES (10, 141);
		  INSERT INTO REFERENCECATEGORY_REFERENCE(REFERENCECATEGORYID, REFERENCEID) VALUES (10, 142);
		  INSERT INTO REFERENCECATEGORY_REFERENCE(REFERENCECATEGORYID, REFERENCEID) VALUES (10, 143);
		  INSERT INTO REFERENCECATEGORY_REFERENCE(REFERENCECATEGORYID, REFERENCEID) VALUES (10, 144);
		  INSERT INTO REFERENCECATEGORY_REFERENCE(REFERENCECATEGORYID, REFERENCEID) VALUES (10, 145);
		  INSERT INTO REFERENCECATEGORY_REFERENCE(REFERENCECATEGORYID, REFERENCEID) VALUES (10, 146);
		  INSERT INTO REFERENCECATEGORY_REFERENCE(REFERENCECATEGORYID, REFERENCEID) VALUES (10, 147);
		  INSERT INTO REFERENCECATEGORY_REFERENCE(REFERENCECATEGORYID, REFERENCEID) VALUES (10, 148);
		  INSERT INTO REFERENCECATEGORY_REFERENCE(REFERENCECATEGORYID, REFERENCEID) VALUES (10, 149);
		  INSERT INTO REFERENCECATEGORY_REFERENCE(REFERENCECATEGORYID, REFERENCEID) VALUES (10, 150);
		  INSERT INTO REFERENCECATEGORY_REFERENCE(REFERENCECATEGORYID, REFERENCEID) VALUES (10, 151);
		  INSERT INTO REFERENCECATEGORY_REFERENCE(REFERENCECATEGORYID, REFERENCEID) VALUES (10, 152);
		  INSERT INTO REFERENCECATEGORY_REFERENCE(REFERENCECATEGORYID, REFERENCEID) VALUES (10, 153);
		  INSERT INTO REFERENCECATEGORY_REFERENCE(REFERENCECATEGORYID, REFERENCEID) VALUES (10, 154);
		  INSERT INTO REFERENCECATEGORY_REFERENCE(REFERENCECATEGORYID, REFERENCEID) VALUES (10, 155);
		  INSERT INTO REFERENCECATEGORY_REFERENCE(REFERENCECATEGORYID, REFERENCEID) VALUES (10, 156);
		  INSERT INTO REFERENCECATEGORY_REFERENCE(REFERENCECATEGORYID, REFERENCEID) VALUES (10, 157);
		  INSERT INTO REFERENCECATEGORY_REFERENCE(REFERENCECATEGORYID, REFERENCEID) VALUES (10, 158);
		  INSERT INTO REFERENCECATEGORY_REFERENCE(REFERENCECATEGORYID, REFERENCEID) VALUES (10, 159);
		  INSERT INTO REFERENCECATEGORY_REFERENCE(REFERENCECATEGORYID, REFERENCEID) VALUES (10, 160);
		  INSERT INTO REFERENCECATEGORY_REFERENCE(REFERENCECATEGORYID, REFERENCEID) VALUES (10, 161);
		  INSERT INTO REFERENCECATEGORY_REFERENCE(REFERENCECATEGORYID, REFERENCEID) VALUES (10, 162);
		  INSERT INTO REFERENCECATEGORY_REFERENCE(REFERENCECATEGORYID, REFERENCEID) VALUES (10, 163);
		  INSERT INTO REFERENCECATEGORY_REFERENCE(REFERENCECATEGORYID, REFERENCEID) VALUES (10, 164);
		  INSERT INTO REFERENCECATEGORY_REFERENCE(REFERENCECATEGORYID, REFERENCEID) VALUES (10, 165);
		  INSERT INTO REFERENCECATEGORY_REFERENCE(REFERENCECATEGORYID, REFERENCEID) VALUES (10, 166);
		  INSERT INTO REFERENCECATEGORY_REFERENCE(REFERENCECATEGORYID, REFERENCEID) VALUES (10, 167);
		  INSERT INTO REFERENCECATEGORY_REFERENCE(REFERENCECATEGORYID, REFERENCEID) VALUES (10, 168);
		  INSERT INTO REFERENCECATEGORY_REFERENCE(REFERENCECATEGORYID, REFERENCEID) VALUES (10, 169);
		  INSERT INTO REFERENCECATEGORY_REFERENCE(REFERENCECATEGORYID, REFERENCEID) VALUES (10, 170);
		  INSERT INTO REFERENCECATEGORY_REFERENCE(REFERENCECATEGORYID, REFERENCEID) VALUES (10, 171);
		  INSERT INTO REFERENCECATEGORY_REFERENCE(REFERENCECATEGORYID, REFERENCEID) VALUES (10, 172);
		  INSERT INTO REFERENCECATEGORY_REFERENCE(REFERENCECATEGORYID, REFERENCEID) VALUES (10, 173);
		  INSERT INTO REFERENCECATEGORY_REFERENCE(REFERENCECATEGORYID, REFERENCEID) VALUES (10, 174);
		  INSERT INTO REFERENCECATEGORY_REFERENCE(REFERENCECATEGORYID, REFERENCEID) VALUES (10, 175);
		  INSERT INTO REFERENCECATEGORY_REFERENCE(REFERENCECATEGORYID, REFERENCEID) VALUES (10, 176);
		  INSERT INTO REFERENCECATEGORY_REFERENCE(REFERENCECATEGORYID, REFERENCEID) VALUES (10, 177);
		  INSERT INTO REFERENCECATEGORY_REFERENCE(REFERENCECATEGORYID, REFERENCEID) VALUES (10, 178);
		  INSERT INTO REFERENCECATEGORY_REFERENCE(REFERENCECATEGORYID, REFERENCEID) VALUES (10, 179);
		  INSERT INTO REFERENCECATEGORY_REFERENCE(REFERENCECATEGORYID, REFERENCEID) VALUES (10, 180);
		  INSERT INTO REFERENCECATEGORY_REFERENCE(REFERENCECATEGORYID, REFERENCEID) VALUES (10, 181);
		  INSERT INTO REFERENCECATEGORY_REFERENCE(REFERENCECATEGORYID, REFERENCEID) VALUES (10, 182);
		  INSERT INTO REFERENCECATEGORY_REFERENCE(REFERENCECATEGORYID, REFERENCEID) VALUES (10, 183);
		  INSERT INTO REFERENCECATEGORY_REFERENCE(REFERENCECATEGORYID, REFERENCEID) VALUES (10, 184);
		  INSERT INTO REFERENCECATEGORY_REFERENCE(REFERENCECATEGORYID, REFERENCEID) VALUES (10, 185);
		  INSERT INTO REFERENCECATEGORY_REFERENCE(REFERENCECATEGORYID, REFERENCEID) VALUES (10, 186);
		  INSERT INTO REFERENCECATEGORY_REFERENCE(REFERENCECATEGORYID, REFERENCEID) VALUES (10, 187);
		  INSERT INTO REFERENCECATEGORY_REFERENCE(REFERENCECATEGORYID, REFERENCEID) VALUES (10, 188);
		  INSERT INTO REFERENCECATEGORY_REFERENCE(REFERENCECATEGORYID, REFERENCEID) VALUES (11, 190);
		  INSERT INTO REFERENCECATEGORY_REFERENCE(REFERENCECATEGORYID, REFERENCEID) VALUES (11, 191);
		  INSERT INTO REFERENCECATEGORY_REFERENCE(REFERENCECATEGORYID, REFERENCEID) VALUES (11, 192);
		  INSERT INTO REFERENCECATEGORY_REFERENCE(REFERENCECATEGORYID, REFERENCEID) VALUES (11, 193);
		  INSERT INTO REFERENCECATEGORY_REFERENCE(REFERENCECATEGORYID, REFERENCEID) VALUES (11, 194);
		  INSERT INTO REFERENCECATEGORY_REFERENCE(REFERENCECATEGORYID, REFERENCEID) VALUES (11, 195);
		  INSERT INTO REFERENCECATEGORY_REFERENCE(REFERENCECATEGORYID, REFERENCEID) VALUES (11, 196);
		  INSERT INTO REFERENCECATEGORY_REFERENCE(REFERENCECATEGORYID, REFERENCEID) VALUES (11, 197);
		  INSERT INTO REFERENCECATEGORY_REFERENCE(REFERENCECATEGORYID, REFERENCEID) VALUES (11, 198);
		  INSERT INTO REFERENCECATEGORY_REFERENCE(REFERENCECATEGORYID, REFERENCEID) VALUES (11, 199);
		  INSERT INTO REFERENCECATEGORY_REFERENCE(REFERENCECATEGORYID, REFERENCEID) VALUES (11, 200);
		  INSERT INTO REFERENCECATEGORY_REFERENCE(REFERENCECATEGORYID, REFERENCEID) VALUES (12, 201);
		  INSERT INTO REFERENCECATEGORY_REFERENCE(REFERENCECATEGORYID, REFERENCEID) VALUES (12, 202);
		  INSERT INTO REFERENCECATEGORY_REFERENCE(REFERENCECATEGORYID, REFERENCEID) VALUES (12, 203);
		  INSERT INTO REFERENCECATEGORY_REFERENCE(REFERENCECATEGORYID, REFERENCEID) VALUES (12, 204);
		  INSERT INTO REFERENCECATEGORY_REFERENCE(REFERENCECATEGORYID, REFERENCEID) VALUES (12, 205);
		  INSERT INTO REFERENCECATEGORY_REFERENCE(REFERENCECATEGORYID, REFERENCEID) VALUES (12, 206);
		  INSERT INTO REFERENCECATEGORY_REFERENCE(REFERENCECATEGORYID, REFERENCEID) VALUES (12, 207);
		  INSERT INTO REFERENCECATEGORY_REFERENCE(REFERENCECATEGORYID, REFERENCEID) VALUES (12, 208);
		  INSERT INTO REFERENCECATEGORY_REFERENCE(REFERENCECATEGORYID, REFERENCEID) VALUES (12, 209);
		  INSERT INTO REFERENCECATEGORY_REFERENCE(REFERENCECATEGORYID, REFERENCEID) VALUES (12, 210);
		  INSERT INTO REFERENCECATEGORY_REFERENCE(REFERENCECATEGORYID, REFERENCEID) VALUES (12, 211);
		  INSERT INTO REFERENCECATEGORY_REFERENCE(REFERENCECATEGORYID, REFERENCEID) VALUES (12, 212);
		  INSERT INTO REFERENCECATEGORY_REFERENCE(REFERENCECATEGORYID, REFERENCEID) VALUES (12, 213);
		  INSERT INTO REFERENCECATEGORY_REFERENCE(REFERENCECATEGORYID, REFERENCEID) VALUES (12, 214);
		  INSERT INTO REFERENCECATEGORY_REFERENCE(REFERENCECATEGORYID, REFERENCEID) VALUES (12, 215);
		  INSERT INTO REFERENCECATEGORY_REFERENCE(REFERENCECATEGORYID, REFERENCEID) VALUES (12, 216);
		  INSERT INTO REFERENCECATEGORY_REFERENCE(REFERENCECATEGORYID, REFERENCEID) VALUES (12, 217);
		  INSERT INTO REFERENCECATEGORY_REFERENCE(REFERENCECATEGORYID, REFERENCEID) VALUES (12, 218);
		  INSERT INTO REFERENCECATEGORY_REFERENCE(REFERENCECATEGORYID, REFERENCEID) VALUES (12, 219);
		  INSERT INTO REFERENCECATEGORY_REFERENCE(REFERENCECATEGORYID, REFERENCEID) VALUES (12, 220);
		  INSERT INTO REFERENCECATEGORY_REFERENCE(REFERENCECATEGORYID, REFERENCEID) VALUES (12, 221);
		  INSERT INTO REFERENCECATEGORY_REFERENCE(REFERENCECATEGORYID, REFERENCEID) VALUES (12, 222);
		  INSERT INTO REFERENCECATEGORY_REFERENCE(REFERENCECATEGORYID, REFERENCEID) VALUES (12, 223);
		  INSERT INTO REFERENCECATEGORY_REFERENCE(REFERENCECATEGORYID, REFERENCEID) VALUES (12, 224);
		  INSERT INTO REFERENCECATEGORY_REFERENCE(REFERENCECATEGORYID, REFERENCEID) VALUES (12, 225);
		  INSERT INTO REFERENCECATEGORY_REFERENCE(REFERENCECATEGORYID, REFERENCEID) VALUES (12, 226);
		  INSERT INTO REFERENCECATEGORY_REFERENCE(REFERENCECATEGORYID, REFERENCEID) VALUES (12, 227);
		  INSERT INTO REFERENCECATEGORY_REFERENCE(REFERENCECATEGORYID, REFERENCEID) VALUES (12, 228);
		  INSERT INTO REFERENCECATEGORY_REFERENCE(REFERENCECATEGORYID, REFERENCEID) VALUES (12, 229);
		  INSERT INTO REFERENCECATEGORY_REFERENCE(REFERENCECATEGORYID, REFERENCEID) VALUES (12, 230);
		  INSERT INTO REFERENCECATEGORY_REFERENCE(REFERENCECATEGORYID, REFERENCEID) VALUES (12, 231);
		  INSERT INTO REFERENCECATEGORY_REFERENCE(REFERENCECATEGORYID, REFERENCEID) VALUES (12, 232);
		  INSERT INTO REFERENCECATEGORY_REFERENCE(REFERENCECATEGORYID, REFERENCEID) VALUES (12, 233);
		  INSERT INTO REFERENCECATEGORY_REFERENCE(REFERENCECATEGORYID, REFERENCEID) VALUES (12, 234);
		  INSERT INTO REFERENCECATEGORY_REFERENCE(REFERENCECATEGORYID, REFERENCEID) VALUES (12, 235);
		  INSERT INTO REFERENCECATEGORY_REFERENCE(REFERENCECATEGORYID, REFERENCEID) VALUES (12, 236);
		  INSERT INTO REFERENCECATEGORY_REFERENCE(REFERENCECATEGORYID, REFERENCEID) VALUES (12, 237);
		  INSERT INTO REFERENCECATEGORY_REFERENCE(REFERENCECATEGORYID, REFERENCEID) VALUES (12, 238);
		  INSERT INTO REFERENCECATEGORY_REFERENCE(REFERENCECATEGORYID, REFERENCEID) VALUES (12, 239);
		  INSERT INTO REFERENCECATEGORY_REFERENCE(REFERENCECATEGORYID, REFERENCEID) VALUES (12, 240);
		  INSERT INTO REFERENCECATEGORY_REFERENCE(REFERENCECATEGORYID, REFERENCEID) VALUES (13, 450);
		  INSERT INTO REFERENCECATEGORY_REFERENCE(REFERENCECATEGORYID, REFERENCEID) VALUES (13, 451);
		  INSERT INTO REFERENCECATEGORY_REFERENCE(REFERENCECATEGORYID, REFERENCEID) VALUES (13, 452);
		  INSERT INTO REFERENCECATEGORY_REFERENCE(REFERENCECATEGORYID, REFERENCEID) VALUES (13, 453);
		  INSERT INTO REFERENCECATEGORY_REFERENCE(REFERENCECATEGORYID, REFERENCEID) VALUES (13, 454);
		  INSERT INTO REFERENCECATEGORY_REFERENCE(REFERENCECATEGORYID, REFERENCEID) VALUES (13, 455);
		  INSERT INTO REFERENCECATEGORY_REFERENCE(REFERENCECATEGORYID, REFERENCEID) VALUES (13, 456);
		  INSERT INTO REFERENCECATEGORY_REFERENCE(REFERENCECATEGORYID, REFERENCEID) VALUES (13, 457);
		  INSERT INTO REFERENCECATEGORY_REFERENCE(REFERENCECATEGORYID, REFERENCEID) VALUES (13, 458);
		  INSERT INTO REFERENCECATEGORY_REFERENCE(REFERENCECATEGORYID, REFERENCEID) VALUES (14, 599);
		  INSERT INTO REFERENCECATEGORY_REFERENCE(REFERENCECATEGORYID, REFERENCEID) VALUES (14, 600);
		  INSERT INTO REFERENCECATEGORY_REFERENCE(REFERENCECATEGORYID, REFERENCEID) VALUES (14, 601);
		  INSERT INTO REFERENCECATEGORY_REFERENCE(REFERENCECATEGORYID, REFERENCEID) VALUES (14, 602);
		  INSERT INTO REFERENCECATEGORY_REFERENCE(REFERENCECATEGORYID, REFERENCEID) VALUES (14, 603);
		  INSERT INTO REFERENCECATEGORY_REFERENCE(REFERENCECATEGORYID, REFERENCEID) VALUES (14, 604);
		  INSERT INTO REFERENCECATEGORY_REFERENCE(REFERENCECATEGORYID, REFERENCEID) VALUES (14, 605);
		  INSERT INTO REFERENCECATEGORY_REFERENCE(REFERENCECATEGORYID, REFERENCEID) VALUES (14, 606);
		  INSERT INTO REFERENCECATEGORY_REFERENCE(REFERENCECATEGORYID, REFERENCEID) VALUES (14, 607);
		  INSERT INTO REFERENCECATEGORY_REFERENCE(REFERENCECATEGORYID, REFERENCEID) VALUES (14, 608);
		  INSERT INTO REFERENCECATEGORY_REFERENCE(REFERENCECATEGORYID, REFERENCEID) VALUES (14, 609);
		  INSERT INTO REFERENCECATEGORY_REFERENCE(REFERENCECATEGORYID, REFERENCEID) VALUES (14, 610);
		  INSERT INTO REFERENCECATEGORY_REFERENCE(REFERENCECATEGORYID, REFERENCEID) VALUES (14, 611);
		  INSERT INTO REFERENCECATEGORY_REFERENCE(REFERENCECATEGORYID, REFERENCEID) VALUES (14, 630);
		  INSERT INTO REFERENCECATEGORY_REFERENCE(REFERENCECATEGORYID, REFERENCEID) VALUES (14, 631);
		  INSERT INTO REFERENCECATEGORY_REFERENCE(REFERENCECATEGORYID, REFERENCEID) VALUES (14, 632);
		  INSERT INTO REFERENCECATEGORY_REFERENCE(REFERENCECATEGORYID, REFERENCEID) VALUES (14, 633);
		  INSERT INTO REFERENCECATEGORY_REFERENCE(REFERENCECATEGORYID, REFERENCEID) VALUES (14, 634);
		  INSERT INTO REFERENCECATEGORY_REFERENCE(REFERENCECATEGORYID, REFERENCEID) VALUES (14, 635);
		  INSERT INTO REFERENCECATEGORY_REFERENCE(REFERENCECATEGORYID, REFERENCEID) VALUES (14, 636);
		  INSERT INTO REFERENCECATEGORY_REFERENCE(REFERENCECATEGORYID, REFERENCEID) VALUES (14, 637);
		  INSERT INTO REFERENCECATEGORY_REFERENCE(REFERENCECATEGORYID, REFERENCEID) VALUES (14, 638);
		  INSERT INTO REFERENCECATEGORY_REFERENCE(REFERENCECATEGORYID, REFERENCEID) VALUES (14, 639);
		  INSERT INTO REFERENCECATEGORY_REFERENCE(REFERENCECATEGORYID, REFERENCEID) VALUES (14, 650);
		  INSERT INTO REFERENCECATEGORY_REFERENCE(REFERENCECATEGORYID, REFERENCEID) VALUES (14, 651);
		  INSERT INTO REFERENCECATEGORY_REFERENCE(REFERENCECATEGORYID, REFERENCEID) VALUES (14, 652);
		  INSERT INTO REFERENCECATEGORY_REFERENCE(REFERENCECATEGORYID, REFERENCEID) VALUES (14, 653);
		  INSERT INTO REFERENCECATEGORY_REFERENCE(REFERENCECATEGORYID, REFERENCEID) VALUES (14, 654);
		  INSERT INTO REFERENCECATEGORY_REFERENCE(REFERENCECATEGORYID, REFERENCEID) VALUES (14, 656);
		  INSERT INTO REFERENCECATEGORY_REFERENCE(REFERENCECATEGORYID, REFERENCEID) VALUES (14, 657);
		  INSERT INTO REFERENCECATEGORY_REFERENCE(REFERENCECATEGORYID, REFERENCEID) VALUES (14, 658);
		  INSERT INTO REFERENCECATEGORY_REFERENCE(REFERENCECATEGORYID, REFERENCEID) VALUES (14, 659);
		  INSERT INTO REFERENCECATEGORY_REFERENCE(REFERENCECATEGORYID, REFERENCEID) VALUES (14, 660);
		  INSERT INTO REFERENCECATEGORY_REFERENCE(REFERENCECATEGORYID, REFERENCEID) VALUES (14, 661);
		  INSERT INTO REFERENCECATEGORY_REFERENCE(REFERENCECATEGORYID, REFERENCEID) VALUES (14, 662);
		  INSERT INTO REFERENCECATEGORY_REFERENCE(REFERENCECATEGORYID, REFERENCEID) VALUES (14, 663);
		  INSERT INTO REFERENCECATEGORY_REFERENCE(REFERENCECATEGORYID, REFERENCEID) VALUES (14, 664);
		  INSERT INTO REFERENCECATEGORY_REFERENCE(REFERENCECATEGORYID, REFERENCEID) VALUES (14, 665);
		  INSERT INTO REFERENCECATEGORY_REFERENCE(REFERENCECATEGORYID, REFERENCEID) VALUES (14, 700);
		  INSERT INTO REFERENCECATEGORY_REFERENCE(REFERENCECATEGORYID, REFERENCEID) VALUES (14, 701);
		  INSERT INTO REFERENCECATEGORY_REFERENCE(REFERENCECATEGORYID, REFERENCEID) VALUES (14, 702);
		  INSERT INTO REFERENCECATEGORY_REFERENCE(REFERENCECATEGORYID, REFERENCEID) VALUES (14, 703);
		  INSERT INTO REFERENCECATEGORY_REFERENCE(REFERENCECATEGORYID, REFERENCEID) VALUES (14, 704);
		  INSERT INTO REFERENCECATEGORY_REFERENCE(REFERENCECATEGORYID, REFERENCEID) VALUES (14, 705);
		  INSERT INTO REFERENCECATEGORY_REFERENCE(REFERENCECATEGORYID, REFERENCEID) VALUES (14, 706);
		  INSERT INTO REFERENCECATEGORY_REFERENCE(REFERENCECATEGORYID, REFERENCEID) VALUES (14, 707);
		  INSERT INTO REFERENCECATEGORY_REFERENCE(REFERENCECATEGORYID, REFERENCEID) VALUES (14, 708);
		  INSERT INTO REFERENCECATEGORY_REFERENCE(REFERENCECATEGORYID, REFERENCEID) VALUES (14, 709);
		  INSERT INTO REFERENCECATEGORY_REFERENCE(REFERENCECATEGORYID, REFERENCEID) VALUES (14, 710);
		  INSERT INTO REFERENCECATEGORY_REFERENCE(REFERENCECATEGORYID, REFERENCEID) VALUES (14, 711);
		  INSERT INTO REFERENCECATEGORY_REFERENCE(REFERENCECATEGORYID, REFERENCEID) VALUES (14, 712);
		  INSERT INTO REFERENCECATEGORY_REFERENCE(REFERENCECATEGORYID, REFERENCEID) VALUES (14, 713);
		  INSERT INTO REFERENCECATEGORY_REFERENCE(REFERENCECATEGORYID, REFERENCEID) VALUES (14, 714);
		  INSERT INTO REFERENCECATEGORY_REFERENCE(REFERENCECATEGORYID, REFERENCEID) VALUES (14, 715);
		  INSERT INTO REFERENCECATEGORY_REFERENCE(REFERENCECATEGORYID, REFERENCEID) VALUES (14, 716);
		  INSERT INTO REFERENCECATEGORY_REFERENCE(REFERENCECATEGORYID, REFERENCEID) VALUES (14, 717);
		  INSERT INTO REFERENCECATEGORY_REFERENCE(REFERENCECATEGORYID, REFERENCEID) VALUES (14, 718);
		  INSERT INTO REFERENCECATEGORY_REFERENCE(REFERENCECATEGORYID, REFERENCEID) VALUES (14, 719);
		  INSERT INTO REFERENCECATEGORY_REFERENCE(REFERENCECATEGORYID, REFERENCEID) VALUES (14, 720);
		  INSERT INTO REFERENCECATEGORY_REFERENCE(REFERENCECATEGORYID, REFERENCEID) VALUES (14, 721);
		  INSERT INTO REFERENCECATEGORY_REFERENCE(REFERENCECATEGORYID, REFERENCEID) VALUES (14, 722);
		  INSERT INTO REFERENCECATEGORY_REFERENCE(REFERENCECATEGORYID, REFERENCEID) VALUES (14, 723);
		  INSERT INTO REFERENCECATEGORY_REFERENCE(REFERENCECATEGORYID, REFERENCEID) VALUES (14, 724);
		  INSERT INTO REFERENCECATEGORY_REFERENCE(REFERENCECATEGORYID, REFERENCEID) VALUES (14, 725);
		  INSERT INTO REFERENCECATEGORY_REFERENCE(REFERENCECATEGORYID, REFERENCEID) VALUES (14, 726);
		  INSERT INTO REFERENCECATEGORY_REFERENCE(REFERENCECATEGORYID, REFERENCEID) VALUES (14, 727);
		  INSERT INTO REFERENCECATEGORY_REFERENCE(REFERENCECATEGORYID, REFERENCEID) VALUES (14, 728);
		  INSERT INTO REFERENCECATEGORY_REFERENCE(REFERENCECATEGORYID, REFERENCEID) VALUES (14, 729);
		  INSERT INTO REFERENCECATEGORY_REFERENCE(REFERENCECATEGORYID, REFERENCEID) VALUES (14, 730);
		  INSERT INTO REFERENCECATEGORY_REFERENCE(REFERENCECATEGORYID, REFERENCEID) VALUES (14, 731);
		  INSERT INTO REFERENCECATEGORY_REFERENCE(REFERENCECATEGORYID, REFERENCEID) VALUES (14, 732);
		  INSERT INTO REFERENCECATEGORY_REFERENCE(REFERENCECATEGORYID, REFERENCEID) VALUES (14, 733);
		  INSERT INTO REFERENCECATEGORY_REFERENCE(REFERENCECATEGORYID, REFERENCEID) VALUES (14, 734);
		  INSERT INTO REFERENCECATEGORY_REFERENCE(REFERENCECATEGORYID, REFERENCEID) VALUES (14, 735);
		  INSERT INTO REFERENCECATEGORY_REFERENCE(REFERENCECATEGORYID, REFERENCEID) VALUES (14, 736);
		  INSERT INTO REFERENCECATEGORY_REFERENCE(REFERENCECATEGORYID, REFERENCEID) VALUES (14, 737);
		  INSERT INTO REFERENCECATEGORY_REFERENCE(REFERENCECATEGORYID, REFERENCEID) VALUES (14, 738);
		  INSERT INTO REFERENCECATEGORY_REFERENCE(REFERENCECATEGORYID, REFERENCEID) VALUES (14, 739);
		  INSERT INTO REFERENCECATEGORY_REFERENCE(REFERENCECATEGORYID, REFERENCEID) VALUES (14, 740);
		  INSERT INTO REFERENCECATEGORY_REFERENCE(REFERENCECATEGORYID, REFERENCEID) VALUES (14, 741);
		  INSERT INTO REFERENCECATEGORY_REFERENCE(REFERENCECATEGORYID, REFERENCEID) VALUES (14, 742);
		  INSERT INTO REFERENCECATEGORY_REFERENCE(REFERENCECATEGORYID, REFERENCEID) VALUES (14, 743);
		  INSERT INTO REFERENCECATEGORY_REFERENCE(REFERENCECATEGORYID, REFERENCEID) VALUES (14, 744);
		  INSERT INTO REFERENCECATEGORY_REFERENCE(REFERENCECATEGORYID, REFERENCEID) VALUES (14, 745);
		  INSERT INTO REFERENCECATEGORY_REFERENCE(REFERENCECATEGORYID, REFERENCEID) VALUES (14, 746);
		  INSERT INTO REFERENCECATEGORY_REFERENCE(REFERENCECATEGORYID, REFERENCEID) VALUES (14, 747);
		  INSERT INTO REFERENCECATEGORY_REFERENCE(REFERENCECATEGORYID, REFERENCEID) VALUES (14, 748);
		  INSERT INTO REFERENCECATEGORY_REFERENCE(REFERENCECATEGORYID, REFERENCEID) VALUES (14, 749);
		  INSERT INTO REFERENCECATEGORY_REFERENCE(REFERENCECATEGORYID, REFERENCEID) VALUES (14, 750);
		  INSERT INTO REFERENCECATEGORY_REFERENCE(REFERENCECATEGORYID, REFERENCEID) VALUES (14, 751);
		  INSERT INTO REFERENCECATEGORY_REFERENCE(REFERENCECATEGORYID, REFERENCEID) VALUES (14, 752);
		  INSERT INTO REFERENCECATEGORY_REFERENCE(REFERENCECATEGORYID, REFERENCEID) VALUES (14, 753);
		  INSERT INTO REFERENCECATEGORY_REFERENCE(REFERENCECATEGORYID, REFERENCEID) VALUES (14, 754);
		  INSERT INTO REFERENCECATEGORY_REFERENCE(REFERENCECATEGORYID, REFERENCEID) VALUES (14, 755);
		  INSERT INTO REFERENCECATEGORY_REFERENCE(REFERENCECATEGORYID, REFERENCEID) VALUES (14, 756);
		  INSERT INTO REFERENCECATEGORY_REFERENCE(REFERENCECATEGORYID, REFERENCEID) VALUES (14, 757);
		  INSERT INTO REFERENCECATEGORY_REFERENCE(REFERENCECATEGORYID, REFERENCEID) VALUES (14, 758);
		  INSERT INTO REFERENCECATEGORY_REFERENCE(REFERENCECATEGORYID, REFERENCEID) VALUES (14, 759);
		  INSERT INTO REFERENCECATEGORY_REFERENCE(REFERENCECATEGORYID, REFERENCEID) VALUES (14, 760);
		  INSERT INTO REFERENCECATEGORY_REFERENCE(REFERENCECATEGORYID, REFERENCEID) VALUES (14, 761);
		  INSERT INTO REFERENCECATEGORY_REFERENCE(REFERENCECATEGORYID, REFERENCEID) VALUES (14, 762);
		  INSERT INTO REFERENCECATEGORY_REFERENCE(REFERENCECATEGORYID, REFERENCEID) VALUES (14, 763);
		  INSERT INTO REFERENCECATEGORY_REFERENCE(REFERENCECATEGORYID, REFERENCEID) VALUES (14, 764);
		  INSERT INTO REFERENCECATEGORY_REFERENCE(REFERENCECATEGORYID, REFERENCEID) VALUES (14, 765);
		  INSERT INTO REFERENCECATEGORY_REFERENCE(REFERENCECATEGORYID, REFERENCEID) VALUES (14, 766);
		  INSERT INTO REFERENCECATEGORY_REFERENCE(REFERENCECATEGORYID, REFERENCEID) VALUES (14, 767);
		  INSERT INTO REFERENCECATEGORY_REFERENCE(REFERENCECATEGORYID, REFERENCEID) VALUES (14, 768);
		  INSERT INTO REFERENCECATEGORY_REFERENCE(REFERENCECATEGORYID, REFERENCEID) VALUES (14, 769);
		  INSERT INTO REFERENCECATEGORY_REFERENCE(REFERENCECATEGORYID, REFERENCEID) VALUES (14, 770);
		  INSERT INTO REFERENCECATEGORY_REFERENCE(REFERENCECATEGORYID, REFERENCEID) VALUES (14, 801);
		  INSERT INTO REFERENCECATEGORY_REFERENCE(REFERENCECATEGORYID, REFERENCEID) VALUES (14, 802);
		  INSERT INTO REFERENCECATEGORY_REFERENCE(REFERENCECATEGORYID, REFERENCEID) VALUES (14, 803);
		  INSERT INTO REFERENCECATEGORY_REFERENCE(REFERENCECATEGORYID, REFERENCEID) VALUES (14, 804);
		  INSERT INTO REFERENCECATEGORY_REFERENCE(REFERENCECATEGORYID, REFERENCEID) VALUES (14, 805);
		  INSERT INTO REFERENCECATEGORY_REFERENCE(REFERENCECATEGORYID, REFERENCEID) VALUES (14, 806);
		  INSERT INTO REFERENCECATEGORY_REFERENCE(REFERENCECATEGORYID, REFERENCEID) VALUES (14, 807);
		  INSERT INTO REFERENCECATEGORY_REFERENCE(REFERENCECATEGORYID, REFERENCEID) VALUES (14, 808);
		  INSERT INTO REFERENCECATEGORY_REFERENCE(REFERENCECATEGORYID, REFERENCEID) VALUES (14, 809);
		  INSERT INTO REFERENCECATEGORY_REFERENCE(REFERENCECATEGORYID, REFERENCEID) VALUES (14, 901);
		  INSERT INTO REFERENCECATEGORY_REFERENCE(REFERENCECATEGORYID, REFERENCEID) VALUES (14, 902);
		  INSERT INTO REFERENCECATEGORY_REFERENCE(REFERENCECATEGORYID, REFERENCEID) VALUES (14, 903);
		  INSERT INTO REFERENCECATEGORY_REFERENCE(REFERENCECATEGORYID, REFERENCEID) VALUES (14, 904);
		  INSERT INTO REFERENCECATEGORY_REFERENCE(REFERENCECATEGORYID, REFERENCEID) VALUES (14, 905);
		  INSERT INTO REFERENCECATEGORY_REFERENCE(REFERENCECATEGORYID, REFERENCEID) VALUES (14, 906);
		  INSERT INTO REFERENCECATEGORY_REFERENCE(REFERENCECATEGORYID, REFERENCEID) VALUES (14, 907);
		  INSERT INTO REFERENCECATEGORY_REFERENCE(REFERENCECATEGORYID, REFERENCEID) VALUES (14, 908);
		  INSERT INTO REFERENCECATEGORY_REFERENCE(REFERENCECATEGORYID, REFERENCEID) VALUES (14, 909);
		  INSERT INTO REFERENCECATEGORY_REFERENCE(REFERENCECATEGORYID, REFERENCEID) VALUES (14, 1001);
		  INSERT INTO REFERENCECATEGORY_REFERENCE(REFERENCECATEGORYID, REFERENCEID) VALUES (14, 1201);
		  INSERT INTO REFERENCECATEGORY_REFERENCE(REFERENCECATEGORYID, REFERENCEID) VALUES (14, 1202);
		  INSERT INTO REFERENCECATEGORY_REFERENCE(REFERENCECATEGORYID, REFERENCEID) VALUES (14, 1203);
		  INSERT INTO REFERENCECATEGORY_REFERENCE(REFERENCECATEGORYID, REFERENCEID) VALUES (14, 1204);
		  INSERT INTO REFERENCECATEGORY_REFERENCE(REFERENCECATEGORYID, REFERENCEID) VALUES (14, 1205);
		  INSERT INTO REFERENCECATEGORY_REFERENCE(REFERENCECATEGORYID, REFERENCEID) VALUES (15, 3000);
		  INSERT INTO REFERENCECATEGORY_REFERENCE(REFERENCECATEGORYID, REFERENCEID) VALUES (15, 3001);
		  INSERT INTO REFERENCECATEGORY_REFERENCE(REFERENCECATEGORYID, REFERENCEID) VALUES (15, 3003);
		  INSERT INTO REFERENCECATEGORY_REFERENCE(REFERENCECATEGORYID, REFERENCEID) VALUES (15, 3006);
		  INSERT INTO REFERENCECATEGORY_REFERENCE(REFERENCECATEGORYID, REFERENCEID) VALUES (15, 3007);
		  INSERT INTO REFERENCECATEGORY_REFERENCE(REFERENCECATEGORYID, REFERENCEID) VALUES (15, 3008);
		  INSERT INTO REFERENCECATEGORY_REFERENCE(REFERENCECATEGORYID, REFERENCEID) VALUES (15, 3009);
		  INSERT INTO REFERENCECATEGORY_REFERENCE(REFERENCECATEGORYID, REFERENCEID) VALUES (15, 3010);
		  INSERT INTO REFERENCECATEGORY_REFERENCE(REFERENCECATEGORYID, REFERENCEID) VALUES (16, 4000);
		  INSERT INTO REFERENCECATEGORY_REFERENCE(REFERENCECATEGORYID, REFERENCEID) VALUES (16, 4001);
		  INSERT INTO REFERENCECATEGORY_REFERENCE(REFERENCECATEGORYID, REFERENCEID) VALUES (16, 4002);
		  INSERT INTO REFERENCECATEGORY_REFERENCE(REFERENCECATEGORYID, REFERENCEID) VALUES (16, 4003);
		  INSERT INTO REFERENCECATEGORY_REFERENCE(REFERENCECATEGORYID, REFERENCEID) VALUES (16, 4004);
		  INSERT INTO REFERENCECATEGORY_REFERENCE(REFERENCECATEGORYID, REFERENCEID) VALUES (16, 4005);
		  INSERT INTO REFERENCECATEGORY_REFERENCE(REFERENCECATEGORYID, REFERENCEID) VALUES (16, 4006);
		  INSERT INTO REFERENCECATEGORY_REFERENCE(REFERENCECATEGORYID, REFERENCEID) VALUES (16, 4007);
		  INSERT INTO REFERENCECATEGORY_REFERENCE(REFERENCECATEGORYID, REFERENCEID) VALUES (16, 4008);
		  INSERT INTO REFERENCECATEGORY_REFERENCE(REFERENCECATEGORYID, REFERENCEID) VALUES (16, 4010);
		  INSERT INTO REFERENCECATEGORY_REFERENCE(REFERENCECATEGORYID, REFERENCEID) VALUES (16, 4012);
		  INSERT INTO REFERENCECATEGORY_REFERENCE(REFERENCECATEGORYID, REFERENCEID) VALUES (16, 4014);
		  INSERT INTO REFERENCECATEGORY_REFERENCE(REFERENCECATEGORYID, REFERENCEID) VALUES (16, 4016);
		  INSERT INTO REFERENCECATEGORY_REFERENCE(REFERENCECATEGORYID, REFERENCEID) VALUES (16, 4017);
		  INSERT INTO REFERENCECATEGORY_REFERENCE(REFERENCECATEGORYID, REFERENCEID) VALUES (16, 4018);
		  INSERT INTO REFERENCECATEGORY_REFERENCE(REFERENCECATEGORYID, REFERENCEID) VALUES (16, 4019);
		  INSERT INTO REFERENCECATEGORY_REFERENCE(REFERENCECATEGORYID, REFERENCEID) VALUES (16, 4020);
		  INSERT INTO REFERENCECATEGORY_REFERENCE(REFERENCECATEGORYID, REFERENCEID) VALUES (16, 4021);
		  INSERT INTO REFERENCECATEGORY_REFERENCE(REFERENCECATEGORYID, REFERENCEID) VALUES (16, 4022);
		  INSERT INTO REFERENCECATEGORY_REFERENCE(REFERENCECATEGORYID, REFERENCEID) VALUES (16, 4023);
		  INSERT INTO REFERENCECATEGORY_REFERENCE(REFERENCECATEGORYID, REFERENCEID) VALUES (16, 4024);
		  INSERT INTO REFERENCECATEGORY_REFERENCE(REFERENCECATEGORYID, REFERENCEID) VALUES (16, 4025);
		  INSERT INTO REFERENCECATEGORY_REFERENCE(REFERENCECATEGORYID, REFERENCEID) VALUES (16, 4027);
		  INSERT INTO REFERENCECATEGORY_REFERENCE(REFERENCECATEGORYID, REFERENCEID) VALUES (16, 4028);
		  INSERT INTO REFERENCECATEGORY_REFERENCE(REFERENCECATEGORYID, REFERENCEID) VALUES (16, 4029);
		  INSERT INTO REFERENCECATEGORY_REFERENCE(REFERENCECATEGORYID, REFERENCEID) VALUES (16, 4030);
		  INSERT INTO REFERENCECATEGORY_REFERENCE(REFERENCECATEGORYID, REFERENCEID) VALUES (16, 4031);
		  INSERT INTO REFERENCECATEGORY_REFERENCE(REFERENCECATEGORYID, REFERENCEID) VALUES (16, 4032);
		  INSERT INTO REFERENCECATEGORY_REFERENCE(REFERENCECATEGORYID, REFERENCEID) VALUES (16, 4033);
		  INSERT INTO REFERENCECATEGORY_REFERENCE(REFERENCECATEGORYID, REFERENCEID) VALUES (16, 4034);
		  INSERT INTO REFERENCECATEGORY_REFERENCE(REFERENCECATEGORYID, REFERENCEID) VALUES (16, 4035);
		  INSERT INTO REFERENCECATEGORY_REFERENCE(REFERENCECATEGORYID, REFERENCEID) VALUES (16, 4036);
		  INSERT INTO REFERENCECATEGORY_REFERENCE(REFERENCECATEGORYID, REFERENCEID) VALUES (16, 4037);
		  INSERT INTO REFERENCECATEGORY_REFERENCE(REFERENCECATEGORYID, REFERENCEID) VALUES (16, 4038);
		  INSERT INTO REFERENCECATEGORY_REFERENCE(REFERENCECATEGORYID, REFERENCEID) VALUES (16, 4039);
		  INSERT INTO REFERENCECATEGORY_REFERENCE(REFERENCECATEGORYID, REFERENCEID) VALUES (16, 4040);
		  INSERT INTO REFERENCECATEGORY_REFERENCE(REFERENCECATEGORYID, REFERENCEID) VALUES (16, 4041);
		  INSERT INTO REFERENCECATEGORY_REFERENCE(REFERENCECATEGORYID, REFERENCEID) VALUES (16, 4042);
		  INSERT INTO REFERENCECATEGORY_REFERENCE(REFERENCECATEGORYID, REFERENCEID) VALUES (16, 4043);
		  INSERT INTO REFERENCECATEGORY_REFERENCE(REFERENCECATEGORYID, REFERENCEID) VALUES (16, 4044);
		  INSERT INTO REFERENCECATEGORY_REFERENCE(REFERENCECATEGORYID, REFERENCEID) VALUES (16, 4045);
		  INSERT INTO REFERENCECATEGORY_REFERENCE(REFERENCECATEGORYID, REFERENCEID) VALUES (17, 309);
		  INSERT INTO REFERENCECATEGORY_REFERENCE(REFERENCECATEGORYID, REFERENCEID) VALUES (17, 310);
		  INSERT INTO REFERENCECATEGORY_REFERENCE(REFERENCECATEGORYID, REFERENCEID) VALUES (17, 311);
		  INSERT INTO REFERENCECATEGORY_REFERENCE(REFERENCECATEGORYID, REFERENCEID) VALUES (18, 313);
		  INSERT INTO REFERENCECATEGORY_REFERENCE(REFERENCECATEGORYID, REFERENCEID) VALUES (18, 314);
		  INSERT INTO REFERENCECATEGORY_REFERENCE(REFERENCECATEGORYID, REFERENCEID) VALUES (18, 315);
		  INSERT INTO REFERENCECATEGORY_REFERENCE(REFERENCECATEGORYID, REFERENCEID) VALUES (19, 11000);
		  INSERT INTO REFERENCECATEGORY_REFERENCE(REFERENCECATEGORYID, REFERENCEID) VALUES (19, 11001);
		  INSERT INTO REFERENCECATEGORY_REFERENCE(REFERENCECATEGORYID, REFERENCEID) VALUES (19, 11002);
		  INSERT INTO REFERENCECATEGORY_REFERENCE(REFERENCECATEGORYID, REFERENCEID) VALUES (19, 11003);
		  INSERT INTO REFERENCECATEGORY_REFERENCE(REFERENCECATEGORYID, REFERENCEID) VALUES (19, 11004);
		  INSERT INTO REFERENCECATEGORY_REFERENCE(REFERENCECATEGORYID, REFERENCEID) VALUES (19, 11005);
		  INSERT INTO REFERENCECATEGORY_REFERENCE(REFERENCECATEGORYID, REFERENCEID) VALUES (20, 319);
		  INSERT INTO REFERENCECATEGORY_REFERENCE(REFERENCECATEGORYID, REFERENCEID) VALUES (20, 320);
		  INSERT INTO REFERENCECATEGORY_REFERENCE(REFERENCECATEGORYID, REFERENCEID) VALUES (20, 321);
		  INSERT INTO REFERENCECATEGORY_REFERENCE(REFERENCECATEGORYID, REFERENCEID) VALUES (20, 322);
		  INSERT INTO REFERENCECATEGORY_REFERENCE(REFERENCECATEGORYID, REFERENCEID) VALUES (23, 1400);
		  INSERT INTO REFERENCECATEGORY_REFERENCE(REFERENCECATEGORYID, REFERENCEID) VALUES (23, 1401);
		  INSERT INTO REFERENCECATEGORY_REFERENCE(REFERENCECATEGORYID, REFERENCEID) VALUES (23, 1402);
		  INSERT INTO REFERENCECATEGORY_REFERENCE(REFERENCECATEGORYID, REFERENCEID) VALUES (23, 1403);
		  INSERT INTO REFERENCECATEGORY_REFERENCE(REFERENCECATEGORYID, REFERENCEID) VALUES (23, 1404);
		  INSERT INTO REFERENCECATEGORY_REFERENCE(REFERENCECATEGORYID, REFERENCEID) VALUES (23, 1405);
		  INSERT INTO REFERENCECATEGORY_REFERENCE(REFERENCECATEGORYID, REFERENCEID) VALUES (23, 1406);
		  INSERT INTO REFERENCECATEGORY_REFERENCE(REFERENCECATEGORYID, REFERENCEID) VALUES (23, 1407);
		  INSERT INTO REFERENCECATEGORY_REFERENCE(REFERENCECATEGORYID, REFERENCEID) VALUES (23, 1408);
		  INSERT INTO REFERENCECATEGORY_REFERENCE(REFERENCECATEGORYID, REFERENCEID) VALUES (23, 1409);
		  INSERT INTO REFERENCECATEGORY_REFERENCE(REFERENCECATEGORYID, REFERENCEID) VALUES (23, 1410);
		  INSERT INTO REFERENCECATEGORY_REFERENCE(REFERENCECATEGORYID, REFERENCEID) VALUES (23, 1411);
		  INSERT INTO REFERENCECATEGORY_REFERENCE(REFERENCECATEGORYID, REFERENCEID) VALUES (23, 1412);
		  INSERT INTO REFERENCECATEGORY_REFERENCE(REFERENCECATEGORYID, REFERENCEID) VALUES (23, 1413);
		  INSERT INTO REFERENCECATEGORY_REFERENCE(REFERENCECATEGORYID, REFERENCEID) VALUES (23, 1414);
		  INSERT INTO REFERENCECATEGORY_REFERENCE(REFERENCECATEGORYID, REFERENCEID) VALUES (23, 1415);
		  INSERT INTO REFERENCECATEGORY_REFERENCE(REFERENCECATEGORYID, REFERENCEID) VALUES (23, 1416);
		  INSERT INTO REFERENCECATEGORY_REFERENCE(REFERENCECATEGORYID, REFERENCEID) VALUES (23, 1417);
		  INSERT INTO REFERENCECATEGORY_REFERENCE(REFERENCECATEGORYID, REFERENCEID) VALUES (23, 1418);
		  INSERT INTO REFERENCECATEGORY_REFERENCE(REFERENCECATEGORYID, REFERENCEID) VALUES (23, 1419);
		  INSERT INTO REFERENCECATEGORY_REFERENCE(REFERENCECATEGORYID, REFERENCEID) VALUES (23, 1420);
		  INSERT INTO REFERENCECATEGORY_REFERENCE(REFERENCECATEGORYID, REFERENCEID) VALUES (23, 1421);
		  INSERT INTO REFERENCECATEGORY_REFERENCE(REFERENCECATEGORYID, REFERENCEID) VALUES (23, 1422);
		  INSERT INTO REFERENCECATEGORY_REFERENCE(REFERENCECATEGORYID, REFERENCEID) VALUES (23, 1423);
		  INSERT INTO REFERENCECATEGORY_REFERENCE(REFERENCECATEGORYID, REFERENCEID) VALUES (23, 1424);
		  INSERT INTO REFERENCECATEGORY_REFERENCE(REFERENCECATEGORYID, REFERENCEID) VALUES (23, 1425);
		  INSERT INTO REFERENCECATEGORY_REFERENCE(REFERENCECATEGORYID, REFERENCEID) VALUES (23, 1426);
		  INSERT INTO REFERENCECATEGORY_REFERENCE(REFERENCECATEGORYID, REFERENCEID) VALUES (23, 1427);
		  INSERT INTO REFERENCECATEGORY_REFERENCE(REFERENCECATEGORYID, REFERENCEID) VALUES (23, 1428);
		  INSERT INTO REFERENCECATEGORY_REFERENCE(REFERENCECATEGORYID, REFERENCEID) VALUES (23, 1429);
		  INSERT INTO REFERENCECATEGORY_REFERENCE(REFERENCECATEGORYID, REFERENCEID) VALUES (23, 1430);
		  INSERT INTO REFERENCECATEGORY_REFERENCE(REFERENCECATEGORYID, REFERENCEID) VALUES (23, 1431);
		  INSERT INTO REFERENCECATEGORY_REFERENCE(REFERENCECATEGORYID, REFERENCEID) VALUES (24, 5000);
		  INSERT INTO REFERENCECATEGORY_REFERENCE(REFERENCECATEGORYID, REFERENCEID) VALUES (24, 5001);
		  INSERT INTO REFERENCECATEGORY_REFERENCE(REFERENCECATEGORYID, REFERENCEID) VALUES (24, 5003);
		  INSERT INTO REFERENCECATEGORY_REFERENCE(REFERENCECATEGORYID, REFERENCEID) VALUES (24, 5013);
		  INSERT INTO REFERENCECATEGORY_REFERENCE(REFERENCECATEGORYID, REFERENCEID) VALUES (24, 5014);
		  INSERT INTO REFERENCECATEGORY_REFERENCE(REFERENCECATEGORYID, REFERENCEID) VALUES (24, 5024);
		  INSERT INTO REFERENCECATEGORY_REFERENCE(REFERENCECATEGORYID, REFERENCEID) VALUES (24, 5025);
		  INSERT INTO REFERENCECATEGORY_REFERENCE(REFERENCECATEGORYID, REFERENCEID) VALUES (25, 6000);
		  INSERT INTO REFERENCECATEGORY_REFERENCE(REFERENCECATEGORYID, REFERENCEID) VALUES (25, 6001);
		  INSERT INTO REFERENCECATEGORY_REFERENCE(REFERENCECATEGORYID, REFERENCEID) VALUES (25, 6002);
		  INSERT INTO REFERENCECATEGORY_REFERENCE(REFERENCECATEGORYID, REFERENCEID) VALUES (26, 7000);
		  INSERT INTO REFERENCECATEGORY_REFERENCE(REFERENCECATEGORYID, REFERENCEID) VALUES (26, 7001);
		  INSERT INTO REFERENCECATEGORY_REFERENCE(REFERENCECATEGORYID, REFERENCEID) VALUES (27, 12000);
		  INSERT INTO REFERENCECATEGORY_REFERENCE(REFERENCECATEGORYID, REFERENCEID) VALUES (27, 12001);
		  INSERT INTO REFERENCECATEGORY_REFERENCE(REFERENCECATEGORYID, REFERENCEID) VALUES (27, 12002);
		  INSERT INTO APPLICATIONUSER_USERROLES(APPLICATIONUSERID, REFERENCEID) VALUES (1, 319);
		  INSERT INTO APPLICATIONUSER_USERROLES(APPLICATIONUSERID, REFERENCEID) VALUES (1, 320);
		  INSERT INTO APPLICATIONUSER_USERROLES(APPLICATIONUSERID, REFERENCEID) VALUES (2, 319);
		  INSERT INTO APPLICATIONUSER_USERROLES(APPLICATIONUSERID, REFERENCEID) VALUES (2, 321);
		  INSERT INTO APPLICATIONUSER_USERROLES(APPLICATIONUSERID, REFERENCEID) VALUES (3, 319);
		  INSERT INTO APPLICATIONUSER_USERROLES(APPLICATIONUSERID, REFERENCEID) VALUES (3, 322);
		  /* Create Localization entries*/
INSERT INTO VIEW(VIEWID, VIEWNAME, CREATEDBYID, UPDATEDBYID, DATECREATED, DATEUPDATED) VALUES (1, 'Address', 1, 1, current_date, current_date);
INSERT INTO MESSAGERESOURCE(VIEWID, MESSAGEKEY, LOCALE, LOCALEREFERENCEID, MESSAGE, CREATEDBYID, UPDATEDBYID, DATECREATED, DATEUPDATED) VALUES (1, 'address.', 'en', 11000, 'Address', 1, 1, current_date, current_date);
INSERT INTO MESSAGERESOURCE(VIEWID, MESSAGEKEY, LOCALE, LOCALEREFERENCEID, MESSAGE, CREATEDBYID, UPDATEDBYID, DATECREATED, DATEUPDATED) VALUES (1, 'addressAddedSuccessMessage', 'en', 11000, 'A new record has been added.', 1, 1, current_date, current_date);
INSERT INTO MESSAGERESOURCE(VIEWID, MESSAGEKEY, LOCALE, LOCALEREFERENCEID, MESSAGE, CREATEDBYID, UPDATEDBYID, DATECREATED, DATEUPDATED) VALUES (1, 'addressUpdateSuccessMessage', 'en', 11000, 'The record has been updated.', 1, 1, current_date, current_date);
INSERT INTO MESSAGERESOURCE(VIEWID, MESSAGEKEY, LOCALE, LOCALEREFERENCEID, MESSAGE, CREATEDBYID, UPDATEDBYID, DATECREATED, DATEUPDATED) VALUES (1, 'addressUpdateIssueMessage', 'en', 11000, 'We could not update this record! We have highlighted the inputs that need your attention.', 1, 1, current_date, current_date);
INSERT INTO MESSAGERESOURCE(VIEWID, MESSAGEKEY, LOCALE, LOCALEREFERENCEID, MESSAGE, CREATEDBYID, UPDATEDBYID, DATECREATED, DATEUPDATED) VALUES (1, 'address.', 'fr', 11001, 'Adresse', 1, 1, current_date, current_date);
INSERT INTO MESSAGERESOURCE(VIEWID, MESSAGEKEY, LOCALE, LOCALEREFERENCEID, MESSAGE, CREATEDBYID, UPDATEDBYID, DATECREATED, DATEUPDATED) VALUES (1, 'addressAddedSuccessMessage', 'fr', 11001, 'A new record has been added.', 1, 1, current_date, current_date);
INSERT INTO MESSAGERESOURCE(VIEWID, MESSAGEKEY, LOCALE, LOCALEREFERENCEID, MESSAGE, CREATEDBYID, UPDATEDBYID, DATECREATED, DATEUPDATED) VALUES (1, 'addressUpdateSuccessMessage', 'fr', 11001, 'The record has been updated.', 1, 1, current_date, current_date);
INSERT INTO MESSAGERESOURCE(VIEWID, MESSAGEKEY, LOCALE, LOCALEREFERENCEID, MESSAGE, CREATEDBYID, UPDATEDBYID, DATECREATED, DATEUPDATED) VALUES (1, 'addressUpdateIssueMessage', 'fr', 11001, 'We could not update this record! We have highlighted the inputs that need your attention.', 1, 1, current_date, current_date);
INSERT INTO MESSAGERESOURCE(VIEWID, MESSAGEKEY, LOCALE, LOCALEREFERENCEID, MESSAGE, CREATEDBYID, UPDATEDBYID, DATECREATED, DATEUPDATED) VALUES (1, 'address.', 'de', 11002, 'Adresse', 1, 1, current_date, current_date);
INSERT INTO MESSAGERESOURCE(VIEWID, MESSAGEKEY, LOCALE, LOCALEREFERENCEID, MESSAGE, CREATEDBYID, UPDATEDBYID, DATECREATED, DATEUPDATED) VALUES (1, 'addressAddedSuccessMessage', 'de', 11002, 'A new record has been added.', 1, 1, current_date, current_date);
INSERT INTO MESSAGERESOURCE(VIEWID, MESSAGEKEY, LOCALE, LOCALEREFERENCEID, MESSAGE, CREATEDBYID, UPDATEDBYID, DATECREATED, DATEUPDATED) VALUES (1, 'addressUpdateSuccessMessage', 'de', 11002, 'The record has been updated.', 1, 1, current_date, current_date);
INSERT INTO MESSAGERESOURCE(VIEWID, MESSAGEKEY, LOCALE, LOCALEREFERENCEID, MESSAGE, CREATEDBYID, UPDATEDBYID, DATECREATED, DATEUPDATED) VALUES (1, 'addressUpdateIssueMessage', 'de', 11002, 'We could not update this record! We have highlighted the inputs that need your attention.', 1, 1, current_date, current_date);
INSERT INTO MESSAGERESOURCE(VIEWID, MESSAGEKEY, LOCALE, LOCALEREFERENCEID, MESSAGE, CREATEDBYID, UPDATEDBYID, DATECREATED, DATEUPDATED) VALUES (1, 'address.form.title', 'en', 11000, 'Address', 1, 1, current_date, current_date);
INSERT INTO MESSAGERESOURCE(VIEWID, MESSAGEKEY, LOCALE, LOCALEREFERENCEID, MESSAGE, CREATEDBYID, UPDATEDBYID, DATECREATED, DATEUPDATED) VALUES (1, 'addressAddedSuccessMessage', 'en', 11000, 'A new record has been added.', 1, 1, current_date, current_date);
INSERT INTO MESSAGERESOURCE(VIEWID, MESSAGEKEY, LOCALE, LOCALEREFERENCEID, MESSAGE, CREATEDBYID, UPDATEDBYID, DATECREATED, DATEUPDATED) VALUES (1, 'addressUpdateSuccessMessage', 'en', 11000, 'The record has been updated.', 1, 1, current_date, current_date);
INSERT INTO MESSAGERESOURCE(VIEWID, MESSAGEKEY, LOCALE, LOCALEREFERENCEID, MESSAGE, CREATEDBYID, UPDATEDBYID, DATECREATED, DATEUPDATED) VALUES (1, 'addressUpdateIssueMessage', 'en', 11000, 'We could not update this record! We have highlighted the inputs that need your attention.', 1, 1, current_date, current_date);
INSERT INTO MESSAGERESOURCE(VIEWID, MESSAGEKEY, LOCALE, LOCALEREFERENCEID, MESSAGE, CREATEDBYID, UPDATEDBYID, DATECREATED, DATEUPDATED) VALUES (1, 'address.form.title', 'fr', 11001, 'Adresse', 1, 1, current_date, current_date);
INSERT INTO MESSAGERESOURCE(VIEWID, MESSAGEKEY, LOCALE, LOCALEREFERENCEID, MESSAGE, CREATEDBYID, UPDATEDBYID, DATECREATED, DATEUPDATED) VALUES (1, 'addressAddedSuccessMessage', 'fr', 11001, 'A new record has been added.', 1, 1, current_date, current_date);
INSERT INTO MESSAGERESOURCE(VIEWID, MESSAGEKEY, LOCALE, LOCALEREFERENCEID, MESSAGE, CREATEDBYID, UPDATEDBYID, DATECREATED, DATEUPDATED) VALUES (1, 'addressUpdateSuccessMessage', 'fr', 11001, 'The record has been updated.', 1, 1, current_date, current_date);
INSERT INTO MESSAGERESOURCE(VIEWID, MESSAGEKEY, LOCALE, LOCALEREFERENCEID, MESSAGE, CREATEDBYID, UPDATEDBYID, DATECREATED, DATEUPDATED) VALUES (1, 'addressUpdateIssueMessage', 'fr', 11001, 'We could not update this record! We have highlighted the inputs that need your attention.', 1, 1, current_date, current_date);
INSERT INTO MESSAGERESOURCE(VIEWID, MESSAGEKEY, LOCALE, LOCALEREFERENCEID, MESSAGE, CREATEDBYID, UPDATEDBYID, DATECREATED, DATEUPDATED) VALUES (1, 'address.form.title', 'de', 11002, 'Adresse', 1, 1, current_date, current_date);
INSERT INTO MESSAGERESOURCE(VIEWID, MESSAGEKEY, LOCALE, LOCALEREFERENCEID, MESSAGE, CREATEDBYID, UPDATEDBYID, DATECREATED, DATEUPDATED) VALUES (1, 'addressAddedSuccessMessage', 'de', 11002, 'A new record has been added.', 1, 1, current_date, current_date);
INSERT INTO MESSAGERESOURCE(VIEWID, MESSAGEKEY, LOCALE, LOCALEREFERENCEID, MESSAGE, CREATEDBYID, UPDATEDBYID, DATECREATED, DATEUPDATED) VALUES (1, 'addressUpdateSuccessMessage', 'de', 11002, 'The record has been updated.', 1, 1, current_date, current_date);
INSERT INTO MESSAGERESOURCE(VIEWID, MESSAGEKEY, LOCALE, LOCALEREFERENCEID, MESSAGE, CREATEDBYID, UPDATEDBYID, DATECREATED, DATEUPDATED) VALUES (1, 'addressUpdateIssueMessage', 'de', 11002, 'We could not update this record! We have highlighted the inputs that need your attention.', 1, 1, current_date, current_date);
INSERT INTO MESSAGERESOURCE(VIEWID, MESSAGEKEY, LOCALE, LOCALEREFERENCEID, MESSAGE, CREATEDBYID, UPDATEDBYID, DATECREATED, DATEUPDATED) VALUES (1, 'address.form.header', 'en', 11000, 'Address', 1, 1, current_date, current_date);
INSERT INTO MESSAGERESOURCE(VIEWID, MESSAGEKEY, LOCALE, LOCALEREFERENCEID, MESSAGE, CREATEDBYID, UPDATEDBYID, DATECREATED, DATEUPDATED) VALUES (1, 'addressAddedSuccessMessage', 'en', 11000, 'A new record has been added.', 1, 1, current_date, current_date);
INSERT INTO MESSAGERESOURCE(VIEWID, MESSAGEKEY, LOCALE, LOCALEREFERENCEID, MESSAGE, CREATEDBYID, UPDATEDBYID, DATECREATED, DATEUPDATED) VALUES (1, 'addressUpdateSuccessMessage', 'en', 11000, 'The record has been updated.', 1, 1, current_date, current_date);
INSERT INTO MESSAGERESOURCE(VIEWID, MESSAGEKEY, LOCALE, LOCALEREFERENCEID, MESSAGE, CREATEDBYID, UPDATEDBYID, DATECREATED, DATEUPDATED) VALUES (1, 'addressUpdateIssueMessage', 'en', 11000, 'We could not update this record! We have highlighted the inputs that need your attention.', 1, 1, current_date, current_date);
INSERT INTO MESSAGERESOURCE(VIEWID, MESSAGEKEY, LOCALE, LOCALEREFERENCEID, MESSAGE, CREATEDBYID, UPDATEDBYID, DATECREATED, DATEUPDATED) VALUES (1, 'address.form.header', 'fr', 11001, 'Adresse', 1, 1, current_date, current_date);
INSERT INTO MESSAGERESOURCE(VIEWID, MESSAGEKEY, LOCALE, LOCALEREFERENCEID, MESSAGE, CREATEDBYID, UPDATEDBYID, DATECREATED, DATEUPDATED) VALUES (1, 'addressAddedSuccessMessage', 'fr', 11001, 'A new record has been added.', 1, 1, current_date, current_date);
INSERT INTO MESSAGERESOURCE(VIEWID, MESSAGEKEY, LOCALE, LOCALEREFERENCEID, MESSAGE, CREATEDBYID, UPDATEDBYID, DATECREATED, DATEUPDATED) VALUES (1, 'addressUpdateSuccessMessage', 'fr', 11001, 'The record has been updated.', 1, 1, current_date, current_date);
INSERT INTO MESSAGERESOURCE(VIEWID, MESSAGEKEY, LOCALE, LOCALEREFERENCEID, MESSAGE, CREATEDBYID, UPDATEDBYID, DATECREATED, DATEUPDATED) VALUES (1, 'addressUpdateIssueMessage', 'fr', 11001, 'We could not update this record! We have highlighted the inputs that need your attention.', 1, 1, current_date, current_date);
INSERT INTO MESSAGERESOURCE(VIEWID, MESSAGEKEY, LOCALE, LOCALEREFERENCEID, MESSAGE, CREATEDBYID, UPDATEDBYID, DATECREATED, DATEUPDATED) VALUES (1, 'address.form.header', 'de', 11002, 'Adresse', 1, 1, current_date, current_date);
INSERT INTO MESSAGERESOURCE(VIEWID, MESSAGEKEY, LOCALE, LOCALEREFERENCEID, MESSAGE, CREATEDBYID, UPDATEDBYID, DATECREATED, DATEUPDATED) VALUES (1, 'addressAddedSuccessMessage', 'de', 11002, 'A new record has been added.', 1, 1, current_date, current_date);
INSERT INTO MESSAGERESOURCE(VIEWID, MESSAGEKEY, LOCALE, LOCALEREFERENCEID, MESSAGE, CREATEDBYID, UPDATEDBYID, DATECREATED, DATEUPDATED) VALUES (1, 'addressUpdateSuccessMessage', 'de', 11002, 'The record has been updated.', 1, 1, current_date, current_date);
INSERT INTO MESSAGERESOURCE(VIEWID, MESSAGEKEY, LOCALE, LOCALEREFERENCEID, MESSAGE, CREATEDBYID, UPDATEDBYID, DATECREATED, DATEUPDATED) VALUES (1, 'addressUpdateIssueMessage', 'de', 11002, 'We could not update this record! We have highlighted the inputs that need your attention.', 1, 1, current_date, current_date);
INSERT INTO MESSAGERESOURCE(VIEWID, MESSAGEKEY, LOCALE, LOCALEREFERENCEID, MESSAGE, CREATEDBYID, UPDATEDBYID, DATECREATED, DATEUPDATED) VALUES (1, 'address.form.subheader', 'en', 11000, 'Please provide us with the following information', 1, 1, current_date, current_date);
INSERT INTO MESSAGERESOURCE(VIEWID, MESSAGEKEY, LOCALE, LOCALEREFERENCEID, MESSAGE, CREATEDBYID, UPDATEDBYID, DATECREATED, DATEUPDATED) VALUES (1, 'addressAddedSuccessMessage', 'en', 11000, 'A new record has been added.', 1, 1, current_date, current_date);
INSERT INTO MESSAGERESOURCE(VIEWID, MESSAGEKEY, LOCALE, LOCALEREFERENCEID, MESSAGE, CREATEDBYID, UPDATEDBYID, DATECREATED, DATEUPDATED) VALUES (1, 'addressUpdateSuccessMessage', 'en', 11000, 'The record has been updated.', 1, 1, current_date, current_date);
INSERT INTO MESSAGERESOURCE(VIEWID, MESSAGEKEY, LOCALE, LOCALEREFERENCEID, MESSAGE, CREATEDBYID, UPDATEDBYID, DATECREATED, DATEUPDATED) VALUES (1, 'addressUpdateIssueMessage', 'en', 11000, 'We could not update this record! We have highlighted the inputs that need your attention.', 1, 1, current_date, current_date);
INSERT INTO MESSAGERESOURCE(VIEWID, MESSAGEKEY, LOCALE, LOCALEREFERENCEID, MESSAGE, CREATEDBYID, UPDATEDBYID, DATECREATED, DATEUPDATED) VALUES (1, 'address.form.subheader', 'fr', 11001, 'S''il vous plat nous fournir les informations suivantes', 1, 1, current_date, current_date);
INSERT INTO MESSAGERESOURCE(VIEWID, MESSAGEKEY, LOCALE, LOCALEREFERENCEID, MESSAGE, CREATEDBYID, UPDATEDBYID, DATECREATED, DATEUPDATED) VALUES (1, 'addressAddedSuccessMessage', 'fr', 11001, 'A new record has been added.', 1, 1, current_date, current_date);
INSERT INTO MESSAGERESOURCE(VIEWID, MESSAGEKEY, LOCALE, LOCALEREFERENCEID, MESSAGE, CREATEDBYID, UPDATEDBYID, DATECREATED, DATEUPDATED) VALUES (1, 'addressUpdateSuccessMessage', 'fr', 11001, 'The record has been updated.', 1, 1, current_date, current_date);
INSERT INTO MESSAGERESOURCE(VIEWID, MESSAGEKEY, LOCALE, LOCALEREFERENCEID, MESSAGE, CREATEDBYID, UPDATEDBYID, DATECREATED, DATEUPDATED) VALUES (1, 'addressUpdateIssueMessage', 'fr', 11001, 'We could not update this record! We have highlighted the inputs that need your attention.', 1, 1, current_date, current_date);
INSERT INTO MESSAGERESOURCE(VIEWID, MESSAGEKEY, LOCALE, LOCALEREFERENCEID, MESSAGE, CREATEDBYID, UPDATEDBYID, DATECREATED, DATEUPDATED) VALUES (1, 'address.form.subheader', 'de', 11002, 'Bitte geben Sie die folgenden Informationen', 1, 1, current_date, current_date);
INSERT INTO MESSAGERESOURCE(VIEWID, MESSAGEKEY, LOCALE, LOCALEREFERENCEID, MESSAGE, CREATEDBYID, UPDATEDBYID, DATECREATED, DATEUPDATED) VALUES (1, 'addressAddedSuccessMessage', 'de', 11002, 'A new record has been added.', 1, 1, current_date, current_date);
INSERT INTO MESSAGERESOURCE(VIEWID, MESSAGEKEY, LOCALE, LOCALEREFERENCEID, MESSAGE, CREATEDBYID, UPDATEDBYID, DATECREATED, DATEUPDATED) VALUES (1, 'addressUpdateSuccessMessage', 'de', 11002, 'The record has been updated.', 1, 1, current_date, current_date);
INSERT INTO MESSAGERESOURCE(VIEWID, MESSAGEKEY, LOCALE, LOCALEREFERENCEID, MESSAGE, CREATEDBYID, UPDATEDBYID, DATECREATED, DATEUPDATED) VALUES (1, 'addressUpdateIssueMessage', 'de', 11002, 'We could not update this record! We have highlighted the inputs that need your attention.', 1, 1, current_date, current_date);
INSERT INTO MESSAGERESOURCE(VIEWID, MESSAGEKEY, LOCALE, LOCALEREFERENCEID, MESSAGE, CREATEDBYID, UPDATEDBYID, DATECREATED, DATEUPDATED) VALUES (1, 'frmAddressAddressOneLabel', 'en', 11000, 'Address Line 1', 1, 1, current_date, current_date);
INSERT INTO MESSAGERESOURCE(VIEWID, MESSAGEKEY, LOCALE, LOCALEREFERENCEID, MESSAGE, CREATEDBYID, UPDATEDBYID, DATECREATED, DATEUPDATED) VALUES (1, 'frmAddressAddressOneHelpBlock', 'en', 11000, 'Please enter your house/apartment number', 1, 1, current_date, current_date);
INSERT INTO MESSAGERESOURCE(VIEWID, MESSAGEKEY, LOCALE, LOCALEREFERENCEID, MESSAGE, CREATEDBYID, UPDATEDBYID, DATECREATED, DATEUPDATED) VALUES (1, 'frmAddressAddressOnePlaceHolder', 'en', 11000, 'Your house/apartment number', 1, 1, current_date, current_date);
INSERT INTO MESSAGERESOURCE(VIEWID, MESSAGEKEY, LOCALE, LOCALEREFERENCEID, MESSAGE, CREATEDBYID, UPDATEDBYID, DATECREATED, DATEUPDATED) VALUES (1, 'frmAddressAddressOneLabel', 'fr', 11001, 'Adresse Ligne 1', 1, 1, current_date, current_date);
INSERT INTO MESSAGERESOURCE(VIEWID, MESSAGEKEY, LOCALE, LOCALEREFERENCEID, MESSAGE, CREATEDBYID, UPDATEDBYID, DATECREATED, DATEUPDATED) VALUES (1, 'frmAddressAddressOneHelpBlock', 'fr', 11001, '', 1, 1, current_date, current_date);
INSERT INTO MESSAGERESOURCE(VIEWID, MESSAGEKEY, LOCALE, LOCALEREFERENCEID, MESSAGE, CREATEDBYID, UPDATEDBYID, DATECREATED, DATEUPDATED) VALUES (1, 'frmAddressAddressOnePlaceHolder', 'fr', 11001, 'Votre maison/numro d''appartement', 1, 1, current_date, current_date);
INSERT INTO MESSAGERESOURCE(VIEWID, MESSAGEKEY, LOCALE, LOCALEREFERENCEID, MESSAGE, CREATEDBYID, UPDATEDBYID, DATECREATED, DATEUPDATED) VALUES (1, 'frmAddressAddressOneLabel', 'de', 11002, 'Adresszeile 1', 1, 1, current_date, current_date);
INSERT INTO MESSAGERESOURCE(VIEWID, MESSAGEKEY, LOCALE, LOCALEREFERENCEID, MESSAGE, CREATEDBYID, UPDATEDBYID, DATECREATED, DATEUPDATED) VALUES (1, 'frmAddressAddressOneHelpBlock', 'de', 11002, '', 1, 1, current_date, current_date);
INSERT INTO MESSAGERESOURCE(VIEWID, MESSAGEKEY, LOCALE, LOCALEREFERENCEID, MESSAGE, CREATEDBYID, UPDATEDBYID, DATECREATED, DATEUPDATED) VALUES (1, 'frmAddressAddressOnePlaceHolder', 'de', 11002, 'Ihr Haus/Wohnung Nummer', 1, 1, current_date, current_date);
INSERT INTO MESSAGERESOURCE(VIEWID, MESSAGEKEY, LOCALE, LOCALEREFERENCEID, MESSAGE, CREATEDBYID, UPDATEDBYID, DATECREATED, DATEUPDATED) VALUES (1, 'frmAddressAddressTwoLabel', 'en', 11000, 'Address Line 2', 1, 1, current_date, current_date);
INSERT INTO MESSAGERESOURCE(VIEWID, MESSAGEKEY, LOCALE, LOCALEREFERENCEID, MESSAGE, CREATEDBYID, UPDATEDBYID, DATECREATED, DATEUPDATED) VALUES (1, 'frmAddressAddressTwoHelpBlock', 'en', 11000, 'Please enter your street', 1, 1, current_date, current_date);
INSERT INTO MESSAGERESOURCE(VIEWID, MESSAGEKEY, LOCALE, LOCALEREFERENCEID, MESSAGE, CREATEDBYID, UPDATEDBYID, DATECREATED, DATEUPDATED) VALUES (1, 'frmAddressAddressTwoPlaceHolder', 'en', 11000, 'Your street', 1, 1, current_date, current_date);
INSERT INTO MESSAGERESOURCE(VIEWID, MESSAGEKEY, LOCALE, LOCALEREFERENCEID, MESSAGE, CREATEDBYID, UPDATEDBYID, DATECREATED, DATEUPDATED) VALUES (1, 'frmAddressAddressTwoLabel', 'fr', 11001, 'Adresse Ligne 2', 1, 1, current_date, current_date);
INSERT INTO MESSAGERESOURCE(VIEWID, MESSAGEKEY, LOCALE, LOCALEREFERENCEID, MESSAGE, CREATEDBYID, UPDATEDBYID, DATECREATED, DATEUPDATED) VALUES (1, 'frmAddressAddressTwoHelpBlock', 'fr', 11001, '', 1, 1, current_date, current_date);
INSERT INTO MESSAGERESOURCE(VIEWID, MESSAGEKEY, LOCALE, LOCALEREFERENCEID, MESSAGE, CREATEDBYID, UPDATEDBYID, DATECREATED, DATEUPDATED) VALUES (1, 'frmAddressAddressTwoPlaceHolder', 'fr', 11001, 'Votre rue', 1, 1, current_date, current_date);
INSERT INTO MESSAGERESOURCE(VIEWID, MESSAGEKEY, LOCALE, LOCALEREFERENCEID, MESSAGE, CREATEDBYID, UPDATEDBYID, DATECREATED, DATEUPDATED) VALUES (1, 'frmAddressAddressTwoLabel', 'de', 11002, 'Adresszeile 2', 1, 1, current_date, current_date);
INSERT INTO MESSAGERESOURCE(VIEWID, MESSAGEKEY, LOCALE, LOCALEREFERENCEID, MESSAGE, CREATEDBYID, UPDATEDBYID, DATECREATED, DATEUPDATED) VALUES (1, 'frmAddressAddressTwoHelpBlock', 'de', 11002, '', 1, 1, current_date, current_date);
INSERT INTO MESSAGERESOURCE(VIEWID, MESSAGEKEY, LOCALE, LOCALEREFERENCEID, MESSAGE, CREATEDBYID, UPDATEDBYID, DATECREATED, DATEUPDATED) VALUES (1, 'frmAddressAddressTwoPlaceHolder', 'de', 11002, 'Ihre Strae', 1, 1, current_date, current_date);
INSERT INTO MESSAGERESOURCE(VIEWID, MESSAGEKEY, LOCALE, LOCALEREFERENCEID, MESSAGE, CREATEDBYID, UPDATEDBYID, DATECREATED, DATEUPDATED) VALUES (1, 'frmAddressCityLabel', 'en', 11000, 'Town/Townland/City', 1, 1, current_date, current_date);
INSERT INTO MESSAGERESOURCE(VIEWID, MESSAGEKEY, LOCALE, LOCALEREFERENCEID, MESSAGE, CREATEDBYID, UPDATEDBYID, DATECREATED, DATEUPDATED) VALUES (1, 'frmAddressCityHelpBlock', 'en', 11000, 'Please enter your postcode', 1, 1, current_date, current_date);
INSERT INTO MESSAGERESOURCE(VIEWID, MESSAGEKEY, LOCALE, LOCALEREFERENCEID, MESSAGE, CREATEDBYID, UPDATEDBYID, DATECREATED, DATEUPDATED) VALUES (1, 'frmAddressCityPlaceHolder', 'en', 11000, 'Optional', 1, 1, current_date, current_date);
INSERT INTO MESSAGERESOURCE(VIEWID, MESSAGEKEY, LOCALE, LOCALEREFERENCEID, MESSAGE, CREATEDBYID, UPDATEDBYID, DATECREATED, DATEUPDATED) VALUES (1, 'frmAddressCityLabel', 'fr', 11001, 'Ville', 1, 1, current_date, current_date);
INSERT INTO MESSAGERESOURCE(VIEWID, MESSAGEKEY, LOCALE, LOCALEREFERENCEID, MESSAGE, CREATEDBYID, UPDATEDBYID, DATECREATED, DATEUPDATED) VALUES (1, 'frmAddressCityHelpBlock', 'fr', 11001, '', 1, 1, current_date, current_date);
INSERT INTO MESSAGERESOURCE(VIEWID, MESSAGEKEY, LOCALE, LOCALEREFERENCEID, MESSAGE, CREATEDBYID, UPDATEDBYID, DATECREATED, DATEUPDATED) VALUES (1, 'frmAddressCityPlaceHolder', 'fr', 11001, 'Optionnel', 1, 1, current_date, current_date);
INSERT INTO MESSAGERESOURCE(VIEWID, MESSAGEKEY, LOCALE, LOCALEREFERENCEID, MESSAGE, CREATEDBYID, UPDATEDBYID, DATECREATED, DATEUPDATED) VALUES (1, 'frmAddressCityLabel', 'de', 11002, 'Stadt', 1, 1, current_date, current_date);
INSERT INTO MESSAGERESOURCE(VIEWID, MESSAGEKEY, LOCALE, LOCALEREFERENCEID, MESSAGE, CREATEDBYID, UPDATEDBYID, DATECREATED, DATEUPDATED) VALUES (1, 'frmAddressCityHelpBlock', 'de', 11002, '', 1, 1, current_date, current_date);
INSERT INTO MESSAGERESOURCE(VIEWID, MESSAGEKEY, LOCALE, LOCALEREFERENCEID, MESSAGE, CREATEDBYID, UPDATEDBYID, DATECREATED, DATEUPDATED) VALUES (1, 'frmAddressCityPlaceHolder', 'de', 11002, 'Optional', 1, 1, current_date, current_date);
INSERT INTO MESSAGERESOURCE(VIEWID, MESSAGEKEY, LOCALE, LOCALEREFERENCEID, MESSAGE, CREATEDBYID, UPDATEDBYID, DATECREATED, DATEUPDATED) VALUES (1, 'frmAddressStateProvinceRegionLabel', 'en', 11000, 'State/Province/Region', 1, 1, current_date, current_date);
INSERT INTO MESSAGERESOURCE(VIEWID, MESSAGEKEY, LOCALE, LOCALEREFERENCEID, MESSAGE, CREATEDBYID, UPDATEDBYID, DATECREATED, DATEUPDATED) VALUES (1, 'frmAddressStateProvinceRegionHelpBlock', 'en', 11000, '', 1, 1, current_date, current_date);
INSERT INTO MESSAGERESOURCE(VIEWID, MESSAGEKEY, LOCALE, LOCALEREFERENCEID, MESSAGE, CREATEDBYID, UPDATEDBYID, DATECREATED, DATEUPDATED) VALUES (1, 'frmAddressStateProvinceRegionPlaceHolder', 'en', 11000, 'Optional', 1, 1, current_date, current_date);
INSERT INTO MESSAGERESOURCE(VIEWID, MESSAGEKEY, LOCALE, LOCALEREFERENCEID, MESSAGE, CREATEDBYID, UPDATEDBYID, DATECREATED, DATEUPDATED) VALUES (1, 'frmAddressStateProvinceRegionLabel', 'fr', 11001, 'Etat/Province/Rgion', 1, 1, current_date, current_date);
INSERT INTO MESSAGERESOURCE(VIEWID, MESSAGEKEY, LOCALE, LOCALEREFERENCEID, MESSAGE, CREATEDBYID, UPDATEDBYID, DATECREATED, DATEUPDATED) VALUES (1, 'frmAddressStateProvinceRegionHelpBlock', 'fr', 11001, '', 1, 1, current_date, current_date);
INSERT INTO MESSAGERESOURCE(VIEWID, MESSAGEKEY, LOCALE, LOCALEREFERENCEID, MESSAGE, CREATEDBYID, UPDATEDBYID, DATECREATED, DATEUPDATED) VALUES (1, 'frmAddressStateProvinceRegionPlaceHolder', 'fr', 11001, 'Optionnel', 1, 1, current_date, current_date);
INSERT INTO MESSAGERESOURCE(VIEWID, MESSAGEKEY, LOCALE, LOCALEREFERENCEID, MESSAGE, CREATEDBYID, UPDATEDBYID, DATECREATED, DATEUPDATED) VALUES (1, 'frmAddressStateProvinceRegionLabel', 'de', 11002, 'Staat/Provinz/Region', 1, 1, current_date, current_date);
INSERT INTO MESSAGERESOURCE(VIEWID, MESSAGEKEY, LOCALE, LOCALEREFERENCEID, MESSAGE, CREATEDBYID, UPDATEDBYID, DATECREATED, DATEUPDATED) VALUES (1, 'frmAddressStateProvinceRegionHelpBlock', 'de', 11002, '', 1, 1, current_date, current_date);
INSERT INTO MESSAGERESOURCE(VIEWID, MESSAGEKEY, LOCALE, LOCALEREFERENCEID, MESSAGE, CREATEDBYID, UPDATEDBYID, DATECREATED, DATEUPDATED) VALUES (1, 'frmAddressStateProvinceRegionPlaceHolder', 'de', 11002, 'Optional', 1, 1, current_date, current_date);
INSERT INTO MESSAGERESOURCE(VIEWID, MESSAGEKEY, LOCALE, LOCALEREFERENCEID, MESSAGE, CREATEDBYID, UPDATEDBYID, DATECREATED, DATEUPDATED) VALUES (1, 'frmAddressPostCodeLabel', 'en', 11000, 'Post Code', 1, 1, current_date, current_date);
INSERT INTO MESSAGERESOURCE(VIEWID, MESSAGEKEY, LOCALE, LOCALEREFERENCEID, MESSAGE, CREATEDBYID, UPDATEDBYID, DATECREATED, DATEUPDATED) VALUES (1, 'frmAddressPostCodeHelpBlock', 'en', 11000, '', 1, 1, current_date, current_date);
INSERT INTO MESSAGERESOURCE(VIEWID, MESSAGEKEY, LOCALE, LOCALEREFERENCEID, MESSAGE, CREATEDBYID, UPDATEDBYID, DATECREATED, DATEUPDATED) VALUES (1, 'frmAddressPostCodePlaceHolder', 'en', 11000, 'Post Code', 1, 1, current_date, current_date);
INSERT INTO MESSAGERESOURCE(VIEWID, MESSAGEKEY, LOCALE, LOCALEREFERENCEID, MESSAGE, CREATEDBYID, UPDATEDBYID, DATECREATED, DATEUPDATED) VALUES (1, 'frmAddressPostCodeLabel', 'fr', 11001, 'Code Postal', 1, 1, current_date, current_date);
INSERT INTO MESSAGERESOURCE(VIEWID, MESSAGEKEY, LOCALE, LOCALEREFERENCEID, MESSAGE, CREATEDBYID, UPDATEDBYID, DATECREATED, DATEUPDATED) VALUES (1, 'frmAddressPostCodeHelpBlock', 'fr', 11001, '', 1, 1, current_date, current_date);
INSERT INTO MESSAGERESOURCE(VIEWID, MESSAGEKEY, LOCALE, LOCALEREFERENCEID, MESSAGE, CREATEDBYID, UPDATEDBYID, DATECREATED, DATEUPDATED) VALUES (1, 'frmAddressPostCodePlaceHolder', 'fr', 11001, 'Code Postal', 1, 1, current_date, current_date);
INSERT INTO MESSAGERESOURCE(VIEWID, MESSAGEKEY, LOCALE, LOCALEREFERENCEID, MESSAGE, CREATEDBYID, UPDATEDBYID, DATECREATED, DATEUPDATED) VALUES (1, 'frmAddressPostCodeLabel', 'de', 11002, 'PLZ', 1, 1, current_date, current_date);
INSERT INTO MESSAGERESOURCE(VIEWID, MESSAGEKEY, LOCALE, LOCALEREFERENCEID, MESSAGE, CREATEDBYID, UPDATEDBYID, DATECREATED, DATEUPDATED) VALUES (1, 'frmAddressPostCodeHelpBlock', 'de', 11002, '', 1, 1, current_date, current_date);
INSERT INTO MESSAGERESOURCE(VIEWID, MESSAGEKEY, LOCALE, LOCALEREFERENCEID, MESSAGE, CREATEDBYID, UPDATEDBYID, DATECREATED, DATEUPDATED) VALUES (1, 'frmAddressPostCodePlaceHolder', 'de', 11002, 'PLZ', 1, 1, current_date, current_date);
INSERT INTO MESSAGERESOURCE(VIEWID, MESSAGEKEY, LOCALE, LOCALEREFERENCEID, MESSAGE, CREATEDBYID, UPDATEDBYID, DATECREATED, DATEUPDATED) VALUES (1, 'frmAddressCountryLabel', 'en', 11000, 'Country', 1, 1, current_date, current_date);
INSERT INTO MESSAGERESOURCE(VIEWID, MESSAGEKEY, LOCALE, LOCALEREFERENCEID, MESSAGE, CREATEDBYID, UPDATEDBYID, DATECREATED, DATEUPDATED) VALUES (1, 'frmAddressCountryHelpBlock', 'en', 11000, '', 1, 1, current_date, current_date);
INSERT INTO MESSAGERESOURCE(VIEWID, MESSAGEKEY, LOCALE, LOCALEREFERENCEID, MESSAGE, CREATEDBYID, UPDATEDBYID, DATECREATED, DATEUPDATED) VALUES (1, 'frmAddressCountryPlaceHolder', 'en', 11000, 'Please select', 1, 1, current_date, current_date);
INSERT INTO MESSAGERESOURCE(VIEWID, MESSAGEKEY, LOCALE, LOCALEREFERENCEID, MESSAGE, CREATEDBYID, UPDATEDBYID, DATECREATED, DATEUPDATED) VALUES (1, 'frmAddressCountryLabel', 'fr', 11001, 'Pays', 1, 1, current_date, current_date);
INSERT INTO MESSAGERESOURCE(VIEWID, MESSAGEKEY, LOCALE, LOCALEREFERENCEID, MESSAGE, CREATEDBYID, UPDATEDBYID, DATECREATED, DATEUPDATED) VALUES (1, 'frmAddressCountryHelpBlock', 'fr', 11001, '', 1, 1, current_date, current_date);
INSERT INTO MESSAGERESOURCE(VIEWID, MESSAGEKEY, LOCALE, LOCALEREFERENCEID, MESSAGE, CREATEDBYID, UPDATEDBYID, DATECREATED, DATEUPDATED) VALUES (1, 'frmAddressCountryPlaceHolder', 'fr', 11001, 'Veuillez choisir', 1, 1, current_date, current_date);
INSERT INTO MESSAGERESOURCE(VIEWID, MESSAGEKEY, LOCALE, LOCALEREFERENCEID, MESSAGE, CREATEDBYID, UPDATEDBYID, DATECREATED, DATEUPDATED) VALUES (1, 'frmAddressCountryLabel', 'de', 11002, 'Land', 1, 1, current_date, current_date);
INSERT INTO MESSAGERESOURCE(VIEWID, MESSAGEKEY, LOCALE, LOCALEREFERENCEID, MESSAGE, CREATEDBYID, UPDATEDBYID, DATECREATED, DATEUPDATED) VALUES (1, 'frmAddressCountryHelpBlock', 'de', 11002, '', 1, 1, current_date, current_date);
INSERT INTO MESSAGERESOURCE(VIEWID, MESSAGEKEY, LOCALE, LOCALEREFERENCEID, MESSAGE, CREATEDBYID, UPDATEDBYID, DATECREATED, DATEUPDATED) VALUES (1, 'frmAddressCountryPlaceHolder', 'de', 11002, 'Bitte auswhlen ', 1, 1, current_date, current_date);
INSERT INTO MESSAGERESOURCE(VIEWID, MESSAGEKEY, LOCALE, LOCALEREFERENCEID, MESSAGE, CREATEDBYID, UPDATEDBYID, DATECREATED, DATEUPDATED) VALUES (1, 'frmAddressSaveButtonLabel', 'en', 11000, 'Save', 1, 1, current_date, current_date);
INSERT INTO MESSAGERESOURCE(VIEWID, MESSAGEKEY, LOCALE, LOCALEREFERENCEID, MESSAGE, CREATEDBYID, UPDATEDBYID, DATECREATED, DATEUPDATED) VALUES (1, 'frmAddressSaveButtonHelpBlock', 'en', 11000, '', 1, 1, current_date, current_date);
INSERT INTO MESSAGERESOURCE(VIEWID, MESSAGEKEY, LOCALE, LOCALEREFERENCEID, MESSAGE, CREATEDBYID, UPDATEDBYID, DATECREATED, DATEUPDATED) VALUES (1, 'frmAddressSaveButtonPlaceHolder', 'en', 11000, '', 1, 1, current_date, current_date);
INSERT INTO MESSAGERESOURCE(VIEWID, MESSAGEKEY, LOCALE, LOCALEREFERENCEID, MESSAGE, CREATEDBYID, UPDATEDBYID, DATECREATED, DATEUPDATED) VALUES (1, 'frmAddressSaveButtonLabel', 'fr', 11001, 'Enregistrer', 1, 1, current_date, current_date);
INSERT INTO MESSAGERESOURCE(VIEWID, MESSAGEKEY, LOCALE, LOCALEREFERENCEID, MESSAGE, CREATEDBYID, UPDATEDBYID, DATECREATED, DATEUPDATED) VALUES (1, 'frmAddressSaveButtonHelpBlock', 'fr', 11001, '', 1, 1, current_date, current_date);
INSERT INTO MESSAGERESOURCE(VIEWID, MESSAGEKEY, LOCALE, LOCALEREFERENCEID, MESSAGE, CREATEDBYID, UPDATEDBYID, DATECREATED, DATEUPDATED) VALUES (1, 'frmAddressSaveButtonPlaceHolder', 'fr', 11001, '', 1, 1, current_date, current_date);
INSERT INTO MESSAGERESOURCE(VIEWID, MESSAGEKEY, LOCALE, LOCALEREFERENCEID, MESSAGE, CREATEDBYID, UPDATEDBYID, DATECREATED, DATEUPDATED) VALUES (1, 'frmAddressSaveButtonLabel', 'de', 11002, 'Rekord', 1, 1, current_date, current_date);
INSERT INTO MESSAGERESOURCE(VIEWID, MESSAGEKEY, LOCALE, LOCALEREFERENCEID, MESSAGE, CREATEDBYID, UPDATEDBYID, DATECREATED, DATEUPDATED) VALUES (1, 'frmAddressSaveButtonHelpBlock', 'de', 11002, '', 1, 1, current_date, current_date);
INSERT INTO MESSAGERESOURCE(VIEWID, MESSAGEKEY, LOCALE, LOCALEREFERENCEID, MESSAGE, CREATEDBYID, UPDATEDBYID, DATECREATED, DATEUPDATED) VALUES (1, 'frmAddressSaveButtonPlaceHolder', 'de', 11002, '', 1, 1, current_date, current_date);
INSERT INTO VIEW(VIEWID, VIEWNAME, CREATEDBYID, UPDATEDBYID, DATECREATED, DATEUPDATED) VALUES (2, 'Pledge Profile', 1, 1, current_date, current_date);
INSERT INTO MESSAGERESOURCE(VIEWID, MESSAGEKEY, LOCALE, LOCALEREFERENCEID, MESSAGE, CREATEDBYID, UPDATEDBYID, DATECREATED, DATEUPDATED) VALUES (2, 'registerofpledges.', 'en', 11000, 'Pledge Profile', 1, 1, current_date, current_date);
INSERT INTO MESSAGERESOURCE(VIEWID, MESSAGEKEY, LOCALE, LOCALEREFERENCEID, MESSAGE, CREATEDBYID, UPDATEDBYID, DATECREATED, DATEUPDATED) VALUES (2, 'registerOfPledgesAddedSuccessMessage', 'en', 11000, 'A new record has been added.', 1, 1, current_date, current_date);
INSERT INTO MESSAGERESOURCE(VIEWID, MESSAGEKEY, LOCALE, LOCALEREFERENCEID, MESSAGE, CREATEDBYID, UPDATEDBYID, DATECREATED, DATEUPDATED) VALUES (2, 'registerOfPledgesUpdateSuccessMessage', 'en', 11000, 'The record has been updated.', 1, 1, current_date, current_date);
INSERT INTO MESSAGERESOURCE(VIEWID, MESSAGEKEY, LOCALE, LOCALEREFERENCEID, MESSAGE, CREATEDBYID, UPDATEDBYID, DATECREATED, DATEUPDATED) VALUES (2, 'registerOfPledgesUpdateIssueMessage', 'en', 11000, 'We could not update this record! We have highlighted the inputs that need your attention.', 1, 1, current_date, current_date);
INSERT INTO MESSAGERESOURCE(VIEWID, MESSAGEKEY, LOCALE, LOCALEREFERENCEID, MESSAGE, CREATEDBYID, UPDATEDBYID, DATECREATED, DATEUPDATED) VALUES (2, 'registerofpledges.', 'fr', 11001, 'Gages Profile', 1, 1, current_date, current_date);
INSERT INTO MESSAGERESOURCE(VIEWID, MESSAGEKEY, LOCALE, LOCALEREFERENCEID, MESSAGE, CREATEDBYID, UPDATEDBYID, DATECREATED, DATEUPDATED) VALUES (2, 'registerOfPledgesAddedSuccessMessage', 'fr', 11001, 'A new record has been added.', 1, 1, current_date, current_date);
INSERT INTO MESSAGERESOURCE(VIEWID, MESSAGEKEY, LOCALE, LOCALEREFERENCEID, MESSAGE, CREATEDBYID, UPDATEDBYID, DATECREATED, DATEUPDATED) VALUES (2, 'registerOfPledgesUpdateSuccessMessage', 'fr', 11001, 'The record has been updated.', 1, 1, current_date, current_date);
INSERT INTO MESSAGERESOURCE(VIEWID, MESSAGEKEY, LOCALE, LOCALEREFERENCEID, MESSAGE, CREATEDBYID, UPDATEDBYID, DATECREATED, DATEUPDATED) VALUES (2, 'registerOfPledgesUpdateIssueMessage', 'fr', 11001, 'We could not update this record! We have highlighted the inputs that need your attention.', 1, 1, current_date, current_date);
INSERT INTO MESSAGERESOURCE(VIEWID, MESSAGEKEY, LOCALE, LOCALEREFERENCEID, MESSAGE, CREATEDBYID, UPDATEDBYID, DATECREATED, DATEUPDATED) VALUES (2, 'registerofpledges.', 'de', 11002, 'Pfand Profile ', 1, 1, current_date, current_date);
INSERT INTO MESSAGERESOURCE(VIEWID, MESSAGEKEY, LOCALE, LOCALEREFERENCEID, MESSAGE, CREATEDBYID, UPDATEDBYID, DATECREATED, DATEUPDATED) VALUES (2, 'registerOfPledgesAddedSuccessMessage', 'de', 11002, 'A new record has been added.', 1, 1, current_date, current_date);
INSERT INTO MESSAGERESOURCE(VIEWID, MESSAGEKEY, LOCALE, LOCALEREFERENCEID, MESSAGE, CREATEDBYID, UPDATEDBYID, DATECREATED, DATEUPDATED) VALUES (2, 'registerOfPledgesUpdateSuccessMessage', 'de', 11002, 'The record has been updated.', 1, 1, current_date, current_date);
INSERT INTO MESSAGERESOURCE(VIEWID, MESSAGEKEY, LOCALE, LOCALEREFERENCEID, MESSAGE, CREATEDBYID, UPDATEDBYID, DATECREATED, DATEUPDATED) VALUES (2, 'registerOfPledgesUpdateIssueMessage', 'de', 11002, 'We could not update this record! We have highlighted the inputs that need your attention.', 1, 1, current_date, current_date);
INSERT INTO MESSAGERESOURCE(VIEWID, MESSAGEKEY, LOCALE, LOCALEREFERENCEID, MESSAGE, CREATEDBYID, UPDATEDBYID, DATECREATED, DATEUPDATED) VALUES (2, 'registerofpledges.form.title', 'en', 11000, 'Register Of Pledges', 1, 1, current_date, current_date);
INSERT INTO MESSAGERESOURCE(VIEWID, MESSAGEKEY, LOCALE, LOCALEREFERENCEID, MESSAGE, CREATEDBYID, UPDATEDBYID, DATECREATED, DATEUPDATED) VALUES (2, 'registerOfPledgesAddedSuccessMessage', 'en', 11000, 'A new record has been added.', 1, 1, current_date, current_date);
INSERT INTO MESSAGERESOURCE(VIEWID, MESSAGEKEY, LOCALE, LOCALEREFERENCEID, MESSAGE, CREATEDBYID, UPDATEDBYID, DATECREATED, DATEUPDATED) VALUES (2, 'registerOfPledgesUpdateSuccessMessage', 'en', 11000, 'The record has been updated.', 1, 1, current_date, current_date);
INSERT INTO MESSAGERESOURCE(VIEWID, MESSAGEKEY, LOCALE, LOCALEREFERENCEID, MESSAGE, CREATEDBYID, UPDATEDBYID, DATECREATED, DATEUPDATED) VALUES (2, 'registerOfPledgesUpdateIssueMessage', 'en', 11000, 'We could not update this record! We have highlighted the inputs that need your attention.', 1, 1, current_date, current_date);
INSERT INTO MESSAGERESOURCE(VIEWID, MESSAGEKEY, LOCALE, LOCALEREFERENCEID, MESSAGE, CREATEDBYID, UPDATEDBYID, DATECREATED, DATEUPDATED) VALUES (2, 'registerofpledges.form.title', 'fr', 11001, 'Registre des Gages', 1, 1, current_date, current_date);
INSERT INTO MESSAGERESOURCE(VIEWID, MESSAGEKEY, LOCALE, LOCALEREFERENCEID, MESSAGE, CREATEDBYID, UPDATEDBYID, DATECREATED, DATEUPDATED) VALUES (2, 'registerOfPledgesAddedSuccessMessage', 'fr', 11001, 'A new record has been added.', 1, 1, current_date, current_date);
INSERT INTO MESSAGERESOURCE(VIEWID, MESSAGEKEY, LOCALE, LOCALEREFERENCEID, MESSAGE, CREATEDBYID, UPDATEDBYID, DATECREATED, DATEUPDATED) VALUES (2, 'registerOfPledgesUpdateSuccessMessage', 'fr', 11001, 'The record has been updated.', 1, 1, current_date, current_date);
INSERT INTO MESSAGERESOURCE(VIEWID, MESSAGEKEY, LOCALE, LOCALEREFERENCEID, MESSAGE, CREATEDBYID, UPDATEDBYID, DATECREATED, DATEUPDATED) VALUES (2, 'registerOfPledgesUpdateIssueMessage', 'fr', 11001, 'We could not update this record! We have highlighted the inputs that need your attention.', 1, 1, current_date, current_date);
INSERT INTO MESSAGERESOURCE(VIEWID, MESSAGEKEY, LOCALE, LOCALEREFERENCEID, MESSAGE, CREATEDBYID, UPDATEDBYID, DATECREATED, DATEUPDATED) VALUES (2, 'registerofpledges.form.title', 'de', 11002, 'Pfandregister', 1, 1, current_date, current_date);
INSERT INTO MESSAGERESOURCE(VIEWID, MESSAGEKEY, LOCALE, LOCALEREFERENCEID, MESSAGE, CREATEDBYID, UPDATEDBYID, DATECREATED, DATEUPDATED) VALUES (2, 'registerOfPledgesAddedSuccessMessage', 'de', 11002, 'A new record has been added.', 1, 1, current_date, current_date);
INSERT INTO MESSAGERESOURCE(VIEWID, MESSAGEKEY, LOCALE, LOCALEREFERENCEID, MESSAGE, CREATEDBYID, UPDATEDBYID, DATECREATED, DATEUPDATED) VALUES (2, 'registerOfPledgesUpdateSuccessMessage', 'de', 11002, 'The record has been updated.', 1, 1, current_date, current_date);
INSERT INTO MESSAGERESOURCE(VIEWID, MESSAGEKEY, LOCALE, LOCALEREFERENCEID, MESSAGE, CREATEDBYID, UPDATEDBYID, DATECREATED, DATEUPDATED) VALUES (2, 'registerOfPledgesUpdateIssueMessage', 'de', 11002, 'We could not update this record! We have highlighted the inputs that need your attention.', 1, 1, current_date, current_date);
INSERT INTO MESSAGERESOURCE(VIEWID, MESSAGEKEY, LOCALE, LOCALEREFERENCEID, MESSAGE, CREATEDBYID, UPDATEDBYID, DATECREATED, DATEUPDATED) VALUES (2, 'registerofpledges.form.header', 'en', 11000, 'Register Of Pledges', 1, 1, current_date, current_date);
INSERT INTO MESSAGERESOURCE(VIEWID, MESSAGEKEY, LOCALE, LOCALEREFERENCEID, MESSAGE, CREATEDBYID, UPDATEDBYID, DATECREATED, DATEUPDATED) VALUES (2, 'registerOfPledgesAddedSuccessMessage', 'en', 11000, 'A new record has been added.', 1, 1, current_date, current_date);
INSERT INTO MESSAGERESOURCE(VIEWID, MESSAGEKEY, LOCALE, LOCALEREFERENCEID, MESSAGE, CREATEDBYID, UPDATEDBYID, DATECREATED, DATEUPDATED) VALUES (2, 'registerOfPledgesUpdateSuccessMessage', 'en', 11000, 'The record has been updated.', 1, 1, current_date, current_date);
INSERT INTO MESSAGERESOURCE(VIEWID, MESSAGEKEY, LOCALE, LOCALEREFERENCEID, MESSAGE, CREATEDBYID, UPDATEDBYID, DATECREATED, DATEUPDATED) VALUES (2, 'registerOfPledgesUpdateIssueMessage', 'en', 11000, 'We could not update this record! We have highlighted the inputs that need your attention.', 1, 1, current_date, current_date);
INSERT INTO MESSAGERESOURCE(VIEWID, MESSAGEKEY, LOCALE, LOCALEREFERENCEID, MESSAGE, CREATEDBYID, UPDATEDBYID, DATECREATED, DATEUPDATED) VALUES (2, 'registerofpledges.form.header', 'fr', 11001, 'Registre des Gages', 1, 1, current_date, current_date);
INSERT INTO MESSAGERESOURCE(VIEWID, MESSAGEKEY, LOCALE, LOCALEREFERENCEID, MESSAGE, CREATEDBYID, UPDATEDBYID, DATECREATED, DATEUPDATED) VALUES (2, 'registerOfPledgesAddedSuccessMessage', 'fr', 11001, 'A new record has been added.', 1, 1, current_date, current_date);
INSERT INTO MESSAGERESOURCE(VIEWID, MESSAGEKEY, LOCALE, LOCALEREFERENCEID, MESSAGE, CREATEDBYID, UPDATEDBYID, DATECREATED, DATEUPDATED) VALUES (2, 'registerOfPledgesUpdateSuccessMessage', 'fr', 11001, 'The record has been updated.', 1, 1, current_date, current_date);
INSERT INTO MESSAGERESOURCE(VIEWID, MESSAGEKEY, LOCALE, LOCALEREFERENCEID, MESSAGE, CREATEDBYID, UPDATEDBYID, DATECREATED, DATEUPDATED) VALUES (2, 'registerOfPledgesUpdateIssueMessage', 'fr', 11001, 'We could not update this record! We have highlighted the inputs that need your attention.', 1, 1, current_date, current_date);
INSERT INTO MESSAGERESOURCE(VIEWID, MESSAGEKEY, LOCALE, LOCALEREFERENCEID, MESSAGE, CREATEDBYID, UPDATEDBYID, DATECREATED, DATEUPDATED) VALUES (2, 'registerofpledges.form.header', 'de', 11002, 'Pfandregister', 1, 1, current_date, current_date);
INSERT INTO MESSAGERESOURCE(VIEWID, MESSAGEKEY, LOCALE, LOCALEREFERENCEID, MESSAGE, CREATEDBYID, UPDATEDBYID, DATECREATED, DATEUPDATED) VALUES (2, 'registerOfPledgesAddedSuccessMessage', 'de', 11002, 'A new record has been added.', 1, 1, current_date, current_date);
INSERT INTO MESSAGERESOURCE(VIEWID, MESSAGEKEY, LOCALE, LOCALEREFERENCEID, MESSAGE, CREATEDBYID, UPDATEDBYID, DATECREATED, DATEUPDATED) VALUES (2, 'registerOfPledgesUpdateSuccessMessage', 'de', 11002, 'The record has been updated.', 1, 1, current_date, current_date);
INSERT INTO MESSAGERESOURCE(VIEWID, MESSAGEKEY, LOCALE, LOCALEREFERENCEID, MESSAGE, CREATEDBYID, UPDATEDBYID, DATECREATED, DATEUPDATED) VALUES (2, 'registerOfPledgesUpdateIssueMessage', 'de', 11002, 'We could not update this record! We have highlighted the inputs that need your attention.', 1, 1, current_date, current_date);
INSERT INTO MESSAGERESOURCE(VIEWID, MESSAGEKEY, LOCALE, LOCALEREFERENCEID, MESSAGE, CREATEDBYID, UPDATEDBYID, DATECREATED, DATEUPDATED) VALUES (2, 'registerofpledges.form.subheader', 'en', 11000, 'Please provide us with the following information', 1, 1, current_date, current_date);
INSERT INTO MESSAGERESOURCE(VIEWID, MESSAGEKEY, LOCALE, LOCALEREFERENCEID, MESSAGE, CREATEDBYID, UPDATEDBYID, DATECREATED, DATEUPDATED) VALUES (2, 'registerOfPledgesAddedSuccessMessage', 'en', 11000, 'A new record has been added.', 1, 1, current_date, current_date);
INSERT INTO MESSAGERESOURCE(VIEWID, MESSAGEKEY, LOCALE, LOCALEREFERENCEID, MESSAGE, CREATEDBYID, UPDATEDBYID, DATECREATED, DATEUPDATED) VALUES (2, 'registerOfPledgesUpdateSuccessMessage', 'en', 11000, 'The record has been updated.', 1, 1, current_date, current_date);
INSERT INTO MESSAGERESOURCE(VIEWID, MESSAGEKEY, LOCALE, LOCALEREFERENCEID, MESSAGE, CREATEDBYID, UPDATEDBYID, DATECREATED, DATEUPDATED) VALUES (2, 'registerOfPledgesUpdateIssueMessage', 'en', 11000, 'We could not update this record! We have highlighted the inputs that need your attention.', 1, 1, current_date, current_date);
INSERT INTO MESSAGERESOURCE(VIEWID, MESSAGEKEY, LOCALE, LOCALEREFERENCEID, MESSAGE, CREATEDBYID, UPDATEDBYID, DATECREATED, DATEUPDATED) VALUES (2, 'registerofpledges.form.subheader', 'fr', 11001, 'S''il vous plat nous fournir les informations suivantes', 1, 1, current_date, current_date);
INSERT INTO MESSAGERESOURCE(VIEWID, MESSAGEKEY, LOCALE, LOCALEREFERENCEID, MESSAGE, CREATEDBYID, UPDATEDBYID, DATECREATED, DATEUPDATED) VALUES (2, 'registerOfPledgesAddedSuccessMessage', 'fr', 11001, 'A new record has been added.', 1, 1, current_date, current_date);
INSERT INTO MESSAGERESOURCE(VIEWID, MESSAGEKEY, LOCALE, LOCALEREFERENCEID, MESSAGE, CREATEDBYID, UPDATEDBYID, DATECREATED, DATEUPDATED) VALUES (2, 'registerOfPledgesUpdateSuccessMessage', 'fr', 11001, 'The record has been updated.', 1, 1, current_date, current_date);
INSERT INTO MESSAGERESOURCE(VIEWID, MESSAGEKEY, LOCALE, LOCALEREFERENCEID, MESSAGE, CREATEDBYID, UPDATEDBYID, DATECREATED, DATEUPDATED) VALUES (2, 'registerOfPledgesUpdateIssueMessage', 'fr', 11001, 'We could not update this record! We have highlighted the inputs that need your attention.', 1, 1, current_date, current_date);
INSERT INTO MESSAGERESOURCE(VIEWID, MESSAGEKEY, LOCALE, LOCALEREFERENCEID, MESSAGE, CREATEDBYID, UPDATEDBYID, DATECREATED, DATEUPDATED) VALUES (2, 'registerofpledges.form.subheader', 'de', 11002, 'Bitte geben Sie die folgenden Informationen', 1, 1, current_date, current_date);
INSERT INTO MESSAGERESOURCE(VIEWID, MESSAGEKEY, LOCALE, LOCALEREFERENCEID, MESSAGE, CREATEDBYID, UPDATEDBYID, DATECREATED, DATEUPDATED) VALUES (2, 'registerOfPledgesAddedSuccessMessage', 'de', 11002, 'A new record has been added.', 1, 1, current_date, current_date);
INSERT INTO MESSAGERESOURCE(VIEWID, MESSAGEKEY, LOCALE, LOCALEREFERENCEID, MESSAGE, CREATEDBYID, UPDATEDBYID, DATECREATED, DATEUPDATED) VALUES (2, 'registerOfPledgesUpdateSuccessMessage', 'de', 11002, 'The record has been updated.', 1, 1, current_date, current_date);
INSERT INTO MESSAGERESOURCE(VIEWID, MESSAGEKEY, LOCALE, LOCALEREFERENCEID, MESSAGE, CREATEDBYID, UPDATEDBYID, DATECREATED, DATEUPDATED) VALUES (2, 'registerOfPledgesUpdateIssueMessage', 'de', 11002, 'We could not update this record! We have highlighted the inputs that need your attention.', 1, 1, current_date, current_date);
INSERT INTO MESSAGERESOURCE(VIEWID, MESSAGEKEY, LOCALE, LOCALEREFERENCEID, MESSAGE, CREATEDBYID, UPDATEDBYID, DATECREATED, DATEUPDATED) VALUES (2, 'frmRegisterOfPledgesContactInformationInstructionsMessage', 'en', 11000, 'This section displays the contact information that the user entered on the first page of the pledge process. The requirement was to present a user profile so that the user could edit their details and return at any point to add/edit their pledges. This section shows your contact information. You can edit your contact information by pressing the ''Edit your Contact Information'' button''.', 1, 1, current_date, current_date);
INSERT INTO MESSAGERESOURCE(VIEWID, MESSAGEKEY, LOCALE, LOCALEREFERENCEID, MESSAGE, CREATEDBYID, UPDATEDBYID, DATECREATED, DATEUPDATED) VALUES (2, 'frmRegisterOfPledgesContactInformationInstructionsLabel', 'en', 11000, '', 1, 1, current_date, current_date);
INSERT INTO MESSAGERESOURCE(VIEWID, MESSAGEKEY, LOCALE, LOCALEREFERENCEID, MESSAGE, CREATEDBYID, UPDATEDBYID, DATECREATED, DATEUPDATED) VALUES (2, 'frmRegisterOfPledgesContactInformationInstructionsHelpBlock', 'en', 11000, '', 1, 1, current_date, current_date);
INSERT INTO MESSAGERESOURCE(VIEWID, MESSAGEKEY, LOCALE, LOCALEREFERENCEID, MESSAGE, CREATEDBYID, UPDATEDBYID, DATECREATED, DATEUPDATED) VALUES (2, 'frmRegisterOfPledgesContactInformationInstructionsPlaceHolder', 'en', 11000, '', 1, 1, current_date, current_date);
INSERT INTO MESSAGERESOURCE(VIEWID, MESSAGEKEY, LOCALE, LOCALEREFERENCEID, MESSAGE, CREATEDBYID, UPDATEDBYID, DATECREATED, DATEUPDATED) VALUES (2, 'frmRegisterOfPledgesContactInformationInstructionsMessage', 'fr', 11001, 'Cette section affiche vos informations de contact . Vous pouvez modifier vos informations de contact en appuyant sur le bouton ''Modifier vos informations de contact''.', 1, 1, current_date, current_date);
INSERT INTO MESSAGERESOURCE(VIEWID, MESSAGEKEY, LOCALE, LOCALEREFERENCEID, MESSAGE, CREATEDBYID, UPDATEDBYID, DATECREATED, DATEUPDATED) VALUES (2, 'frmRegisterOfPledgesContactInformationInstructionsLabel', 'fr', 11001, '', 1, 1, current_date, current_date);
INSERT INTO MESSAGERESOURCE(VIEWID, MESSAGEKEY, LOCALE, LOCALEREFERENCEID, MESSAGE, CREATEDBYID, UPDATEDBYID, DATECREATED, DATEUPDATED) VALUES (2, 'frmRegisterOfPledgesContactInformationInstructionsHelpBlock', 'fr', 11001, '', 1, 1, current_date, current_date);
INSERT INTO MESSAGERESOURCE(VIEWID, MESSAGEKEY, LOCALE, LOCALEREFERENCEID, MESSAGE, CREATEDBYID, UPDATEDBYID, DATECREATED, DATEUPDATED) VALUES (2, 'frmRegisterOfPledgesContactInformationInstructionsPlaceHolder', 'fr', 11001, '', 1, 1, current_date, current_date);
INSERT INTO MESSAGERESOURCE(VIEWID, MESSAGEKEY, LOCALE, LOCALEREFERENCEID, MESSAGE, CREATEDBYID, UPDATEDBYID, DATECREATED, DATEUPDATED) VALUES (2, 'frmRegisterOfPledgesContactInformationInstructionsMessage', 'de', 11002, 'Dieser Abschnitt zeigt Ihre Kontaktdaten. Sie knnen Ihre Kontaktinformationen durch Drcken der ''Bearbeiten Sie Ihre Kontaktinformationen''.', 1, 1, current_date, current_date);
INSERT INTO MESSAGERESOURCE(VIEWID, MESSAGEKEY, LOCALE, LOCALEREFERENCEID, MESSAGE, CREATEDBYID, UPDATEDBYID, DATECREATED, DATEUPDATED) VALUES (2, 'frmRegisterOfPledgesContactInformationInstructionsLabel', 'de', 11002, '', 1, 1, current_date, current_date);
INSERT INTO MESSAGERESOURCE(VIEWID, MESSAGEKEY, LOCALE, LOCALEREFERENCEID, MESSAGE, CREATEDBYID, UPDATEDBYID, DATECREATED, DATEUPDATED) VALUES (2, 'frmRegisterOfPledgesContactInformationInstructionsHelpBlock', 'de', 11002, '', 1, 1, current_date, current_date);
INSERT INTO MESSAGERESOURCE(VIEWID, MESSAGEKEY, LOCALE, LOCALEREFERENCEID, MESSAGE, CREATEDBYID, UPDATEDBYID, DATECREATED, DATEUPDATED) VALUES (2, 'frmRegisterOfPledgesContactInformationInstructionsPlaceHolder', 'de', 11002, '', 1, 1, current_date, current_date);
INSERT INTO MESSAGERESOURCE(VIEWID, MESSAGEKEY, LOCALE, LOCALEREFERENCEID, MESSAGE, CREATEDBYID, UPDATEDBYID, DATECREATED, DATEUPDATED) VALUES (2, 'frmRegisterOfPledgesApplicationUserDetailsLabel', 'en', 11000, 'ABOUT YOU', 1, 1, current_date, current_date);
INSERT INTO MESSAGERESOURCE(VIEWID, MESSAGEKEY, LOCALE, LOCALEREFERENCEID, MESSAGE, CREATEDBYID, UPDATEDBYID, DATECREATED, DATEUPDATED) VALUES (2, 'frmRegisterOfPledgesApplicationUserDetailsHelpBlock', 'en', 11000, '', 1, 1, current_date, current_date);
INSERT INTO MESSAGERESOURCE(VIEWID, MESSAGEKEY, LOCALE, LOCALEREFERENCEID, MESSAGE, CREATEDBYID, UPDATEDBYID, DATECREATED, DATEUPDATED) VALUES (2, 'frmRegisterOfPledgesApplicationUserDetailsPlaceHolder', 'en', 11000, '', 1, 1, current_date, current_date);
INSERT INTO MESSAGERESOURCE(VIEWID, MESSAGEKEY, LOCALE, LOCALEREFERENCEID, MESSAGE, CREATEDBYID, UPDATEDBYID, DATECREATED, DATEUPDATED) VALUES (2, 'frmRegisterOfPledgesApplicationUserDetailsLabel', 'fr', 11001, 'Au propos de vous', 1, 1, current_date, current_date);
INSERT INTO MESSAGERESOURCE(VIEWID, MESSAGEKEY, LOCALE, LOCALEREFERENCEID, MESSAGE, CREATEDBYID, UPDATEDBYID, DATECREATED, DATEUPDATED) VALUES (2, 'frmRegisterOfPledgesApplicationUserDetailsHelpBlock', 'fr', 11001, '', 1, 1, current_date, current_date);
INSERT INTO MESSAGERESOURCE(VIEWID, MESSAGEKEY, LOCALE, LOCALEREFERENCEID, MESSAGE, CREATEDBYID, UPDATEDBYID, DATECREATED, DATEUPDATED) VALUES (2, 'frmRegisterOfPledgesApplicationUserDetailsPlaceHolder', 'fr', 11001, '', 1, 1, current_date, current_date);
INSERT INTO MESSAGERESOURCE(VIEWID, MESSAGEKEY, LOCALE, LOCALEREFERENCEID, MESSAGE, CREATEDBYID, UPDATEDBYID, DATECREATED, DATEUPDATED) VALUES (2, 'frmRegisterOfPledgesApplicationUserDetailsLabel', 'de', 11002, 'ber Sie', 1, 1, current_date, current_date);
INSERT INTO MESSAGERESOURCE(VIEWID, MESSAGEKEY, LOCALE, LOCALEREFERENCEID, MESSAGE, CREATEDBYID, UPDATEDBYID, DATECREATED, DATEUPDATED) VALUES (2, 'frmRegisterOfPledgesApplicationUserDetailsHelpBlock', 'de', 11002, '', 1, 1, current_date, current_date);
INSERT INTO MESSAGERESOURCE(VIEWID, MESSAGEKEY, LOCALE, LOCALEREFERENCEID, MESSAGE, CREATEDBYID, UPDATEDBYID, DATECREATED, DATEUPDATED) VALUES (2, 'frmRegisterOfPledgesApplicationUserDetailsPlaceHolder', 'de', 11002, '', 1, 1, current_date, current_date);
INSERT INTO MESSAGERESOURCE(VIEWID, MESSAGEKEY, LOCALE, LOCALEREFERENCEID, MESSAGE, CREATEDBYID, UPDATEDBYID, DATECREATED, DATEUPDATED) VALUES (2, 'frmRegisterOfPledgesAccommodationPledgeInstructionsMessage', 'en', 11000, 'Complete this section if you would like to offer accommodation. Please add an entry for each property that you wish to provide by pressing the ''Offer Accommodation'' button.', 1, 1, current_date, current_date);
INSERT INTO MESSAGERESOURCE(VIEWID, MESSAGEKEY, LOCALE, LOCALEREFERENCEID, MESSAGE, CREATEDBYID, UPDATEDBYID, DATECREATED, DATEUPDATED) VALUES (2, 'frmRegisterOfPledgesAccommodationPledgeInstructionsLabel', 'en', 11000, '', 1, 1, current_date, current_date);
INSERT INTO MESSAGERESOURCE(VIEWID, MESSAGEKEY, LOCALE, LOCALEREFERENCEID, MESSAGE, CREATEDBYID, UPDATEDBYID, DATECREATED, DATEUPDATED) VALUES (2, 'frmRegisterOfPledgesAccommodationPledgeInstructionsHelpBlock', 'en', 11000, '', 1, 1, current_date, current_date);
INSERT INTO MESSAGERESOURCE(VIEWID, MESSAGEKEY, LOCALE, LOCALEREFERENCEID, MESSAGE, CREATEDBYID, UPDATEDBYID, DATECREATED, DATEUPDATED) VALUES (2, 'frmRegisterOfPledgesAccommodationPledgeInstructionsPlaceHolder', 'en', 11000, '', 1, 1, current_date, current_date);
INSERT INTO MESSAGERESOURCE(VIEWID, MESSAGEKEY, LOCALE, LOCALEREFERENCEID, MESSAGE, CREATEDBYID, UPDATEDBYID, DATECREATED, DATEUPDATED) VALUES (2, 'frmRegisterOfPledgesAccommodationPledgeInstructionsMessage', 'fr', 11001, 'Remplissez cette section si vous souhaitez offrir un hbergement . S''il vous plat ajouter une entre pour chaque proprit que vous souhaitez fournir en appuyant sur le.', 1, 1, current_date, current_date);
INSERT INTO MESSAGERESOURCE(VIEWID, MESSAGEKEY, LOCALE, LOCALEREFERENCEID, MESSAGE, CREATEDBYID, UPDATEDBYID, DATECREATED, DATEUPDATED) VALUES (2, 'frmRegisterOfPledgesAccommodationPledgeInstructionsLabel', 'fr', 11001, '', 1, 1, current_date, current_date);
INSERT INTO MESSAGERESOURCE(VIEWID, MESSAGEKEY, LOCALE, LOCALEREFERENCEID, MESSAGE, CREATEDBYID, UPDATEDBYID, DATECREATED, DATEUPDATED) VALUES (2, 'frmRegisterOfPledgesAccommodationPledgeInstructionsHelpBlock', 'fr', 11001, '', 1, 1, current_date, current_date);
INSERT INTO MESSAGERESOURCE(VIEWID, MESSAGEKEY, LOCALE, LOCALEREFERENCEID, MESSAGE, CREATEDBYID, UPDATEDBYID, DATECREATED, DATEUPDATED) VALUES (2, 'frmRegisterOfPledgesAccommodationPledgeInstructionsPlaceHolder', 'fr', 11001, '', 1, 1, current_date, current_date);
INSERT INTO MESSAGERESOURCE(VIEWID, MESSAGEKEY, LOCALE, LOCALEREFERENCEID, MESSAGE, CREATEDBYID, UPDATEDBYID, DATECREATED, DATEUPDATED) VALUES (2, 'frmRegisterOfPledgesAccommodationPledgeInstructionsMessage', 'de', 11002, 'Fllen Sie diesen Abschnitt, wenn Sie mchten, bernachten. Bitte fgen Sie einen Eintrag fr jede Eigenschaft, die Sie durch Drcken der ''Wohnen'' Taste erbringen wollen .', 1, 1, current_date, current_date);
INSERT INTO MESSAGERESOURCE(VIEWID, MESSAGEKEY, LOCALE, LOCALEREFERENCEID, MESSAGE, CREATEDBYID, UPDATEDBYID, DATECREATED, DATEUPDATED) VALUES (2, 'frmRegisterOfPledgesAccommodationPledgeInstructionsLabel', 'de', 11002, '', 1, 1, current_date, current_date);
INSERT INTO MESSAGERESOURCE(VIEWID, MESSAGEKEY, LOCALE, LOCALEREFERENCEID, MESSAGE, CREATEDBYID, UPDATEDBYID, DATECREATED, DATEUPDATED) VALUES (2, 'frmRegisterOfPledgesAccommodationPledgeInstructionsHelpBlock', 'de', 11002, '', 1, 1, current_date, current_date);
INSERT INTO MESSAGERESOURCE(VIEWID, MESSAGEKEY, LOCALE, LOCALEREFERENCEID, MESSAGE, CREATEDBYID, UPDATEDBYID, DATECREATED, DATEUPDATED) VALUES (2, 'frmRegisterOfPledgesAccommodationPledgeInstructionsPlaceHolder', 'de', 11002, '', 1, 1, current_date, current_date);
INSERT INTO MESSAGERESOURCE(VIEWID, MESSAGEKEY, LOCALE, LOCALEREFERENCEID, MESSAGE, CREATEDBYID, UPDATEDBYID, DATECREATED, DATEUPDATED) VALUES (2, 'frmRegisterOfPledgesAccommodationPledgesLabel', 'en', 11000, 'OFFER ACCOMMODATION', 1, 1, current_date, current_date);
INSERT INTO MESSAGERESOURCE(VIEWID, MESSAGEKEY, LOCALE, LOCALEREFERENCEID, MESSAGE, CREATEDBYID, UPDATEDBYID, DATECREATED, DATEUPDATED) VALUES (2, 'frmRegisterOfPledgesAccommodationPledgesHelpBlock', 'en', 11000, '', 1, 1, current_date, current_date);
INSERT INTO MESSAGERESOURCE(VIEWID, MESSAGEKEY, LOCALE, LOCALEREFERENCEID, MESSAGE, CREATEDBYID, UPDATEDBYID, DATECREATED, DATEUPDATED) VALUES (2, 'frmRegisterOfPledgesAccommodationPledgesPlaceHolder', 'en', 11000, '', 1, 1, current_date, current_date);
INSERT INTO MESSAGERESOURCE(VIEWID, MESSAGEKEY, LOCALE, LOCALEREFERENCEID, MESSAGE, CREATEDBYID, UPDATEDBYID, DATECREATED, DATEUPDATED) VALUES (2, 'frmRegisterOfPledgesAccommodationPledgesLabel', 'fr', 11001, 'Proposer un logement', 1, 1, current_date, current_date);
INSERT INTO MESSAGERESOURCE(VIEWID, MESSAGEKEY, LOCALE, LOCALEREFERENCEID, MESSAGE, CREATEDBYID, UPDATEDBYID, DATECREATED, DATEUPDATED) VALUES (2, 'frmRegisterOfPledgesAccommodationPledgesHelpBlock', 'fr', 11001, '', 1, 1, current_date, current_date);
INSERT INTO MESSAGERESOURCE(VIEWID, MESSAGEKEY, LOCALE, LOCALEREFERENCEID, MESSAGE, CREATEDBYID, UPDATEDBYID, DATECREATED, DATEUPDATED) VALUES (2, 'frmRegisterOfPledgesAccommodationPledgesPlaceHolder', 'fr', 11001, '', 1, 1, current_date, current_date);
INSERT INTO MESSAGERESOURCE(VIEWID, MESSAGEKEY, LOCALE, LOCALEREFERENCEID, MESSAGE, CREATEDBYID, UPDATEDBYID, DATECREATED, DATEUPDATED) VALUES (2, 'frmRegisterOfPledgesAccommodationPledgesLabel', 'de', 11002, 'Angebot Unterkunft', 1, 1, current_date, current_date);
INSERT INTO MESSAGERESOURCE(VIEWID, MESSAGEKEY, LOCALE, LOCALEREFERENCEID, MESSAGE, CREATEDBYID, UPDATEDBYID, DATECREATED, DATEUPDATED) VALUES (2, 'frmRegisterOfPledgesAccommodationPledgesHelpBlock', 'de', 11002, '', 1, 1, current_date, current_date);
INSERT INTO MESSAGERESOURCE(VIEWID, MESSAGEKEY, LOCALE, LOCALEREFERENCEID, MESSAGE, CREATEDBYID, UPDATEDBYID, DATECREATED, DATEUPDATED) VALUES (2, 'frmRegisterOfPledgesAccommodationPledgesPlaceHolder', 'de', 11002, '', 1, 1, current_date, current_date);
INSERT INTO MESSAGERESOURCE(VIEWID, MESSAGEKEY, LOCALE, LOCALEREFERENCEID, MESSAGE, CREATEDBYID, UPDATEDBYID, DATECREATED, DATEUPDATED) VALUES (2, 'frmRegisterOfPledgesServicePledgeInstructionsMessage', 'en', 11000, 'Complete this section if you would like to offer a service, professional or otherwise. Please add an entry for each service that you wish to provide by pressing the ''Offer a Skill/Service'' button.', 1, 1, current_date, current_date);
INSERT INTO MESSAGERESOURCE(VIEWID, MESSAGEKEY, LOCALE, LOCALEREFERENCEID, MESSAGE, CREATEDBYID, UPDATEDBYID, DATECREATED, DATEUPDATED) VALUES (2, 'frmRegisterOfPledgesServicePledgeInstructionsLabel', 'en', 11000, 'About Netgrain Systems', 1, 1, current_date, current_date);
INSERT INTO MESSAGERESOURCE(VIEWID, MESSAGEKEY, LOCALE, LOCALEREFERENCEID, MESSAGE, CREATEDBYID, UPDATEDBYID, DATECREATED, DATEUPDATED) VALUES (2, 'frmRegisterOfPledgesServicePledgeInstructionsHelpBlock', 'en', 11000, '', 1, 1, current_date, current_date);
INSERT INTO MESSAGERESOURCE(VIEWID, MESSAGEKEY, LOCALE, LOCALEREFERENCEID, MESSAGE, CREATEDBYID, UPDATEDBYID, DATECREATED, DATEUPDATED) VALUES (2, 'frmRegisterOfPledgesServicePledgeInstructionsPlaceHolder', 'en', 11000, '', 1, 1, current_date, current_date);
INSERT INTO MESSAGERESOURCE(VIEWID, MESSAGEKEY, LOCALE, LOCALEREFERENCEID, MESSAGE, CREATEDBYID, UPDATEDBYID, DATECREATED, DATEUPDATED) VALUES (2, 'frmRegisterOfPledgesServicePledgeInstructionsMessage', 'fr', 11001, 'Remplissez cette section si vous souhaitez offrir un service , professionnel ou autre . S''il vous plat ajouter une entre pour chaque service que vous souhaitez fournir en appuyant sur le "Offrez une Comptence/Service" bouton.', 1, 1, current_date, current_date);
INSERT INTO MESSAGERESOURCE(VIEWID, MESSAGEKEY, LOCALE, LOCALEREFERENCEID, MESSAGE, CREATEDBYID, UPDATEDBYID, DATECREATED, DATEUPDATED) VALUES (2, 'frmRegisterOfPledgesServicePledgeInstructionsLabel', 'fr', 11001, 'A propos des systmes Netgrain', 1, 1, current_date, current_date);
INSERT INTO MESSAGERESOURCE(VIEWID, MESSAGEKEY, LOCALE, LOCALEREFERENCEID, MESSAGE, CREATEDBYID, UPDATEDBYID, DATECREATED, DATEUPDATED) VALUES (2, 'frmRegisterOfPledgesServicePledgeInstructionsHelpBlock', 'fr', 11001, '', 1, 1, current_date, current_date);
INSERT INTO MESSAGERESOURCE(VIEWID, MESSAGEKEY, LOCALE, LOCALEREFERENCEID, MESSAGE, CREATEDBYID, UPDATEDBYID, DATECREATED, DATEUPDATED) VALUES (2, 'frmRegisterOfPledgesServicePledgeInstructionsPlaceHolder', 'fr', 11001, '', 1, 1, current_date, current_date);
INSERT INTO MESSAGERESOURCE(VIEWID, MESSAGEKEY, LOCALE, LOCALEREFERENCEID, MESSAGE, CREATEDBYID, UPDATEDBYID, DATECREATED, DATEUPDATED) VALUES (2, 'frmRegisterOfPledgesServicePledgeInstructionsMessage', 'de', 11002, 'Fllen Sie diesen Abschnitt, wenn Sie mchten, um einen Service, professionelle oder anderweitig anzubieten. Bitte fgen Sie einen Eintrag fr jeden Dienst, den Sie durch Drcken der " Bieten Sie eine Geschicklichkeit / Service" Taste erbringen wollen .', 1, 1, current_date, current_date);
INSERT INTO MESSAGERESOURCE(VIEWID, MESSAGEKEY, LOCALE, LOCALEREFERENCEID, MESSAGE, CREATEDBYID, UPDATEDBYID, DATECREATED, DATEUPDATED) VALUES (2, 'frmRegisterOfPledgesServicePledgeInstructionsLabel', 'de', 11002, 'ber Netgrain Systeme', 1, 1, current_date, current_date);
INSERT INTO MESSAGERESOURCE(VIEWID, MESSAGEKEY, LOCALE, LOCALEREFERENCEID, MESSAGE, CREATEDBYID, UPDATEDBYID, DATECREATED, DATEUPDATED) VALUES (2, 'frmRegisterOfPledgesServicePledgeInstructionsHelpBlock', 'de', 11002, '', 1, 1, current_date, current_date);
INSERT INTO MESSAGERESOURCE(VIEWID, MESSAGEKEY, LOCALE, LOCALEREFERENCEID, MESSAGE, CREATEDBYID, UPDATEDBYID, DATECREATED, DATEUPDATED) VALUES (2, 'frmRegisterOfPledgesServicePledgeInstructionsPlaceHolder', 'de', 11002, '', 1, 1, current_date, current_date);
INSERT INTO MESSAGERESOURCE(VIEWID, MESSAGEKEY, LOCALE, LOCALEREFERENCEID, MESSAGE, CREATEDBYID, UPDATEDBYID, DATECREATED, DATEUPDATED) VALUES (2, 'frmRegisterOfPledgesServicePledgesLabel', 'en', 11000, 'OFFER SKILLS/SERVICES', 1, 1, current_date, current_date);
INSERT INTO MESSAGERESOURCE(VIEWID, MESSAGEKEY, LOCALE, LOCALEREFERENCEID, MESSAGE, CREATEDBYID, UPDATEDBYID, DATECREATED, DATEUPDATED) VALUES (2, 'frmRegisterOfPledgesServicePledgesHelpBlock', 'en', 11000, '', 1, 1, current_date, current_date);
INSERT INTO MESSAGERESOURCE(VIEWID, MESSAGEKEY, LOCALE, LOCALEREFERENCEID, MESSAGE, CREATEDBYID, UPDATEDBYID, DATECREATED, DATEUPDATED) VALUES (2, 'frmRegisterOfPledgesServicePledgesPlaceHolder', 'en', 11000, '', 1, 1, current_date, current_date);
INSERT INTO MESSAGERESOURCE(VIEWID, MESSAGEKEY, LOCALE, LOCALEREFERENCEID, MESSAGE, CREATEDBYID, UPDATEDBYID, DATECREATED, DATEUPDATED) VALUES (2, 'frmRegisterOfPledgesServicePledgesLabel', 'fr', 11001, 'Offrez vos comptences/Services', 1, 1, current_date, current_date);
INSERT INTO MESSAGERESOURCE(VIEWID, MESSAGEKEY, LOCALE, LOCALEREFERENCEID, MESSAGE, CREATEDBYID, UPDATEDBYID, DATECREATED, DATEUPDATED) VALUES (2, 'frmRegisterOfPledgesServicePledgesHelpBlock', 'fr', 11001, '', 1, 1, current_date, current_date);
INSERT INTO MESSAGERESOURCE(VIEWID, MESSAGEKEY, LOCALE, LOCALEREFERENCEID, MESSAGE, CREATEDBYID, UPDATEDBYID, DATECREATED, DATEUPDATED) VALUES (2, 'frmRegisterOfPledgesServicePledgesPlaceHolder', 'fr', 11001, '', 1, 1, current_date, current_date);
INSERT INTO MESSAGERESOURCE(VIEWID, MESSAGEKEY, LOCALE, LOCALEREFERENCEID, MESSAGE, CREATEDBYID, UPDATEDBYID, DATECREATED, DATEUPDATED) VALUES (2, 'frmRegisterOfPledgesServicePledgesLabel', 'de', 11002, 'Bieten Sie Ihre Fhigkeiten/Dienstleistungen', 1, 1, current_date, current_date);
INSERT INTO MESSAGERESOURCE(VIEWID, MESSAGEKEY, LOCALE, LOCALEREFERENCEID, MESSAGE, CREATEDBYID, UPDATEDBYID, DATECREATED, DATEUPDATED) VALUES (2, 'frmRegisterOfPledgesServicePledgesHelpBlock', 'de', 11002, '', 1, 1, current_date, current_date);
INSERT INTO MESSAGERESOURCE(VIEWID, MESSAGEKEY, LOCALE, LOCALEREFERENCEID, MESSAGE, CREATEDBYID, UPDATEDBYID, DATECREATED, DATEUPDATED) VALUES (2, 'frmRegisterOfPledgesServicePledgesPlaceHolder', 'de', 11002, '', 1, 1, current_date, current_date);
INSERT INTO MESSAGERESOURCE(VIEWID, MESSAGEKEY, LOCALE, LOCALEREFERENCEID, MESSAGE, CREATEDBYID, UPDATEDBYID, DATECREATED, DATEUPDATED) VALUES (2, 'frmRegisterOfPledgesGoodsPledgeInstructionsMessage', 'en', 11000, '', 1, 1, current_date, current_date);
INSERT INTO MESSAGERESOURCE(VIEWID, MESSAGEKEY, LOCALE, LOCALEREFERENCEID, MESSAGE, CREATEDBYID, UPDATEDBYID, DATECREATED, DATEUPDATED) VALUES (2, 'frmRegisterOfPledgesGoodsPledgeInstructionsLabel', 'en', 11000, 'About Netgrain Systems', 1, 1, current_date, current_date);
INSERT INTO MESSAGERESOURCE(VIEWID, MESSAGEKEY, LOCALE, LOCALEREFERENCEID, MESSAGE, CREATEDBYID, UPDATEDBYID, DATECREATED, DATEUPDATED) VALUES (2, 'frmRegisterOfPledgesGoodsPledgeInstructionsHelpBlock', 'en', 11000, '', 1, 1, current_date, current_date);
INSERT INTO MESSAGERESOURCE(VIEWID, MESSAGEKEY, LOCALE, LOCALEREFERENCEID, MESSAGE, CREATEDBYID, UPDATEDBYID, DATECREATED, DATEUPDATED) VALUES (2, 'frmRegisterOfPledgesGoodsPledgeInstructionsPlaceHolder', 'en', 11000, '', 1, 1, current_date, current_date);
INSERT INTO MESSAGERESOURCE(VIEWID, MESSAGEKEY, LOCALE, LOCALEREFERENCEID, MESSAGE, CREATEDBYID, UPDATEDBYID, DATECREATED, DATEUPDATED) VALUES (2, 'frmRegisterOfPledgesGoodsPledgeInstructionsMessage', 'fr', 11001, '', 1, 1, current_date, current_date);
INSERT INTO MESSAGERESOURCE(VIEWID, MESSAGEKEY, LOCALE, LOCALEREFERENCEID, MESSAGE, CREATEDBYID, UPDATEDBYID, DATECREATED, DATEUPDATED) VALUES (2, 'frmRegisterOfPledgesGoodsPledgeInstructionsLabel', 'fr', 11001, 'A propos des systmes Netgrain', 1, 1, current_date, current_date);
INSERT INTO MESSAGERESOURCE(VIEWID, MESSAGEKEY, LOCALE, LOCALEREFERENCEID, MESSAGE, CREATEDBYID, UPDATEDBYID, DATECREATED, DATEUPDATED) VALUES (2, 'frmRegisterOfPledgesGoodsPledgeInstructionsHelpBlock', 'fr', 11001, '', 1, 1, current_date, current_date);
INSERT INTO MESSAGERESOURCE(VIEWID, MESSAGEKEY, LOCALE, LOCALEREFERENCEID, MESSAGE, CREATEDBYID, UPDATEDBYID, DATECREATED, DATEUPDATED) VALUES (2, 'frmRegisterOfPledgesGoodsPledgeInstructionsPlaceHolder', 'fr', 11001, '', 1, 1, current_date, current_date);
INSERT INTO MESSAGERESOURCE(VIEWID, MESSAGEKEY, LOCALE, LOCALEREFERENCEID, MESSAGE, CREATEDBYID, UPDATEDBYID, DATECREATED, DATEUPDATED) VALUES (2, 'frmRegisterOfPledgesGoodsPledgeInstructionsMessage', 'de', 11002, '', 1, 1, current_date, current_date);
INSERT INTO MESSAGERESOURCE(VIEWID, MESSAGEKEY, LOCALE, LOCALEREFERENCEID, MESSAGE, CREATEDBYID, UPDATEDBYID, DATECREATED, DATEUPDATED) VALUES (2, 'frmRegisterOfPledgesGoodsPledgeInstructionsLabel', 'de', 11002, 'ber Netgrain Systeme', 1, 1, current_date, current_date);
INSERT INTO MESSAGERESOURCE(VIEWID, MESSAGEKEY, LOCALE, LOCALEREFERENCEID, MESSAGE, CREATEDBYID, UPDATEDBYID, DATECREATED, DATEUPDATED) VALUES (2, 'frmRegisterOfPledgesGoodsPledgeInstructionsHelpBlock', 'de', 11002, '', 1, 1, current_date, current_date);
INSERT INTO MESSAGERESOURCE(VIEWID, MESSAGEKEY, LOCALE, LOCALEREFERENCEID, MESSAGE, CREATEDBYID, UPDATEDBYID, DATECREATED, DATEUPDATED) VALUES (2, 'frmRegisterOfPledgesGoodsPledgeInstructionsPlaceHolder', 'de', 11002, '', 1, 1, current_date, current_date);
INSERT INTO MESSAGERESOURCE(VIEWID, MESSAGEKEY, LOCALE, LOCALEREFERENCEID, MESSAGE, CREATEDBYID, UPDATEDBYID, DATECREATED, DATEUPDATED) VALUES (2, 'frmRegisterOfPledgesGoodsPledgesLabel', 'en', 11000, 'OFFER GOODS AND MEDICINES', 1, 1, current_date, current_date);
INSERT INTO MESSAGERESOURCE(VIEWID, MESSAGEKEY, LOCALE, LOCALEREFERENCEID, MESSAGE, CREATEDBYID, UPDATEDBYID, DATECREATED, DATEUPDATED) VALUES (2, 'frmRegisterOfPledgesGoodsPledgesHelpBlock', 'en', 11000, '', 1, 1, current_date, current_date);
INSERT INTO MESSAGERESOURCE(VIEWID, MESSAGEKEY, LOCALE, LOCALEREFERENCEID, MESSAGE, CREATEDBYID, UPDATEDBYID, DATECREATED, DATEUPDATED) VALUES (2, 'frmRegisterOfPledgesGoodsPledgesPlaceHolder', 'en', 11000, '', 1, 1, current_date, current_date);
INSERT INTO MESSAGERESOURCE(VIEWID, MESSAGEKEY, LOCALE, LOCALEREFERENCEID, MESSAGE, CREATEDBYID, UPDATEDBYID, DATECREATED, DATEUPDATED) VALUES (2, 'frmRegisterOfPledgesGoodsPledgesLabel', 'fr', 11001, 'Les marchandises de l''offre, tels que des vtements ou des mdicaments', 1, 1, current_date, current_date);
INSERT INTO MESSAGERESOURCE(VIEWID, MESSAGEKEY, LOCALE, LOCALEREFERENCEID, MESSAGE, CREATEDBYID, UPDATEDBYID, DATECREATED, DATEUPDATED) VALUES (2, 'frmRegisterOfPledgesGoodsPledgesHelpBlock', 'fr', 11001, '', 1, 1, current_date, current_date);
INSERT INTO MESSAGERESOURCE(VIEWID, MESSAGEKEY, LOCALE, LOCALEREFERENCEID, MESSAGE, CREATEDBYID, UPDATEDBYID, DATECREATED, DATEUPDATED) VALUES (2, 'frmRegisterOfPledgesGoodsPledgesPlaceHolder', 'fr', 11001, '', 1, 1, current_date, current_date);
INSERT INTO MESSAGERESOURCE(VIEWID, MESSAGEKEY, LOCALE, LOCALEREFERENCEID, MESSAGE, CREATEDBYID, UPDATEDBYID, DATECREATED, DATEUPDATED) VALUES (2, 'frmRegisterOfPledgesGoodsPledgesLabel', 'de', 11002, 'Angebot Waren wie Kleidung oder ', 1, 1, current_date, current_date);
INSERT INTO MESSAGERESOURCE(VIEWID, MESSAGEKEY, LOCALE, LOCALEREFERENCEID, MESSAGE, CREATEDBYID, UPDATEDBYID, DATECREATED, DATEUPDATED) VALUES (2, 'frmRegisterOfPledgesGoodsPledgesHelpBlock', 'de', 11002, '', 1, 1, current_date, current_date);
INSERT INTO MESSAGERESOURCE(VIEWID, MESSAGEKEY, LOCALE, LOCALEREFERENCEID, MESSAGE, CREATEDBYID, UPDATEDBYID, DATECREATED, DATEUPDATED) VALUES (2, 'frmRegisterOfPledgesGoodsPledgesPlaceHolder', 'de', 11002, '', 1, 1, current_date, current_date);
INSERT INTO VIEW(VIEWID, VIEWNAME, CREATEDBYID, UPDATEDBYID, DATECREATED, DATEUPDATED) VALUES (3, 'Pledge Accommodation', 1, 1, current_date, current_date);
INSERT INTO MESSAGERESOURCE(VIEWID, MESSAGEKEY, LOCALE, LOCALEREFERENCEID, MESSAGE, CREATEDBYID, UPDATEDBYID, DATECREATED, DATEUPDATED) VALUES (3, 'accommodationpledge.form.title', 'en', 11000, 'Pledge Accommodation', 1, 1, current_date, current_date);
INSERT INTO MESSAGERESOURCE(VIEWID, MESSAGEKEY, LOCALE, LOCALEREFERENCEID, MESSAGE, CREATEDBYID, UPDATEDBYID, DATECREATED, DATEUPDATED) VALUES (3, 'accommodationPledgeAddedSuccessMessage', 'en', 11000, 'A new record has been added.', 1, 1, current_date, current_date);
INSERT INTO MESSAGERESOURCE(VIEWID, MESSAGEKEY, LOCALE, LOCALEREFERENCEID, MESSAGE, CREATEDBYID, UPDATEDBYID, DATECREATED, DATEUPDATED) VALUES (3, 'accommodationPledgeUpdateSuccessMessage', 'en', 11000, 'The record has been updated.', 1, 1, current_date, current_date);
INSERT INTO MESSAGERESOURCE(VIEWID, MESSAGEKEY, LOCALE, LOCALEREFERENCEID, MESSAGE, CREATEDBYID, UPDATEDBYID, DATECREATED, DATEUPDATED) VALUES (3, 'accommodationPledgeUpdateIssueMessage', 'en', 11000, 'We could not update this record! We have highlighted the inputs that need your attention.', 1, 1, current_date, current_date);
INSERT INTO MESSAGERESOURCE(VIEWID, MESSAGEKEY, LOCALE, LOCALEREFERENCEID, MESSAGE, CREATEDBYID, UPDATEDBYID, DATECREATED, DATEUPDATED) VALUES (3, 'accommodationpledge.form.title', 'fr', 11001, 'Pledge hbergement', 1, 1, current_date, current_date);
INSERT INTO MESSAGERESOURCE(VIEWID, MESSAGEKEY, LOCALE, LOCALEREFERENCEID, MESSAGE, CREATEDBYID, UPDATEDBYID, DATECREATED, DATEUPDATED) VALUES (3, 'accommodationPledgeAddedSuccessMessage', 'fr', 11001, 'A new record has been added.', 1, 1, current_date, current_date);
INSERT INTO MESSAGERESOURCE(VIEWID, MESSAGEKEY, LOCALE, LOCALEREFERENCEID, MESSAGE, CREATEDBYID, UPDATEDBYID, DATECREATED, DATEUPDATED) VALUES (3, 'accommodationPledgeUpdateSuccessMessage', 'fr', 11001, 'The record has been updated.', 1, 1, current_date, current_date);
INSERT INTO MESSAGERESOURCE(VIEWID, MESSAGEKEY, LOCALE, LOCALEREFERENCEID, MESSAGE, CREATEDBYID, UPDATEDBYID, DATECREATED, DATEUPDATED) VALUES (3, 'accommodationPledgeUpdateIssueMessage', 'fr', 11001, 'We could not update this record! We have highlighted the inputs that need your attention.', 1, 1, current_date, current_date);
INSERT INTO MESSAGERESOURCE(VIEWID, MESSAGEKEY, LOCALE, LOCALEREFERENCEID, MESSAGE, CREATEDBYID, UPDATEDBYID, DATECREATED, DATEUPDATED) VALUES (3, 'accommodationpledge.form.title', 'de', 11002, 'Pledge Unterkunft', 1, 1, current_date, current_date);
INSERT INTO MESSAGERESOURCE(VIEWID, MESSAGEKEY, LOCALE, LOCALEREFERENCEID, MESSAGE, CREATEDBYID, UPDATEDBYID, DATECREATED, DATEUPDATED) VALUES (3, 'accommodationPledgeAddedSuccessMessage', 'de', 11002, 'A new record has been added.', 1, 1, current_date, current_date);
INSERT INTO MESSAGERESOURCE(VIEWID, MESSAGEKEY, LOCALE, LOCALEREFERENCEID, MESSAGE, CREATEDBYID, UPDATEDBYID, DATECREATED, DATEUPDATED) VALUES (3, 'accommodationPledgeUpdateSuccessMessage', 'de', 11002, 'The record has been updated.', 1, 1, current_date, current_date);
INSERT INTO MESSAGERESOURCE(VIEWID, MESSAGEKEY, LOCALE, LOCALEREFERENCEID, MESSAGE, CREATEDBYID, UPDATEDBYID, DATECREATED, DATEUPDATED) VALUES (3, 'accommodationPledgeUpdateIssueMessage', 'de', 11002, 'We could not update this record! We have highlighted the inputs that need your attention.', 1, 1, current_date, current_date);
INSERT INTO MESSAGERESOURCE(VIEWID, MESSAGEKEY, LOCALE, LOCALEREFERENCEID, MESSAGE, CREATEDBYID, UPDATEDBYID, DATECREATED, DATEUPDATED) VALUES (3, 'accommodationpledge.form.header', 'en', 11000, 'Pledge Accommodation (optional)', 1, 1, current_date, current_date);
INSERT INTO MESSAGERESOURCE(VIEWID, MESSAGEKEY, LOCALE, LOCALEREFERENCEID, MESSAGE, CREATEDBYID, UPDATEDBYID, DATECREATED, DATEUPDATED) VALUES (3, 'accommodationPledgeAddedSuccessMessage', 'en', 11000, 'A new record has been added.', 1, 1, current_date, current_date);
INSERT INTO MESSAGERESOURCE(VIEWID, MESSAGEKEY, LOCALE, LOCALEREFERENCEID, MESSAGE, CREATEDBYID, UPDATEDBYID, DATECREATED, DATEUPDATED) VALUES (3, 'accommodationPledgeUpdateSuccessMessage', 'en', 11000, 'The record has been updated.', 1, 1, current_date, current_date);
INSERT INTO MESSAGERESOURCE(VIEWID, MESSAGEKEY, LOCALE, LOCALEREFERENCEID, MESSAGE, CREATEDBYID, UPDATEDBYID, DATECREATED, DATEUPDATED) VALUES (3, 'accommodationPledgeUpdateIssueMessage', 'en', 11000, 'We could not update this record! We have highlighted the inputs that need your attention.', 1, 1, current_date, current_date);
INSERT INTO MESSAGERESOURCE(VIEWID, MESSAGEKEY, LOCALE, LOCALEREFERENCEID, MESSAGE, CREATEDBYID, UPDATEDBYID, DATECREATED, DATEUPDATED) VALUES (3, 'accommodationpledge.form.header', 'fr', 11001, 'Pledge hbergement (optionnel)', 1, 1, current_date, current_date);
INSERT INTO MESSAGERESOURCE(VIEWID, MESSAGEKEY, LOCALE, LOCALEREFERENCEID, MESSAGE, CREATEDBYID, UPDATEDBYID, DATECREATED, DATEUPDATED) VALUES (3, 'accommodationPledgeAddedSuccessMessage', 'fr', 11001, 'A new record has been added.', 1, 1, current_date, current_date);
INSERT INTO MESSAGERESOURCE(VIEWID, MESSAGEKEY, LOCALE, LOCALEREFERENCEID, MESSAGE, CREATEDBYID, UPDATEDBYID, DATECREATED, DATEUPDATED) VALUES (3, 'accommodationPledgeUpdateSuccessMessage', 'fr', 11001, 'The record has been updated.', 1, 1, current_date, current_date);
INSERT INTO MESSAGERESOURCE(VIEWID, MESSAGEKEY, LOCALE, LOCALEREFERENCEID, MESSAGE, CREATEDBYID, UPDATEDBYID, DATECREATED, DATEUPDATED) VALUES (3, 'accommodationPledgeUpdateIssueMessage', 'fr', 11001, 'We could not update this record! We have highlighted the inputs that need your attention.', 1, 1, current_date, current_date);
INSERT INTO MESSAGERESOURCE(VIEWID, MESSAGEKEY, LOCALE, LOCALEREFERENCEID, MESSAGE, CREATEDBYID, UPDATEDBYID, DATECREATED, DATEUPDATED) VALUES (3, 'accommodationpledge.form.header', 'de', 11002, 'Pledge Unterkunft (optional)', 1, 1, current_date, current_date);
INSERT INTO MESSAGERESOURCE(VIEWID, MESSAGEKEY, LOCALE, LOCALEREFERENCEID, MESSAGE, CREATEDBYID, UPDATEDBYID, DATECREATED, DATEUPDATED) VALUES (3, 'accommodationPledgeAddedSuccessMessage', 'de', 11002, 'A new record has been added.', 1, 1, current_date, current_date);
INSERT INTO MESSAGERESOURCE(VIEWID, MESSAGEKEY, LOCALE, LOCALEREFERENCEID, MESSAGE, CREATEDBYID, UPDATEDBYID, DATECREATED, DATEUPDATED) VALUES (3, 'accommodationPledgeUpdateSuccessMessage', 'de', 11002, 'The record has been updated.', 1, 1, current_date, current_date);
INSERT INTO MESSAGERESOURCE(VIEWID, MESSAGEKEY, LOCALE, LOCALEREFERENCEID, MESSAGE, CREATEDBYID, UPDATEDBYID, DATECREATED, DATEUPDATED) VALUES (3, 'accommodationPledgeUpdateIssueMessage', 'de', 11002, 'We could not update this record! We have highlighted the inputs that need your attention.', 1, 1, current_date, current_date);
INSERT INTO MESSAGERESOURCE(VIEWID, MESSAGEKEY, LOCALE, LOCALEREFERENCEID, MESSAGE, CREATEDBYID, UPDATEDBYID, DATECREATED, DATEUPDATED) VALUES (3, 'accommodationpledge.form.subheader', 'en', 11000, 'Please provide us with the following information', 1, 1, current_date, current_date);
INSERT INTO MESSAGERESOURCE(VIEWID, MESSAGEKEY, LOCALE, LOCALEREFERENCEID, MESSAGE, CREATEDBYID, UPDATEDBYID, DATECREATED, DATEUPDATED) VALUES (3, 'accommodationPledgeAddedSuccessMessage', 'en', 11000, 'A new record has been added.', 1, 1, current_date, current_date);
INSERT INTO MESSAGERESOURCE(VIEWID, MESSAGEKEY, LOCALE, LOCALEREFERENCEID, MESSAGE, CREATEDBYID, UPDATEDBYID, DATECREATED, DATEUPDATED) VALUES (3, 'accommodationPledgeUpdateSuccessMessage', 'en', 11000, 'The record has been updated.', 1, 1, current_date, current_date);
INSERT INTO MESSAGERESOURCE(VIEWID, MESSAGEKEY, LOCALE, LOCALEREFERENCEID, MESSAGE, CREATEDBYID, UPDATEDBYID, DATECREATED, DATEUPDATED) VALUES (3, 'accommodationPledgeUpdateIssueMessage', 'en', 11000, 'We could not update this record! We have highlighted the inputs that need your attention.', 1, 1, current_date, current_date);
INSERT INTO MESSAGERESOURCE(VIEWID, MESSAGEKEY, LOCALE, LOCALEREFERENCEID, MESSAGE, CREATEDBYID, UPDATEDBYID, DATECREATED, DATEUPDATED) VALUES (3, 'accommodationpledge.form.subheader', 'fr', 11001, 'S''il vous plat nous fournir les informations suivantes', 1, 1, current_date, current_date);
INSERT INTO MESSAGERESOURCE(VIEWID, MESSAGEKEY, LOCALE, LOCALEREFERENCEID, MESSAGE, CREATEDBYID, UPDATEDBYID, DATECREATED, DATEUPDATED) VALUES (3, 'accommodationPledgeAddedSuccessMessage', 'fr', 11001, 'A new record has been added.', 1, 1, current_date, current_date);
INSERT INTO MESSAGERESOURCE(VIEWID, MESSAGEKEY, LOCALE, LOCALEREFERENCEID, MESSAGE, CREATEDBYID, UPDATEDBYID, DATECREATED, DATEUPDATED) VALUES (3, 'accommodationPledgeUpdateSuccessMessage', 'fr', 11001, 'The record has been updated.', 1, 1, current_date, current_date);
INSERT INTO MESSAGERESOURCE(VIEWID, MESSAGEKEY, LOCALE, LOCALEREFERENCEID, MESSAGE, CREATEDBYID, UPDATEDBYID, DATECREATED, DATEUPDATED) VALUES (3, 'accommodationPledgeUpdateIssueMessage', 'fr', 11001, 'We could not update this record! We have highlighted the inputs that need your attention.', 1, 1, current_date, current_date);
INSERT INTO MESSAGERESOURCE(VIEWID, MESSAGEKEY, LOCALE, LOCALEREFERENCEID, MESSAGE, CREATEDBYID, UPDATEDBYID, DATECREATED, DATEUPDATED) VALUES (3, 'accommodationpledge.form.subheader', 'de', 11002, 'Bitte geben Sie die folgenden Informationen', 1, 1, current_date, current_date);
INSERT INTO MESSAGERESOURCE(VIEWID, MESSAGEKEY, LOCALE, LOCALEREFERENCEID, MESSAGE, CREATEDBYID, UPDATEDBYID, DATECREATED, DATEUPDATED) VALUES (3, 'accommodationPledgeAddedSuccessMessage', 'de', 11002, 'A new record has been added.', 1, 1, current_date, current_date);
INSERT INTO MESSAGERESOURCE(VIEWID, MESSAGEKEY, LOCALE, LOCALEREFERENCEID, MESSAGE, CREATEDBYID, UPDATEDBYID, DATECREATED, DATEUPDATED) VALUES (3, 'accommodationPledgeUpdateSuccessMessage', 'de', 11002, 'The record has been updated.', 1, 1, current_date, current_date);
INSERT INTO MESSAGERESOURCE(VIEWID, MESSAGEKEY, LOCALE, LOCALEREFERENCEID, MESSAGE, CREATEDBYID, UPDATEDBYID, DATECREATED, DATEUPDATED) VALUES (3, 'accommodationPledgeUpdateIssueMessage', 'de', 11002, 'We could not update this record! We have highlighted the inputs that need your attention.', 1, 1, current_date, current_date);
INSERT INTO MESSAGERESOURCE(VIEWID, MESSAGEKEY, LOCALE, LOCALEREFERENCEID, MESSAGE, CREATEDBYID, UPDATEDBYID, DATECREATED, DATEUPDATED) VALUES (3, 'frmAccommodationPledgeAddressOneLabel', 'en', 11000, 'Address Line 1', 1, 1, current_date, current_date);
INSERT INTO MESSAGERESOURCE(VIEWID, MESSAGEKEY, LOCALE, LOCALEREFERENCEID, MESSAGE, CREATEDBYID, UPDATEDBYID, DATECREATED, DATEUPDATED) VALUES (3, 'frmAccommodationPledgeAddressOneHelpBlock', 'en', 11000, '', 1, 1, current_date, current_date);
INSERT INTO MESSAGERESOURCE(VIEWID, MESSAGEKEY, LOCALE, LOCALEREFERENCEID, MESSAGE, CREATEDBYID, UPDATEDBYID, DATECREATED, DATEUPDATED) VALUES (3, 'frmAccommodationPledgeAddressOnePlaceHolder', 'en', 11000, 'Your house/apartment number', 1, 1, current_date, current_date);
INSERT INTO MESSAGERESOURCE(VIEWID, MESSAGEKEY, LOCALE, LOCALEREFERENCEID, MESSAGE, CREATEDBYID, UPDATEDBYID, DATECREATED, DATEUPDATED) VALUES (3, 'frmAccommodationPledgeAddressOneLabel', 'fr', 11001, 'Adresse Ligne 1', 1, 1, current_date, current_date);
INSERT INTO MESSAGERESOURCE(VIEWID, MESSAGEKEY, LOCALE, LOCALEREFERENCEID, MESSAGE, CREATEDBYID, UPDATEDBYID, DATECREATED, DATEUPDATED) VALUES (3, 'frmAccommodationPledgeAddressOneHelpBlock', 'fr', 11001, '', 1, 1, current_date, current_date);
INSERT INTO MESSAGERESOURCE(VIEWID, MESSAGEKEY, LOCALE, LOCALEREFERENCEID, MESSAGE, CREATEDBYID, UPDATEDBYID, DATECREATED, DATEUPDATED) VALUES (3, 'frmAccommodationPledgeAddressOnePlaceHolder', 'fr', 11001, 'Votre maison/numro d''appartement', 1, 1, current_date, current_date);
INSERT INTO MESSAGERESOURCE(VIEWID, MESSAGEKEY, LOCALE, LOCALEREFERENCEID, MESSAGE, CREATEDBYID, UPDATEDBYID, DATECREATED, DATEUPDATED) VALUES (3, 'frmAccommodationPledgeAddressOneLabel', 'de', 11002, 'Adresszeile 1', 1, 1, current_date, current_date);
INSERT INTO MESSAGERESOURCE(VIEWID, MESSAGEKEY, LOCALE, LOCALEREFERENCEID, MESSAGE, CREATEDBYID, UPDATEDBYID, DATECREATED, DATEUPDATED) VALUES (3, 'frmAccommodationPledgeAddressOneHelpBlock', 'de', 11002, '', 1, 1, current_date, current_date);
INSERT INTO MESSAGERESOURCE(VIEWID, MESSAGEKEY, LOCALE, LOCALEREFERENCEID, MESSAGE, CREATEDBYID, UPDATEDBYID, DATECREATED, DATEUPDATED) VALUES (3, 'frmAccommodationPledgeAddressOnePlaceHolder', 'de', 11002, 'Ihr Haus/Wohnung Nummer', 1, 1, current_date, current_date);
INSERT INTO MESSAGERESOURCE(VIEWID, MESSAGEKEY, LOCALE, LOCALEREFERENCEID, MESSAGE, CREATEDBYID, UPDATEDBYID, DATECREATED, DATEUPDATED) VALUES (3, 'frmAccommodationPledgeAddressTwoLabel', 'en', 11000, 'Address Line 2', 1, 1, current_date, current_date);
INSERT INTO MESSAGERESOURCE(VIEWID, MESSAGEKEY, LOCALE, LOCALEREFERENCEID, MESSAGE, CREATEDBYID, UPDATEDBYID, DATECREATED, DATEUPDATED) VALUES (3, 'frmAccommodationPledgeAddressTwoHelpBlock', 'en', 11000, '', 1, 1, current_date, current_date);
INSERT INTO MESSAGERESOURCE(VIEWID, MESSAGEKEY, LOCALE, LOCALEREFERENCEID, MESSAGE, CREATEDBYID, UPDATEDBYID, DATECREATED, DATEUPDATED) VALUES (3, 'frmAccommodationPledgeAddressTwoPlaceHolder', 'en', 11000, 'Your street', 1, 1, current_date, current_date);
INSERT INTO MESSAGERESOURCE(VIEWID, MESSAGEKEY, LOCALE, LOCALEREFERENCEID, MESSAGE, CREATEDBYID, UPDATEDBYID, DATECREATED, DATEUPDATED) VALUES (3, 'frmAccommodationPledgeAddressTwoLabel', 'fr', 11001, 'Adresse Ligne 2', 1, 1, current_date, current_date);
INSERT INTO MESSAGERESOURCE(VIEWID, MESSAGEKEY, LOCALE, LOCALEREFERENCEID, MESSAGE, CREATEDBYID, UPDATEDBYID, DATECREATED, DATEUPDATED) VALUES (3, 'frmAccommodationPledgeAddressTwoHelpBlock', 'fr', 11001, '', 1, 1, current_date, current_date);
INSERT INTO MESSAGERESOURCE(VIEWID, MESSAGEKEY, LOCALE, LOCALEREFERENCEID, MESSAGE, CREATEDBYID, UPDATEDBYID, DATECREATED, DATEUPDATED) VALUES (3, 'frmAccommodationPledgeAddressTwoPlaceHolder', 'fr', 11001, 'Votre rue', 1, 1, current_date, current_date);
INSERT INTO MESSAGERESOURCE(VIEWID, MESSAGEKEY, LOCALE, LOCALEREFERENCEID, MESSAGE, CREATEDBYID, UPDATEDBYID, DATECREATED, DATEUPDATED) VALUES (3, 'frmAccommodationPledgeAddressTwoLabel', 'de', 11002, 'Adresszeile 2', 1, 1, current_date, current_date);
INSERT INTO MESSAGERESOURCE(VIEWID, MESSAGEKEY, LOCALE, LOCALEREFERENCEID, MESSAGE, CREATEDBYID, UPDATEDBYID, DATECREATED, DATEUPDATED) VALUES (3, 'frmAccommodationPledgeAddressTwoHelpBlock', 'de', 11002, '', 1, 1, current_date, current_date);
INSERT INTO MESSAGERESOURCE(VIEWID, MESSAGEKEY, LOCALE, LOCALEREFERENCEID, MESSAGE, CREATEDBYID, UPDATEDBYID, DATECREATED, DATEUPDATED) VALUES (3, 'frmAccommodationPledgeAddressTwoPlaceHolder', 'de', 11002, 'Ihre Strae', 1, 1, current_date, current_date);
INSERT INTO MESSAGERESOURCE(VIEWID, MESSAGEKEY, LOCALE, LOCALEREFERENCEID, MESSAGE, CREATEDBYID, UPDATEDBYID, DATECREATED, DATEUPDATED) VALUES (3, 'frmAccommodationPledgeCityLabel', 'en', 11000, 'Townland/Town/City', 1, 1, current_date, current_date);
INSERT INTO MESSAGERESOURCE(VIEWID, MESSAGEKEY, LOCALE, LOCALEREFERENCEID, MESSAGE, CREATEDBYID, UPDATEDBYID, DATECREATED, DATEUPDATED) VALUES (3, 'frmAccommodationPledgeCityHelpBlock', 'en', 11000, '', 1, 1, current_date, current_date);
INSERT INTO MESSAGERESOURCE(VIEWID, MESSAGEKEY, LOCALE, LOCALEREFERENCEID, MESSAGE, CREATEDBYID, UPDATEDBYID, DATECREATED, DATEUPDATED) VALUES (3, 'frmAccommodationPledgeCityPlaceHolder', 'en', 11000, 'Optional', 1, 1, current_date, current_date);
INSERT INTO MESSAGERESOURCE(VIEWID, MESSAGEKEY, LOCALE, LOCALEREFERENCEID, MESSAGE, CREATEDBYID, UPDATEDBYID, DATECREATED, DATEUPDATED) VALUES (3, 'frmAccommodationPledgeCityLabel', 'fr', 11001, 'Ville', 1, 1, current_date, current_date);
INSERT INTO MESSAGERESOURCE(VIEWID, MESSAGEKEY, LOCALE, LOCALEREFERENCEID, MESSAGE, CREATEDBYID, UPDATEDBYID, DATECREATED, DATEUPDATED) VALUES (3, 'frmAccommodationPledgeCityHelpBlock', 'fr', 11001, '', 1, 1, current_date, current_date);
INSERT INTO MESSAGERESOURCE(VIEWID, MESSAGEKEY, LOCALE, LOCALEREFERENCEID, MESSAGE, CREATEDBYID, UPDATEDBYID, DATECREATED, DATEUPDATED) VALUES (3, 'frmAccommodationPledgeCityPlaceHolder', 'fr', 11001, 'Optionnel', 1, 1, current_date, current_date);
INSERT INTO MESSAGERESOURCE(VIEWID, MESSAGEKEY, LOCALE, LOCALEREFERENCEID, MESSAGE, CREATEDBYID, UPDATEDBYID, DATECREATED, DATEUPDATED) VALUES (3, 'frmAccommodationPledgeCityLabel', 'de', 11002, 'Stadt', 1, 1, current_date, current_date);
INSERT INTO MESSAGERESOURCE(VIEWID, MESSAGEKEY, LOCALE, LOCALEREFERENCEID, MESSAGE, CREATEDBYID, UPDATEDBYID, DATECREATED, DATEUPDATED) VALUES (3, 'frmAccommodationPledgeCityHelpBlock', 'de', 11002, '', 1, 1, current_date, current_date);
INSERT INTO MESSAGERESOURCE(VIEWID, MESSAGEKEY, LOCALE, LOCALEREFERENCEID, MESSAGE, CREATEDBYID, UPDATEDBYID, DATECREATED, DATEUPDATED) VALUES (3, 'frmAccommodationPledgeCityPlaceHolder', 'de', 11002, 'Optional', 1, 1, current_date, current_date);
INSERT INTO MESSAGERESOURCE(VIEWID, MESSAGEKEY, LOCALE, LOCALEREFERENCEID, MESSAGE, CREATEDBYID, UPDATEDBYID, DATECREATED, DATEUPDATED) VALUES (3, 'frmAccommodationPledgeStateProvinceRegionLabel', 'en', 11000, 'State/Province/Region', 1, 1, current_date, current_date);
INSERT INTO MESSAGERESOURCE(VIEWID, MESSAGEKEY, LOCALE, LOCALEREFERENCEID, MESSAGE, CREATEDBYID, UPDATEDBYID, DATECREATED, DATEUPDATED) VALUES (3, 'frmAccommodationPledgeStateProvinceRegionHelpBlock', 'en', 11000, '', 1, 1, current_date, current_date);
INSERT INTO MESSAGERESOURCE(VIEWID, MESSAGEKEY, LOCALE, LOCALEREFERENCEID, MESSAGE, CREATEDBYID, UPDATEDBYID, DATECREATED, DATEUPDATED) VALUES (3, 'frmAccommodationPledgeStateProvinceRegionPlaceHolder', 'en', 11000, 'Optional', 1, 1, current_date, current_date);
INSERT INTO MESSAGERESOURCE(VIEWID, MESSAGEKEY, LOCALE, LOCALEREFERENCEID, MESSAGE, CREATEDBYID, UPDATEDBYID, DATECREATED, DATEUPDATED) VALUES (3, 'frmAccommodationPledgeStateProvinceRegionLabel', 'fr', 11001, 'Etat/Province/Rgion', 1, 1, current_date, current_date);
INSERT INTO MESSAGERESOURCE(VIEWID, MESSAGEKEY, LOCALE, LOCALEREFERENCEID, MESSAGE, CREATEDBYID, UPDATEDBYID, DATECREATED, DATEUPDATED) VALUES (3, 'frmAccommodationPledgeStateProvinceRegionHelpBlock', 'fr', 11001, '', 1, 1, current_date, current_date);
INSERT INTO MESSAGERESOURCE(VIEWID, MESSAGEKEY, LOCALE, LOCALEREFERENCEID, MESSAGE, CREATEDBYID, UPDATEDBYID, DATECREATED, DATEUPDATED) VALUES (3, 'frmAccommodationPledgeStateProvinceRegionPlaceHolder', 'fr', 11001, 'Optionnel', 1, 1, current_date, current_date);
INSERT INTO MESSAGERESOURCE(VIEWID, MESSAGEKEY, LOCALE, LOCALEREFERENCEID, MESSAGE, CREATEDBYID, UPDATEDBYID, DATECREATED, DATEUPDATED) VALUES (3, 'frmAccommodationPledgeStateProvinceRegionLabel', 'de', 11002, 'Staat/Provinz/Region', 1, 1, current_date, current_date);
INSERT INTO MESSAGERESOURCE(VIEWID, MESSAGEKEY, LOCALE, LOCALEREFERENCEID, MESSAGE, CREATEDBYID, UPDATEDBYID, DATECREATED, DATEUPDATED) VALUES (3, 'frmAccommodationPledgeStateProvinceRegionHelpBlock', 'de', 11002, '', 1, 1, current_date, current_date);
INSERT INTO MESSAGERESOURCE(VIEWID, MESSAGEKEY, LOCALE, LOCALEREFERENCEID, MESSAGE, CREATEDBYID, UPDATEDBYID, DATECREATED, DATEUPDATED) VALUES (3, 'frmAccommodationPledgeStateProvinceRegionPlaceHolder', 'de', 11002, 'Optional', 1, 1, current_date, current_date);
INSERT INTO MESSAGERESOURCE(VIEWID, MESSAGEKEY, LOCALE, LOCALEREFERENCEID, MESSAGE, CREATEDBYID, UPDATEDBYID, DATECREATED, DATEUPDATED) VALUES (3, 'frmAccommodationPledgePostCodeLabel', 'en', 11000, 'Post Code', 1, 1, current_date, current_date);
INSERT INTO MESSAGERESOURCE(VIEWID, MESSAGEKEY, LOCALE, LOCALEREFERENCEID, MESSAGE, CREATEDBYID, UPDATEDBYID, DATECREATED, DATEUPDATED) VALUES (3, 'frmAccommodationPledgePostCodeHelpBlock', 'en', 11000, '', 1, 1, current_date, current_date);
INSERT INTO MESSAGERESOURCE(VIEWID, MESSAGEKEY, LOCALE, LOCALEREFERENCEID, MESSAGE, CREATEDBYID, UPDATEDBYID, DATECREATED, DATEUPDATED) VALUES (3, 'frmAccommodationPledgePostCodePlaceHolder', 'en', 11000, '', 1, 1, current_date, current_date);
INSERT INTO MESSAGERESOURCE(VIEWID, MESSAGEKEY, LOCALE, LOCALEREFERENCEID, MESSAGE, CREATEDBYID, UPDATEDBYID, DATECREATED, DATEUPDATED) VALUES (3, 'frmAccommodationPledgePostCodeLabel', 'fr', 11001, 'Code Postal', 1, 1, current_date, current_date);
INSERT INTO MESSAGERESOURCE(VIEWID, MESSAGEKEY, LOCALE, LOCALEREFERENCEID, MESSAGE, CREATEDBYID, UPDATEDBYID, DATECREATED, DATEUPDATED) VALUES (3, 'frmAccommodationPledgePostCodeHelpBlock', 'fr', 11001, '', 1, 1, current_date, current_date);
INSERT INTO MESSAGERESOURCE(VIEWID, MESSAGEKEY, LOCALE, LOCALEREFERENCEID, MESSAGE, CREATEDBYID, UPDATEDBYID, DATECREATED, DATEUPDATED) VALUES (3, 'frmAccommodationPledgePostCodePlaceHolder', 'fr', 11001, '', 1, 1, current_date, current_date);
INSERT INTO MESSAGERESOURCE(VIEWID, MESSAGEKEY, LOCALE, LOCALEREFERENCEID, MESSAGE, CREATEDBYID, UPDATEDBYID, DATECREATED, DATEUPDATED) VALUES (3, 'frmAccommodationPledgePostCodeLabel', 'de', 11002, 'PLZ', 1, 1, current_date, current_date);
INSERT INTO MESSAGERESOURCE(VIEWID, MESSAGEKEY, LOCALE, LOCALEREFERENCEID, MESSAGE, CREATEDBYID, UPDATEDBYID, DATECREATED, DATEUPDATED) VALUES (3, 'frmAccommodationPledgePostCodeHelpBlock', 'de', 11002, '', 1, 1, current_date, current_date);
INSERT INTO MESSAGERESOURCE(VIEWID, MESSAGEKEY, LOCALE, LOCALEREFERENCEID, MESSAGE, CREATEDBYID, UPDATEDBYID, DATECREATED, DATEUPDATED) VALUES (3, 'frmAccommodationPledgePostCodePlaceHolder', 'de', 11002, '', 1, 1, current_date, current_date);
INSERT INTO MESSAGERESOURCE(VIEWID, MESSAGEKEY, LOCALE, LOCALEREFERENCEID, MESSAGE, CREATEDBYID, UPDATEDBYID, DATECREATED, DATEUPDATED) VALUES (3, 'frmAccommodationPledgeCountryLabel', 'en', 11000, 'Country', 1, 1, current_date, current_date);
INSERT INTO MESSAGERESOURCE(VIEWID, MESSAGEKEY, LOCALE, LOCALEREFERENCEID, MESSAGE, CREATEDBYID, UPDATEDBYID, DATECREATED, DATEUPDATED) VALUES (3, 'frmAccommodationPledgeCountryHelpBlock', 'en', 11000, '', 1, 1, current_date, current_date);
INSERT INTO MESSAGERESOURCE(VIEWID, MESSAGEKEY, LOCALE, LOCALEREFERENCEID, MESSAGE, CREATEDBYID, UPDATEDBYID, DATECREATED, DATEUPDATED) VALUES (3, 'frmAccommodationPledgeCountryPlaceHolder', 'en', 11000, 'Please select', 1, 1, current_date, current_date);
INSERT INTO MESSAGERESOURCE(VIEWID, MESSAGEKEY, LOCALE, LOCALEREFERENCEID, MESSAGE, CREATEDBYID, UPDATEDBYID, DATECREATED, DATEUPDATED) VALUES (3, 'frmAccommodationPledgeCountryLabel', 'fr', 11001, 'Pays', 1, 1, current_date, current_date);
INSERT INTO MESSAGERESOURCE(VIEWID, MESSAGEKEY, LOCALE, LOCALEREFERENCEID, MESSAGE, CREATEDBYID, UPDATEDBYID, DATECREATED, DATEUPDATED) VALUES (3, 'frmAccommodationPledgeCountryHelpBlock', 'fr', 11001, '', 1, 1, current_date, current_date);
INSERT INTO MESSAGERESOURCE(VIEWID, MESSAGEKEY, LOCALE, LOCALEREFERENCEID, MESSAGE, CREATEDBYID, UPDATEDBYID, DATECREATED, DATEUPDATED) VALUES (3, 'frmAccommodationPledgeCountryPlaceHolder', 'fr', 11001, 'Veuillez choisir', 1, 1, current_date, current_date);
INSERT INTO MESSAGERESOURCE(VIEWID, MESSAGEKEY, LOCALE, LOCALEREFERENCEID, MESSAGE, CREATEDBYID, UPDATEDBYID, DATECREATED, DATEUPDATED) VALUES (3, 'frmAccommodationPledgeCountryLabel', 'de', 11002, 'Land', 1, 1, current_date, current_date);
INSERT INTO MESSAGERESOURCE(VIEWID, MESSAGEKEY, LOCALE, LOCALEREFERENCEID, MESSAGE, CREATEDBYID, UPDATEDBYID, DATECREATED, DATEUPDATED) VALUES (3, 'frmAccommodationPledgeCountryHelpBlock', 'de', 11002, '', 1, 1, current_date, current_date);
INSERT INTO MESSAGERESOURCE(VIEWID, MESSAGEKEY, LOCALE, LOCALEREFERENCEID, MESSAGE, CREATEDBYID, UPDATEDBYID, DATECREATED, DATEUPDATED) VALUES (3, 'frmAccommodationPledgeCountryPlaceHolder', 'de', 11002, 'Bitte auswhlen ', 1, 1, current_date, current_date);
INSERT INTO MESSAGERESOURCE(VIEWID, MESSAGEKEY, LOCALE, LOCALEREFERENCEID, MESSAGE, CREATEDBYID, UPDATEDBYID, DATECREATED, DATEUPDATED) VALUES (3, 'frmAccommodationPledgeOwnerOccupierLabel', 'en', 11000, 'Who owns the accommodation?', 1, 1, current_date, current_date);
INSERT INTO MESSAGERESOURCE(VIEWID, MESSAGEKEY, LOCALE, LOCALEREFERENCEID, MESSAGE, CREATEDBYID, UPDATEDBYID, DATECREATED, DATEUPDATED) VALUES (3, 'frmAccommodationPledgeOwnerOccupierHelpBlock', 'en', 11000, 'Are you the owner of the property or a tenant/occupier?', 1, 1, current_date, current_date);
INSERT INTO MESSAGERESOURCE(VIEWID, MESSAGEKEY, LOCALE, LOCALEREFERENCEID, MESSAGE, CREATEDBYID, UPDATEDBYID, DATECREATED, DATEUPDATED) VALUES (3, 'frmAccommodationPledgeOwnerOccupierPlaceHolder', 'en', 11000, 'Please select', 1, 1, current_date, current_date);
INSERT INTO MESSAGERESOURCE(VIEWID, MESSAGEKEY, LOCALE, LOCALEREFERENCEID, MESSAGE, CREATEDBYID, UPDATEDBYID, DATECREATED, DATEUPDATED) VALUES (3, 'frmAccommodationPledgeOwnerOccupierLabel', 'fr', 11001, 'Qui est propritaire de l'' hbergement?', 1, 1, current_date, current_date);
INSERT INTO MESSAGERESOURCE(VIEWID, MESSAGEKEY, LOCALE, LOCALEREFERENCEID, MESSAGE, CREATEDBYID, UPDATEDBYID, DATECREATED, DATEUPDATED) VALUES (3, 'frmAccommodationPledgeOwnerOccupierHelpBlock', 'fr', 11001, 'tes-vous le propritaire de l''immeuble ou un locataire/occupant?', 1, 1, current_date, current_date);
INSERT INTO MESSAGERESOURCE(VIEWID, MESSAGEKEY, LOCALE, LOCALEREFERENCEID, MESSAGE, CREATEDBYID, UPDATEDBYID, DATECREATED, DATEUPDATED) VALUES (3, 'frmAccommodationPledgeOwnerOccupierPlaceHolder', 'fr', 11001, 'Veuillez choisir', 1, 1, current_date, current_date);
INSERT INTO MESSAGERESOURCE(VIEWID, MESSAGEKEY, LOCALE, LOCALEREFERENCEID, MESSAGE, CREATEDBYID, UPDATEDBYID, DATECREATED, DATEUPDATED) VALUES (3, 'frmAccommodationPledgeOwnerOccupierLabel', 'de', 11002, 'Wem gehrt die Unterkunft ?', 1, 1, current_date, current_date);
INSERT INTO MESSAGERESOURCE(VIEWID, MESSAGEKEY, LOCALE, LOCALEREFERENCEID, MESSAGE, CREATEDBYID, UPDATEDBYID, DATECREATED, DATEUPDATED) VALUES (3, 'frmAccommodationPledgeOwnerOccupierHelpBlock', 'de', 11002, 'Sind Sie der Eigentmer der Immobilie oder einen Mieter / Besatzer ?', 1, 1, current_date, current_date);
INSERT INTO MESSAGERESOURCE(VIEWID, MESSAGEKEY, LOCALE, LOCALEREFERENCEID, MESSAGE, CREATEDBYID, UPDATEDBYID, DATECREATED, DATEUPDATED) VALUES (3, 'frmAccommodationPledgeOwnerOccupierPlaceHolder', 'de', 11002, 'Bitte auswhlen ', 1, 1, current_date, current_date);
INSERT INTO MESSAGERESOURCE(VIEWID, MESSAGEKEY, LOCALE, LOCALEREFERENCEID, MESSAGE, CREATEDBYID, UPDATEDBYID, DATECREATED, DATEUPDATED) VALUES (3, 'frmAccommodationPledgeAccommodationDateFromLabel', 'en', 11000, 'When is the accommodation available from?', 1, 1, current_date, current_date);
INSERT INTO MESSAGERESOURCE(VIEWID, MESSAGEKEY, LOCALE, LOCALEREFERENCEID, MESSAGE, CREATEDBYID, UPDATEDBYID, DATECREATED, DATEUPDATED) VALUES (3, 'frmAccommodationPledgeAccommodationDateFromHelpBlock', 'en', 11000, 'Optional. If there are no specific dates, leave this blank.', 1, 1, current_date, current_date);
INSERT INTO MESSAGERESOURCE(VIEWID, MESSAGEKEY, LOCALE, LOCALEREFERENCEID, MESSAGE, CREATEDBYID, UPDATEDBYID, DATECREATED, DATEUPDATED) VALUES (3, 'frmAccommodationPledgeAccommodationDateFromPlaceHolder', 'en', 11000, 'DD/MM/YYYY', 1, 1, current_date, current_date);
INSERT INTO MESSAGERESOURCE(VIEWID, MESSAGEKEY, LOCALE, LOCALEREFERENCEID, MESSAGE, CREATEDBYID, UPDATEDBYID, DATECREATED, DATEUPDATED) VALUES (3, 'frmAccommodationPledgeAccommodationDateFromLabel', 'fr', 11001, 'Lorsque le logement est disponible  partir de?', 1, 1, current_date, current_date);
INSERT INTO MESSAGERESOURCE(VIEWID, MESSAGEKEY, LOCALE, LOCALEREFERENCEID, MESSAGE, CREATEDBYID, UPDATEDBYID, DATECREATED, DATEUPDATED) VALUES (3, 'frmAccommodationPledgeAccommodationDateFromHelpBlock', 'fr', 11001, 'Optionnel. Si il n''y a pas de date prcise, laisser ce champ vide.', 1, 1, current_date, current_date);
INSERT INTO MESSAGERESOURCE(VIEWID, MESSAGEKEY, LOCALE, LOCALEREFERENCEID, MESSAGE, CREATEDBYID, UPDATEDBYID, DATECREATED, DATEUPDATED) VALUES (3, 'frmAccommodationPledgeAccommodationDateFromPlaceHolder', 'fr', 11001, 'DD/MM/YYYY', 1, 1, current_date, current_date);
INSERT INTO MESSAGERESOURCE(VIEWID, MESSAGEKEY, LOCALE, LOCALEREFERENCEID, MESSAGE, CREATEDBYID, UPDATEDBYID, DATECREATED, DATEUPDATED) VALUES (3, 'frmAccommodationPledgeAccommodationDateFromLabel', 'de', 11002, 'Wann ist die Unterkunft ab?', 1, 1, current_date, current_date);
INSERT INTO MESSAGERESOURCE(VIEWID, MESSAGEKEY, LOCALE, LOCALEREFERENCEID, MESSAGE, CREATEDBYID, UPDATEDBYID, DATECREATED, DATEUPDATED) VALUES (3, 'frmAccommodationPledgeAccommodationDateFromHelpBlock', 'de', 11002, 'Optional. Wenn keine bestimmten Terminen, lassen Sie dieses Feld leer.', 1, 1, current_date, current_date);
INSERT INTO MESSAGERESOURCE(VIEWID, MESSAGEKEY, LOCALE, LOCALEREFERENCEID, MESSAGE, CREATEDBYID, UPDATEDBYID, DATECREATED, DATEUPDATED) VALUES (3, 'frmAccommodationPledgeAccommodationDateFromPlaceHolder', 'de', 11002, 'DD/MM/YYYY', 1, 1, current_date, current_date);
INSERT INTO MESSAGERESOURCE(VIEWID, MESSAGEKEY, LOCALE, LOCALEREFERENCEID, MESSAGE, CREATEDBYID, UPDATEDBYID, DATECREATED, DATEUPDATED) VALUES (3, 'frmAccommodationPledgeAccommodationDateToLabel', 'en', 11000, 'When is the accommodation available until?', 1, 1, current_date, current_date);
INSERT INTO MESSAGERESOURCE(VIEWID, MESSAGEKEY, LOCALE, LOCALEREFERENCEID, MESSAGE, CREATEDBYID, UPDATEDBYID, DATECREATED, DATEUPDATED) VALUES (3, 'frmAccommodationPledgeAccommodationDateToHelpBlock', 'en', 11000, 'Optional. If there are no specific dates, leave this blank.', 1, 1, current_date, current_date);
INSERT INTO MESSAGERESOURCE(VIEWID, MESSAGEKEY, LOCALE, LOCALEREFERENCEID, MESSAGE, CREATEDBYID, UPDATEDBYID, DATECREATED, DATEUPDATED) VALUES (3, 'frmAccommodationPledgeAccommodationDateToPlaceHolder', 'en', 11000, 'DD/MM/YYYY', 1, 1, current_date, current_date);
INSERT INTO MESSAGERESOURCE(VIEWID, MESSAGEKEY, LOCALE, LOCALEREFERENCEID, MESSAGE, CREATEDBYID, UPDATEDBYID, DATECREATED, DATEUPDATED) VALUES (3, 'frmAccommodationPledgeAccommodationDateToLabel', 'fr', 11001, 'Lorsque le logement est disponible jusqu''au?', 1, 1, current_date, current_date);
INSERT INTO MESSAGERESOURCE(VIEWID, MESSAGEKEY, LOCALE, LOCALEREFERENCEID, MESSAGE, CREATEDBYID, UPDATEDBYID, DATECREATED, DATEUPDATED) VALUES (3, 'frmAccommodationPledgeAccommodationDateToHelpBlock', 'fr', 11001, 'Optionnel. Si il n''y a pas de date prcise, laisser ce champ vide.', 1, 1, current_date, current_date);
INSERT INTO MESSAGERESOURCE(VIEWID, MESSAGEKEY, LOCALE, LOCALEREFERENCEID, MESSAGE, CREATEDBYID, UPDATEDBYID, DATECREATED, DATEUPDATED) VALUES (3, 'frmAccommodationPledgeAccommodationDateToPlaceHolder', 'fr', 11001, 'DD/MM/YYYY', 1, 1, current_date, current_date);
INSERT INTO MESSAGERESOURCE(VIEWID, MESSAGEKEY, LOCALE, LOCALEREFERENCEID, MESSAGE, CREATEDBYID, UPDATEDBYID, DATECREATED, DATEUPDATED) VALUES (3, 'frmAccommodationPledgeAccommodationDateToLabel', 'de', 11002, 'Wann ist die Unterkunft zur Verfgung, bis?', 1, 1, current_date, current_date);
INSERT INTO MESSAGERESOURCE(VIEWID, MESSAGEKEY, LOCALE, LOCALEREFERENCEID, MESSAGE, CREATEDBYID, UPDATEDBYID, DATECREATED, DATEUPDATED) VALUES (3, 'frmAccommodationPledgeAccommodationDateToHelpBlock', 'de', 11002, 'Optional. Wenn keine bestimmten Terminen, lassen Sie dieses Feld leer.', 1, 1, current_date, current_date);
INSERT INTO MESSAGERESOURCE(VIEWID, MESSAGEKEY, LOCALE, LOCALEREFERENCEID, MESSAGE, CREATEDBYID, UPDATEDBYID, DATECREATED, DATEUPDATED) VALUES (3, 'frmAccommodationPledgeAccommodationDateToPlaceHolder', 'de', 11002, 'DD/MM/YYYY', 1, 1, current_date, current_date);
INSERT INTO MESSAGERESOURCE(VIEWID, MESSAGEKEY, LOCALE, LOCALEREFERENCEID, MESSAGE, CREATEDBYID, UPDATEDBYID, DATECREATED, DATEUPDATED) VALUES (3, 'frmAccommodationPledgeAccommodationTypeLabel', 'en', 11000, 'What kind of accommodation are you pledging?', 1, 1, current_date, current_date);
INSERT INTO MESSAGERESOURCE(VIEWID, MESSAGEKEY, LOCALE, LOCALEREFERENCEID, MESSAGE, CREATEDBYID, UPDATEDBYID, DATECREATED, DATEUPDATED) VALUES (3, 'frmAccommodationPledgeAccommodationTypeHelpBlock', 'en', 11000, '', 1, 1, current_date, current_date);
INSERT INTO MESSAGERESOURCE(VIEWID, MESSAGEKEY, LOCALE, LOCALEREFERENCEID, MESSAGE, CREATEDBYID, UPDATEDBYID, DATECREATED, DATEUPDATED) VALUES (3, 'frmAccommodationPledgeAccommodationTypePlaceHolder', 'en', 11000, 'Please select', 1, 1, current_date, current_date);
INSERT INTO MESSAGERESOURCE(VIEWID, MESSAGEKEY, LOCALE, LOCALEREFERENCEID, MESSAGE, CREATEDBYID, UPDATEDBYID, DATECREATED, DATEUPDATED) VALUES (3, 'frmAccommodationPledgeAccommodationTypeLabel', 'fr', 11001, 'Quel type d''hbergement que vous tes mise en gage?', 1, 1, current_date, current_date);
INSERT INTO MESSAGERESOURCE(VIEWID, MESSAGEKEY, LOCALE, LOCALEREFERENCEID, MESSAGE, CREATEDBYID, UPDATEDBYID, DATECREATED, DATEUPDATED) VALUES (3, 'frmAccommodationPledgeAccommodationTypeHelpBlock', 'fr', 11001, '', 1, 1, current_date, current_date);
INSERT INTO MESSAGERESOURCE(VIEWID, MESSAGEKEY, LOCALE, LOCALEREFERENCEID, MESSAGE, CREATEDBYID, UPDATEDBYID, DATECREATED, DATEUPDATED) VALUES (3, 'frmAccommodationPledgeAccommodationTypePlaceHolder', 'fr', 11001, 'Veuillez choisir', 1, 1, current_date, current_date);
INSERT INTO MESSAGERESOURCE(VIEWID, MESSAGEKEY, LOCALE, LOCALEREFERENCEID, MESSAGE, CREATEDBYID, UPDATEDBYID, DATECREATED, DATEUPDATED) VALUES (3, 'frmAccommodationPledgeAccommodationTypeLabel', 'de', 11002, 'Welche Art von Unterkunft sind Sie Verpfndung?', 1, 1, current_date, current_date);
INSERT INTO MESSAGERESOURCE(VIEWID, MESSAGEKEY, LOCALE, LOCALEREFERENCEID, MESSAGE, CREATEDBYID, UPDATEDBYID, DATECREATED, DATEUPDATED) VALUES (3, 'frmAccommodationPledgeAccommodationTypeHelpBlock', 'de', 11002, '', 1, 1, current_date, current_date);
INSERT INTO MESSAGERESOURCE(VIEWID, MESSAGEKEY, LOCALE, LOCALEREFERENCEID, MESSAGE, CREATEDBYID, UPDATEDBYID, DATECREATED, DATEUPDATED) VALUES (3, 'frmAccommodationPledgeAccommodationTypePlaceHolder', 'de', 11002, 'Bitte auswhlen ', 1, 1, current_date, current_date);
INSERT INTO MESSAGERESOURCE(VIEWID, MESSAGEKEY, LOCALE, LOCALEREFERENCEID, MESSAGE, CREATEDBYID, UPDATEDBYID, DATECREATED, DATEUPDATED) VALUES (3, 'frmAccommodationPledgeAccommodationConditionLabel', 'en', 11000, 'Condition', 1, 1, current_date, current_date);
INSERT INTO MESSAGERESOURCE(VIEWID, MESSAGEKEY, LOCALE, LOCALEREFERENCEID, MESSAGE, CREATEDBYID, UPDATEDBYID, DATECREATED, DATEUPDATED) VALUES (3, 'frmAccommodationPledgeAccommodationConditionHelpBlock', 'en', 11000, '', 1, 1, current_date, current_date);
INSERT INTO MESSAGERESOURCE(VIEWID, MESSAGEKEY, LOCALE, LOCALEREFERENCEID, MESSAGE, CREATEDBYID, UPDATEDBYID, DATECREATED, DATEUPDATED) VALUES (3, 'frmAccommodationPledgeAccommodationConditionPlaceHolder', 'en', 11000, 'Please select', 1, 1, current_date, current_date);
INSERT INTO MESSAGERESOURCE(VIEWID, MESSAGEKEY, LOCALE, LOCALEREFERENCEID, MESSAGE, CREATEDBYID, UPDATEDBYID, DATECREATED, DATEUPDATED) VALUES (3, 'frmAccommodationPledgeNumberOfBedsLabel', 'en', 11000, 'Number of beds', 1, 1, current_date, current_date);
INSERT INTO MESSAGERESOURCE(VIEWID, MESSAGEKEY, LOCALE, LOCALEREFERENCEID, MESSAGE, CREATEDBYID, UPDATEDBYID, DATECREATED, DATEUPDATED) VALUES (3, 'frmAccommodationPledgeNumberOfBedsHelpBlock', 'en', 11000, '', 1, 1, current_date, current_date);
INSERT INTO MESSAGERESOURCE(VIEWID, MESSAGEKEY, LOCALE, LOCALEREFERENCEID, MESSAGE, CREATEDBYID, UPDATEDBYID, DATECREATED, DATEUPDATED) VALUES (3, 'frmAccommodationPledgeNumberOfBedsPlaceHolder', 'en', 11000, 'Please select', 1, 1, current_date, current_date);
INSERT INTO MESSAGERESOURCE(VIEWID, MESSAGEKEY, LOCALE, LOCALEREFERENCEID, MESSAGE, CREATEDBYID, UPDATEDBYID, DATECREATED, DATEUPDATED) VALUES (3, 'frmAccommodationPledgeVacantOrSharedLabel', 'en', 11000, 'Vacant or Shared', 1, 1, current_date, current_date);
INSERT INTO MESSAGERESOURCE(VIEWID, MESSAGEKEY, LOCALE, LOCALEREFERENCEID, MESSAGE, CREATEDBYID, UPDATEDBYID, DATECREATED, DATEUPDATED) VALUES (3, 'frmAccommodationPledgeVacantOrSharedHelpBlock', 'en', 11000, '', 1, 1, current_date, current_date);
INSERT INTO MESSAGERESOURCE(VIEWID, MESSAGEKEY, LOCALE, LOCALEREFERENCEID, MESSAGE, CREATEDBYID, UPDATEDBYID, DATECREATED, DATEUPDATED) VALUES (3, 'frmAccommodationPledgeVacantOrSharedPlaceHolder', 'en', 11000, 'Please select', 1, 1, current_date, current_date);
INSERT INTO MESSAGERESOURCE(VIEWID, MESSAGEKEY, LOCALE, LOCALEREFERENCEID, MESSAGE, CREATEDBYID, UPDATEDBYID, DATECREATED, DATEUPDATED) VALUES (3, 'frmAccommodationPledgeOtherAmenitiesLabel', 'en', 11000, 'Description of other Amenities', 1, 1, current_date, current_date);
INSERT INTO MESSAGERESOURCE(VIEWID, MESSAGEKEY, LOCALE, LOCALEREFERENCEID, MESSAGE, CREATEDBYID, UPDATEDBYID, DATECREATED, DATEUPDATED) VALUES (3, 'frmAccommodationPledgeOtherAmenitiesHelpBlock', 'en', 11000, '', 1, 1, current_date, current_date);
INSERT INTO MESSAGERESOURCE(VIEWID, MESSAGEKEY, LOCALE, LOCALEREFERENCEID, MESSAGE, CREATEDBYID, UPDATEDBYID, DATECREATED, DATEUPDATED) VALUES (3, 'frmAccommodationPledgeOtherAmenitiesPlaceHolder', 'en', 11000, '', 1, 1, current_date, current_date);
INSERT INTO MESSAGERESOURCE(VIEWID, MESSAGEKEY, LOCALE, LOCALEREFERENCEID, MESSAGE, CREATEDBYID, UPDATEDBYID, DATECREATED, DATEUPDATED) VALUES (3, 'frmAccommodationPledgeCanYouAccommodateLabel', 'en', 11000, 'How many people can you accommodate?', 1, 1, current_date, current_date);
INSERT INTO MESSAGERESOURCE(VIEWID, MESSAGEKEY, LOCALE, LOCALEREFERENCEID, MESSAGE, CREATEDBYID, UPDATEDBYID, DATECREATED, DATEUPDATED) VALUES (3, 'frmAccommodationPledgeCanYouAccommodateHelpBlock', 'en', 11000, '', 1, 1, current_date, current_date);
INSERT INTO MESSAGERESOURCE(VIEWID, MESSAGEKEY, LOCALE, LOCALEREFERENCEID, MESSAGE, CREATEDBYID, UPDATEDBYID, DATECREATED, DATEUPDATED) VALUES (3, 'frmAccommodationPledgeCanYouAccommodatePlaceHolder', 'en', 11000, 'Please select', 1, 1, current_date, current_date);
INSERT INTO MESSAGERESOURCE(VIEWID, MESSAGEKEY, LOCALE, LOCALEREFERENCEID, MESSAGE, CREATEDBYID, UPDATEDBYID, DATECREATED, DATEUPDATED) VALUES (3, 'frmAccommodationPledgeCanYouAccommodateLabel', 'fr', 11001, 'Combien de personnes pouvez-vous accueillir?', 1, 1, current_date, current_date);
INSERT INTO MESSAGERESOURCE(VIEWID, MESSAGEKEY, LOCALE, LOCALEREFERENCEID, MESSAGE, CREATEDBYID, UPDATEDBYID, DATECREATED, DATEUPDATED) VALUES (3, 'frmAccommodationPledgeCanYouAccommodateHelpBlock', 'fr', 11001, '', 1, 1, current_date, current_date);
INSERT INTO MESSAGERESOURCE(VIEWID, MESSAGEKEY, LOCALE, LOCALEREFERENCEID, MESSAGE, CREATEDBYID, UPDATEDBYID, DATECREATED, DATEUPDATED) VALUES (3, 'frmAccommodationPledgeCanYouAccommodatePlaceHolder', 'fr', 11001, 'Veuillez choisir', 1, 1, current_date, current_date);
INSERT INTO MESSAGERESOURCE(VIEWID, MESSAGEKEY, LOCALE, LOCALEREFERENCEID, MESSAGE, CREATEDBYID, UPDATEDBYID, DATECREATED, DATEUPDATED) VALUES (3, 'frmAccommodationPledgeCanYouAccommodateLabel', 'de', 11002, 'Wie viele Personen knnen Ihnen aufnehmen?', 1, 1, current_date, current_date);
INSERT INTO MESSAGERESOURCE(VIEWID, MESSAGEKEY, LOCALE, LOCALEREFERENCEID, MESSAGE, CREATEDBYID, UPDATEDBYID, DATECREATED, DATEUPDATED) VALUES (3, 'frmAccommodationPledgeCanYouAccommodateHelpBlock', 'de', 11002, '', 1, 1, current_date, current_date);
INSERT INTO MESSAGERESOURCE(VIEWID, MESSAGEKEY, LOCALE, LOCALEREFERENCEID, MESSAGE, CREATEDBYID, UPDATEDBYID, DATECREATED, DATEUPDATED) VALUES (3, 'frmAccommodationPledgeCanYouAccommodatePlaceHolder', 'de', 11002, 'Bitte auswhlen ', 1, 1, current_date, current_date);
INSERT INTO MESSAGERESOURCE(VIEWID, MESSAGEKEY, LOCALE, LOCALEREFERENCEID, MESSAGE, CREATEDBYID, UPDATEDBYID, DATECREATED, DATEUPDATED) VALUES (3, 'frmAccommodationPledgeAdditionalInformationLabel', 'en', 11000, 'Is there anything else that you would like to say about the accommodation?', 1, 1, current_date, current_date);
INSERT INTO MESSAGERESOURCE(VIEWID, MESSAGEKEY, LOCALE, LOCALEREFERENCEID, MESSAGE, CREATEDBYID, UPDATEDBYID, DATECREATED, DATEUPDATED) VALUES (3, 'frmAccommodationPledgeAdditionalInformationHelpBlock', 'en', 11000, '', 1, 1, current_date, current_date);
INSERT INTO MESSAGERESOURCE(VIEWID, MESSAGEKEY, LOCALE, LOCALEREFERENCEID, MESSAGE, CREATEDBYID, UPDATEDBYID, DATECREATED, DATEUPDATED) VALUES (3, 'frmAccommodationPledgeAdditionalInformationPlaceHolder', 'en', 11000, '', 1, 1, current_date, current_date);
INSERT INTO MESSAGERESOURCE(VIEWID, MESSAGEKEY, LOCALE, LOCALEREFERENCEID, MESSAGE, CREATEDBYID, UPDATEDBYID, DATECREATED, DATEUPDATED) VALUES (3, 'frmAccommodationPledgeAdditionalInformationLabel', 'fr', 11001, 'Y at-il autre chose que vous aimeriez dire  propos de l''hbergement?', 1, 1, current_date, current_date);
INSERT INTO MESSAGERESOURCE(VIEWID, MESSAGEKEY, LOCALE, LOCALEREFERENCEID, MESSAGE, CREATEDBYID, UPDATEDBYID, DATECREATED, DATEUPDATED) VALUES (3, 'frmAccommodationPledgeAdditionalInformationHelpBlock', 'fr', 11001, '', 1, 1, current_date, current_date);
INSERT INTO MESSAGERESOURCE(VIEWID, MESSAGEKEY, LOCALE, LOCALEREFERENCEID, MESSAGE, CREATEDBYID, UPDATEDBYID, DATECREATED, DATEUPDATED) VALUES (3, 'frmAccommodationPledgeAdditionalInformationPlaceHolder', 'fr', 11001, '', 1, 1, current_date, current_date);
INSERT INTO MESSAGERESOURCE(VIEWID, MESSAGEKEY, LOCALE, LOCALEREFERENCEID, MESSAGE, CREATEDBYID, UPDATEDBYID, DATECREATED, DATEUPDATED) VALUES (3, 'frmAccommodationPledgeAdditionalInformationLabel', 'de', 11002, 'Gibt es noch etwas, die Sie mchten, um ber die Unterkunft zu sagen?', 1, 1, current_date, current_date);
INSERT INTO MESSAGERESOURCE(VIEWID, MESSAGEKEY, LOCALE, LOCALEREFERENCEID, MESSAGE, CREATEDBYID, UPDATEDBYID, DATECREATED, DATEUPDATED) VALUES (3, 'frmAccommodationPledgeAdditionalInformationHelpBlock', 'de', 11002, '', 1, 1, current_date, current_date);
INSERT INTO MESSAGERESOURCE(VIEWID, MESSAGEKEY, LOCALE, LOCALEREFERENCEID, MESSAGE, CREATEDBYID, UPDATEDBYID, DATECREATED, DATEUPDATED) VALUES (3, 'frmAccommodationPledgeAdditionalInformationPlaceHolder', 'de', 11002, '', 1, 1, current_date, current_date);
INSERT INTO MESSAGERESOURCE(VIEWID, MESSAGEKEY, LOCALE, LOCALEREFERENCEID, MESSAGE, CREATEDBYID, UPDATEDBYID, DATECREATED, DATEUPDATED) VALUES (3, 'frmAccommodationPledgeSaveButtonLabel', 'en', 11000, 'Save', 1, 1, current_date, current_date);
INSERT INTO MESSAGERESOURCE(VIEWID, MESSAGEKEY, LOCALE, LOCALEREFERENCEID, MESSAGE, CREATEDBYID, UPDATEDBYID, DATECREATED, DATEUPDATED) VALUES (3, 'frmAccommodationPledgeSaveButtonHelpBlock', 'en', 11000, '', 1, 1, current_date, current_date);
INSERT INTO MESSAGERESOURCE(VIEWID, MESSAGEKEY, LOCALE, LOCALEREFERENCEID, MESSAGE, CREATEDBYID, UPDATEDBYID, DATECREATED, DATEUPDATED) VALUES (3, 'frmAccommodationPledgeSaveButtonPlaceHolder', 'en', 11000, '', 1, 1, current_date, current_date);
INSERT INTO MESSAGERESOURCE(VIEWID, MESSAGEKEY, LOCALE, LOCALEREFERENCEID, MESSAGE, CREATEDBYID, UPDATEDBYID, DATECREATED, DATEUPDATED) VALUES (3, 'frmAccommodationPledgeSaveButtonLabel', 'fr', 11001, 'Enregistrer', 1, 1, current_date, current_date);
INSERT INTO MESSAGERESOURCE(VIEWID, MESSAGEKEY, LOCALE, LOCALEREFERENCEID, MESSAGE, CREATEDBYID, UPDATEDBYID, DATECREATED, DATEUPDATED) VALUES (3, 'frmAccommodationPledgeSaveButtonHelpBlock', 'fr', 11001, '', 1, 1, current_date, current_date);
INSERT INTO MESSAGERESOURCE(VIEWID, MESSAGEKEY, LOCALE, LOCALEREFERENCEID, MESSAGE, CREATEDBYID, UPDATEDBYID, DATECREATED, DATEUPDATED) VALUES (3, 'frmAccommodationPledgeSaveButtonPlaceHolder', 'fr', 11001, '', 1, 1, current_date, current_date);
INSERT INTO MESSAGERESOURCE(VIEWID, MESSAGEKEY, LOCALE, LOCALEREFERENCEID, MESSAGE, CREATEDBYID, UPDATEDBYID, DATECREATED, DATEUPDATED) VALUES (3, 'frmAccommodationPledgeSaveButtonLabel', 'de', 11002, 'Rekord', 1, 1, current_date, current_date);
INSERT INTO MESSAGERESOURCE(VIEWID, MESSAGEKEY, LOCALE, LOCALEREFERENCEID, MESSAGE, CREATEDBYID, UPDATEDBYID, DATECREATED, DATEUPDATED) VALUES (3, 'frmAccommodationPledgeSaveButtonHelpBlock', 'de', 11002, '', 1, 1, current_date, current_date);
INSERT INTO MESSAGERESOURCE(VIEWID, MESSAGEKEY, LOCALE, LOCALEREFERENCEID, MESSAGE, CREATEDBYID, UPDATEDBYID, DATECREATED, DATEUPDATED) VALUES (3, 'frmAccommodationPledgeSaveButtonPlaceHolder', 'de', 11002, '', 1, 1, current_date, current_date);
INSERT INTO VIEW(VIEWID, VIEWNAME, CREATEDBYID, UPDATEDBYID, DATECREATED, DATEUPDATED) VALUES (4, 'Service Pledge', 1, 1, current_date, current_date);
INSERT INTO MESSAGERESOURCE(VIEWID, MESSAGEKEY, LOCALE, LOCALEREFERENCEID, MESSAGE, CREATEDBYID, UPDATEDBYID, DATECREATED, DATEUPDATED) VALUES (4, 'servicepledge.form.title', 'en', 11000, 'Service Pledge', 1, 1, current_date, current_date);
INSERT INTO MESSAGERESOURCE(VIEWID, MESSAGEKEY, LOCALE, LOCALEREFERENCEID, MESSAGE, CREATEDBYID, UPDATEDBYID, DATECREATED, DATEUPDATED) VALUES (4, 'servicePledgeAddedSuccessMessage', 'en', 11000, 'A new record has been added.', 1, 1, current_date, current_date);
INSERT INTO MESSAGERESOURCE(VIEWID, MESSAGEKEY, LOCALE, LOCALEREFERENCEID, MESSAGE, CREATEDBYID, UPDATEDBYID, DATECREATED, DATEUPDATED) VALUES (4, 'servicePledgeUpdateSuccessMessage', 'en', 11000, 'The record has been updated.', 1, 1, current_date, current_date);
INSERT INTO MESSAGERESOURCE(VIEWID, MESSAGEKEY, LOCALE, LOCALEREFERENCEID, MESSAGE, CREATEDBYID, UPDATEDBYID, DATECREATED, DATEUPDATED) VALUES (4, 'servicePledgeUpdateIssueMessage', 'en', 11000, 'We could not update this record! We have highlighted the inputs that need your attention.', 1, 1, current_date, current_date);
INSERT INTO MESSAGERESOURCE(VIEWID, MESSAGEKEY, LOCALE, LOCALEREFERENCEID, MESSAGE, CREATEDBYID, UPDATEDBYID, DATECREATED, DATEUPDATED) VALUES (4, 'servicepledge.form.title', 'fr', 11001, 'Service Pledge', 1, 1, current_date, current_date);
INSERT INTO MESSAGERESOURCE(VIEWID, MESSAGEKEY, LOCALE, LOCALEREFERENCEID, MESSAGE, CREATEDBYID, UPDATEDBYID, DATECREATED, DATEUPDATED) VALUES (4, 'servicePledgeAddedSuccessMessage', 'fr', 11001, 'A new record has been added.', 1, 1, current_date, current_date);
INSERT INTO MESSAGERESOURCE(VIEWID, MESSAGEKEY, LOCALE, LOCALEREFERENCEID, MESSAGE, CREATEDBYID, UPDATEDBYID, DATECREATED, DATEUPDATED) VALUES (4, 'servicePledgeUpdateSuccessMessage', 'fr', 11001, 'The record has been updated.', 1, 1, current_date, current_date);
INSERT INTO MESSAGERESOURCE(VIEWID, MESSAGEKEY, LOCALE, LOCALEREFERENCEID, MESSAGE, CREATEDBYID, UPDATEDBYID, DATECREATED, DATEUPDATED) VALUES (4, 'servicePledgeUpdateIssueMessage', 'fr', 11001, 'We could not update this record! We have highlighted the inputs that need your attention.', 1, 1, current_date, current_date);
INSERT INTO MESSAGERESOURCE(VIEWID, MESSAGEKEY, LOCALE, LOCALEREFERENCEID, MESSAGE, CREATEDBYID, UPDATEDBYID, DATECREATED, DATEUPDATED) VALUES (4, 'servicepledge.form.title', 'de', 11002, 'Service fr Sie', 1, 1, current_date, current_date);
INSERT INTO MESSAGERESOURCE(VIEWID, MESSAGEKEY, LOCALE, LOCALEREFERENCEID, MESSAGE, CREATEDBYID, UPDATEDBYID, DATECREATED, DATEUPDATED) VALUES (4, 'servicePledgeAddedSuccessMessage', 'de', 11002, 'A new record has been added.', 1, 1, current_date, current_date);
INSERT INTO MESSAGERESOURCE(VIEWID, MESSAGEKEY, LOCALE, LOCALEREFERENCEID, MESSAGE, CREATEDBYID, UPDATEDBYID, DATECREATED, DATEUPDATED) VALUES (4, 'servicePledgeUpdateSuccessMessage', 'de', 11002, 'The record has been updated.', 1, 1, current_date, current_date);
INSERT INTO MESSAGERESOURCE(VIEWID, MESSAGEKEY, LOCALE, LOCALEREFERENCEID, MESSAGE, CREATEDBYID, UPDATEDBYID, DATECREATED, DATEUPDATED) VALUES (4, 'servicePledgeUpdateIssueMessage', 'de', 11002, 'We could not update this record! We have highlighted the inputs that need your attention.', 1, 1, current_date, current_date);
INSERT INTO MESSAGERESOURCE(VIEWID, MESSAGEKEY, LOCALE, LOCALEREFERENCEID, MESSAGE, CREATEDBYID, UPDATEDBYID, DATECREATED, DATEUPDATED) VALUES (4, 'servicepledge.form.header', 'en', 11000, 'Service Pledge', 1, 1, current_date, current_date);
INSERT INTO MESSAGERESOURCE(VIEWID, MESSAGEKEY, LOCALE, LOCALEREFERENCEID, MESSAGE, CREATEDBYID, UPDATEDBYID, DATECREATED, DATEUPDATED) VALUES (4, 'servicePledgeAddedSuccessMessage', 'en', 11000, 'A new record has been added.', 1, 1, current_date, current_date);
INSERT INTO MESSAGERESOURCE(VIEWID, MESSAGEKEY, LOCALE, LOCALEREFERENCEID, MESSAGE, CREATEDBYID, UPDATEDBYID, DATECREATED, DATEUPDATED) VALUES (4, 'servicePledgeUpdateSuccessMessage', 'en', 11000, 'The record has been updated.', 1, 1, current_date, current_date);
INSERT INTO MESSAGERESOURCE(VIEWID, MESSAGEKEY, LOCALE, LOCALEREFERENCEID, MESSAGE, CREATEDBYID, UPDATEDBYID, DATECREATED, DATEUPDATED) VALUES (4, 'servicePledgeUpdateIssueMessage', 'en', 11000, 'We could not update this record! We have highlighted the inputs that need your attention.', 1, 1, current_date, current_date);
INSERT INTO MESSAGERESOURCE(VIEWID, MESSAGEKEY, LOCALE, LOCALEREFERENCEID, MESSAGE, CREATEDBYID, UPDATEDBYID, DATECREATED, DATEUPDATED) VALUES (4, 'servicepledge.form.header', 'fr', 11001, 'Service Pledge', 1, 1, current_date, current_date);
INSERT INTO MESSAGERESOURCE(VIEWID, MESSAGEKEY, LOCALE, LOCALEREFERENCEID, MESSAGE, CREATEDBYID, UPDATEDBYID, DATECREATED, DATEUPDATED) VALUES (4, 'servicePledgeAddedSuccessMessage', 'fr', 11001, 'A new record has been added.', 1, 1, current_date, current_date);
INSERT INTO MESSAGERESOURCE(VIEWID, MESSAGEKEY, LOCALE, LOCALEREFERENCEID, MESSAGE, CREATEDBYID, UPDATEDBYID, DATECREATED, DATEUPDATED) VALUES (4, 'servicePledgeUpdateSuccessMessage', 'fr', 11001, 'The record has been updated.', 1, 1, current_date, current_date);
INSERT INTO MESSAGERESOURCE(VIEWID, MESSAGEKEY, LOCALE, LOCALEREFERENCEID, MESSAGE, CREATEDBYID, UPDATEDBYID, DATECREATED, DATEUPDATED) VALUES (4, 'servicePledgeUpdateIssueMessage', 'fr', 11001, 'We could not update this record! We have highlighted the inputs that need your attention.', 1, 1, current_date, current_date);
INSERT INTO MESSAGERESOURCE(VIEWID, MESSAGEKEY, LOCALE, LOCALEREFERENCEID, MESSAGE, CREATEDBYID, UPDATEDBYID, DATECREATED, DATEUPDATED) VALUES (4, 'servicepledge.form.header', 'de', 11002, 'Service fr Sie', 1, 1, current_date, current_date);
INSERT INTO MESSAGERESOURCE(VIEWID, MESSAGEKEY, LOCALE, LOCALEREFERENCEID, MESSAGE, CREATEDBYID, UPDATEDBYID, DATECREATED, DATEUPDATED) VALUES (4, 'servicePledgeAddedSuccessMessage', 'de', 11002, 'A new record has been added.', 1, 1, current_date, current_date);
INSERT INTO MESSAGERESOURCE(VIEWID, MESSAGEKEY, LOCALE, LOCALEREFERENCEID, MESSAGE, CREATEDBYID, UPDATEDBYID, DATECREATED, DATEUPDATED) VALUES (4, 'servicePledgeUpdateSuccessMessage', 'de', 11002, 'The record has been updated.', 1, 1, current_date, current_date);
INSERT INTO MESSAGERESOURCE(VIEWID, MESSAGEKEY, LOCALE, LOCALEREFERENCEID, MESSAGE, CREATEDBYID, UPDATEDBYID, DATECREATED, DATEUPDATED) VALUES (4, 'servicePledgeUpdateIssueMessage', 'de', 11002, 'We could not update this record! We have highlighted the inputs that need your attention.', 1, 1, current_date, current_date);
INSERT INTO MESSAGERESOURCE(VIEWID, MESSAGEKEY, LOCALE, LOCALEREFERENCEID, MESSAGE, CREATEDBYID, UPDATEDBYID, DATECREATED, DATEUPDATED) VALUES (4, 'servicepledge.form.subheader', 'en', 11000, 'Please provide us with the following information', 1, 1, current_date, current_date);
INSERT INTO MESSAGERESOURCE(VIEWID, MESSAGEKEY, LOCALE, LOCALEREFERENCEID, MESSAGE, CREATEDBYID, UPDATEDBYID, DATECREATED, DATEUPDATED) VALUES (4, 'servicePledgeAddedSuccessMessage', 'en', 11000, 'A new record has been added.', 1, 1, current_date, current_date);
INSERT INTO MESSAGERESOURCE(VIEWID, MESSAGEKEY, LOCALE, LOCALEREFERENCEID, MESSAGE, CREATEDBYID, UPDATEDBYID, DATECREATED, DATEUPDATED) VALUES (4, 'servicePledgeUpdateSuccessMessage', 'en', 11000, 'The record has been updated.', 1, 1, current_date, current_date);
INSERT INTO MESSAGERESOURCE(VIEWID, MESSAGEKEY, LOCALE, LOCALEREFERENCEID, MESSAGE, CREATEDBYID, UPDATEDBYID, DATECREATED, DATEUPDATED) VALUES (4, 'servicePledgeUpdateIssueMessage', 'en', 11000, 'We could not update this record! We have highlighted the inputs that need your attention.', 1, 1, current_date, current_date);
INSERT INTO MESSAGERESOURCE(VIEWID, MESSAGEKEY, LOCALE, LOCALEREFERENCEID, MESSAGE, CREATEDBYID, UPDATEDBYID, DATECREATED, DATEUPDATED) VALUES (4, 'servicepledge.form.subheader', 'fr', 11001, 'S''il vous plat nous fournir les informations suivantes', 1, 1, current_date, current_date);
INSERT INTO MESSAGERESOURCE(VIEWID, MESSAGEKEY, LOCALE, LOCALEREFERENCEID, MESSAGE, CREATEDBYID, UPDATEDBYID, DATECREATED, DATEUPDATED) VALUES (4, 'servicePledgeAddedSuccessMessage', 'fr', 11001, 'A new record has been added.', 1, 1, current_date, current_date);
INSERT INTO MESSAGERESOURCE(VIEWID, MESSAGEKEY, LOCALE, LOCALEREFERENCEID, MESSAGE, CREATEDBYID, UPDATEDBYID, DATECREATED, DATEUPDATED) VALUES (4, 'servicePledgeUpdateSuccessMessage', 'fr', 11001, 'The record has been updated.', 1, 1, current_date, current_date);
INSERT INTO MESSAGERESOURCE(VIEWID, MESSAGEKEY, LOCALE, LOCALEREFERENCEID, MESSAGE, CREATEDBYID, UPDATEDBYID, DATECREATED, DATEUPDATED) VALUES (4, 'servicePledgeUpdateIssueMessage', 'fr', 11001, 'We could not update this record! We have highlighted the inputs that need your attention.', 1, 1, current_date, current_date);
INSERT INTO MESSAGERESOURCE(VIEWID, MESSAGEKEY, LOCALE, LOCALEREFERENCEID, MESSAGE, CREATEDBYID, UPDATEDBYID, DATECREATED, DATEUPDATED) VALUES (4, 'servicepledge.form.subheader', 'de', 11002, 'Bitte geben Sie die folgenden Informationen', 1, 1, current_date, current_date);
INSERT INTO MESSAGERESOURCE(VIEWID, MESSAGEKEY, LOCALE, LOCALEREFERENCEID, MESSAGE, CREATEDBYID, UPDATEDBYID, DATECREATED, DATEUPDATED) VALUES (4, 'servicePledgeAddedSuccessMessage', 'de', 11002, 'A new record has been added.', 1, 1, current_date, current_date);
INSERT INTO MESSAGERESOURCE(VIEWID, MESSAGEKEY, LOCALE, LOCALEREFERENCEID, MESSAGE, CREATEDBYID, UPDATEDBYID, DATECREATED, DATEUPDATED) VALUES (4, 'servicePledgeUpdateSuccessMessage', 'de', 11002, 'The record has been updated.', 1, 1, current_date, current_date);
INSERT INTO MESSAGERESOURCE(VIEWID, MESSAGEKEY, LOCALE, LOCALEREFERENCEID, MESSAGE, CREATEDBYID, UPDATEDBYID, DATECREATED, DATEUPDATED) VALUES (4, 'servicePledgeUpdateIssueMessage', 'de', 11002, 'We could not update this record! We have highlighted the inputs that need your attention.', 1, 1, current_date, current_date);
INSERT INTO MESSAGERESOURCE(VIEWID, MESSAGEKEY, LOCALE, LOCALEREFERENCEID, MESSAGE, CREATEDBYID, UPDATEDBYID, DATECREATED, DATEUPDATED) VALUES (4, 'frmServicePledgePledgeServiceLevelOneLabel', 'en', 11000, 'Your Service', 1, 1, current_date, current_date);
INSERT INTO MESSAGERESOURCE(VIEWID, MESSAGEKEY, LOCALE, LOCALEREFERENCEID, MESSAGE, CREATEDBYID, UPDATEDBYID, DATECREATED, DATEUPDATED) VALUES (4, 'frmServicePledgePledgeServiceLevelOneHelpBlock', 'en', 11000, '', 1, 1, current_date, current_date);
INSERT INTO MESSAGERESOURCE(VIEWID, MESSAGEKEY, LOCALE, LOCALEREFERENCEID, MESSAGE, CREATEDBYID, UPDATEDBYID, DATECREATED, DATEUPDATED) VALUES (4, 'frmServicePledgePledgeServiceLevelOnePlaceHolder', 'en', 11000, '1. Select a Category', 1, 1, current_date, current_date);
INSERT INTO MESSAGERESOURCE(VIEWID, MESSAGEKEY, LOCALE, LOCALEREFERENCEID, MESSAGE, CREATEDBYID, UPDATEDBYID, DATECREATED, DATEUPDATED) VALUES (4, 'frmServicePledgePledgeServiceLevelOneLabel', 'fr', 11001, 'Des Services Category', 1, 1, current_date, current_date);
INSERT INTO MESSAGERESOURCE(VIEWID, MESSAGEKEY, LOCALE, LOCALEREFERENCEID, MESSAGE, CREATEDBYID, UPDATEDBYID, DATECREATED, DATEUPDATED) VALUES (4, 'frmServicePledgePledgeServiceLevelOneHelpBlock', 'fr', 11001, '', 1, 1, current_date, current_date);
INSERT INTO MESSAGERESOURCE(VIEWID, MESSAGEKEY, LOCALE, LOCALEREFERENCEID, MESSAGE, CREATEDBYID, UPDATEDBYID, DATECREATED, DATEUPDATED) VALUES (4, 'frmServicePledgePledgeServiceLevelOnePlaceHolder', 'fr', 11001, 'Veuillez choisir', 1, 1, current_date, current_date);
INSERT INTO MESSAGERESOURCE(VIEWID, MESSAGEKEY, LOCALE, LOCALEREFERENCEID, MESSAGE, CREATEDBYID, UPDATEDBYID, DATECREATED, DATEUPDATED) VALUES (4, 'frmServicePledgePledgeServiceLevelOneLabel', 'de', 11002, 'Dienstleistungen Category', 1, 1, current_date, current_date);
INSERT INTO MESSAGERESOURCE(VIEWID, MESSAGEKEY, LOCALE, LOCALEREFERENCEID, MESSAGE, CREATEDBYID, UPDATEDBYID, DATECREATED, DATEUPDATED) VALUES (4, 'frmServicePledgePledgeServiceLevelOneHelpBlock', 'de', 11002, '', 1, 1, current_date, current_date);
INSERT INTO MESSAGERESOURCE(VIEWID, MESSAGEKEY, LOCALE, LOCALEREFERENCEID, MESSAGE, CREATEDBYID, UPDATEDBYID, DATECREATED, DATEUPDATED) VALUES (4, 'frmServicePledgePledgeServiceLevelOnePlaceHolder', 'de', 11002, 'Bitte auswhlen ', 1, 1, current_date, current_date);
INSERT INTO MESSAGERESOURCE(VIEWID, MESSAGEKEY, LOCALE, LOCALEREFERENCEID, MESSAGE, CREATEDBYID, UPDATEDBYID, DATECREATED, DATEUPDATED) VALUES (4, 'frmServicePledgePledgeServiceLevelTwoLabel', 'en', 11000, '', 1, 1, current_date, current_date);
INSERT INTO MESSAGERESOURCE(VIEWID, MESSAGEKEY, LOCALE, LOCALEREFERENCEID, MESSAGE, CREATEDBYID, UPDATEDBYID, DATECREATED, DATEUPDATED) VALUES (4, 'frmServicePledgePledgeServiceLevelTwoHelpBlock', 'en', 11000, '', 1, 1, current_date, current_date);
INSERT INTO MESSAGERESOURCE(VIEWID, MESSAGEKEY, LOCALE, LOCALEREFERENCEID, MESSAGE, CREATEDBYID, UPDATEDBYID, DATECREATED, DATEUPDATED) VALUES (4, 'frmServicePledgePledgeServiceLevelTwoPlaceHolder', 'en', 11000, '2. Now Select a Service', 1, 1, current_date, current_date);
INSERT INTO MESSAGERESOURCE(VIEWID, MESSAGEKEY, LOCALE, LOCALEREFERENCEID, MESSAGE, CREATEDBYID, UPDATEDBYID, DATECREATED, DATEUPDATED) VALUES (4, 'frmServicePledgePledgeServiceLevelTwoLabel', 'fr', 11001, 'Des Services', 1, 1, current_date, current_date);
INSERT INTO MESSAGERESOURCE(VIEWID, MESSAGEKEY, LOCALE, LOCALEREFERENCEID, MESSAGE, CREATEDBYID, UPDATEDBYID, DATECREATED, DATEUPDATED) VALUES (4, 'frmServicePledgePledgeServiceLevelTwoHelpBlock', 'fr', 11001, '', 1, 1, current_date, current_date);
INSERT INTO MESSAGERESOURCE(VIEWID, MESSAGEKEY, LOCALE, LOCALEREFERENCEID, MESSAGE, CREATEDBYID, UPDATEDBYID, DATECREATED, DATEUPDATED) VALUES (4, 'frmServicePledgePledgeServiceLevelTwoPlaceHolder', 'fr', 11001, 'Veuillez choisir', 1, 1, current_date, current_date);
INSERT INTO MESSAGERESOURCE(VIEWID, MESSAGEKEY, LOCALE, LOCALEREFERENCEID, MESSAGE, CREATEDBYID, UPDATEDBYID, DATECREATED, DATEUPDATED) VALUES (4, 'frmServicePledgePledgeServiceLevelTwoLabel', 'de', 11002, 'Dienstleistungen', 1, 1, current_date, current_date);
INSERT INTO MESSAGERESOURCE(VIEWID, MESSAGEKEY, LOCALE, LOCALEREFERENCEID, MESSAGE, CREATEDBYID, UPDATEDBYID, DATECREATED, DATEUPDATED) VALUES (4, 'frmServicePledgePledgeServiceLevelTwoHelpBlock', 'de', 11002, '', 1, 1, current_date, current_date);
INSERT INTO MESSAGERESOURCE(VIEWID, MESSAGEKEY, LOCALE, LOCALEREFERENCEID, MESSAGE, CREATEDBYID, UPDATEDBYID, DATECREATED, DATEUPDATED) VALUES (4, 'frmServicePledgePledgeServiceLevelTwoPlaceHolder', 'de', 11002, 'Bitte auswhlen ', 1, 1, current_date, current_date);
INSERT INTO MESSAGERESOURCE(VIEWID, MESSAGEKEY, LOCALE, LOCALEREFERENCEID, MESSAGE, CREATEDBYID, UPDATEDBYID, DATECREATED, DATEUPDATED) VALUES (4, 'frmServicePledgePledgeServiceLevelThreeLabel', 'en', 11000, '', 1, 1, current_date, current_date);
INSERT INTO MESSAGERESOURCE(VIEWID, MESSAGEKEY, LOCALE, LOCALEREFERENCEID, MESSAGE, CREATEDBYID, UPDATEDBYID, DATECREATED, DATEUPDATED) VALUES (4, 'frmServicePledgePledgeServiceLevelThreeHelpBlock', 'en', 11000, '', 1, 1, current_date, current_date);
INSERT INTO MESSAGERESOURCE(VIEWID, MESSAGEKEY, LOCALE, LOCALEREFERENCEID, MESSAGE, CREATEDBYID, UPDATEDBYID, DATECREATED, DATEUPDATED) VALUES (4, 'frmServicePledgePledgeServiceLevelThreePlaceHolder', 'en', 11000, '3. Now Select a Service', 1, 1, current_date, current_date);
INSERT INTO MESSAGERESOURCE(VIEWID, MESSAGEKEY, LOCALE, LOCALEREFERENCEID, MESSAGE, CREATEDBYID, UPDATEDBYID, DATECREATED, DATEUPDATED) VALUES (4, 'frmServicePledgePledgeServiceLevelThreeLabel', 'fr', 11001, 'Des Services', 1, 1, current_date, current_date);
INSERT INTO MESSAGERESOURCE(VIEWID, MESSAGEKEY, LOCALE, LOCALEREFERENCEID, MESSAGE, CREATEDBYID, UPDATEDBYID, DATECREATED, DATEUPDATED) VALUES (4, 'frmServicePledgePledgeServiceLevelThreeHelpBlock', 'fr', 11001, '', 1, 1, current_date, current_date);
INSERT INTO MESSAGERESOURCE(VIEWID, MESSAGEKEY, LOCALE, LOCALEREFERENCEID, MESSAGE, CREATEDBYID, UPDATEDBYID, DATECREATED, DATEUPDATED) VALUES (4, 'frmServicePledgePledgeServiceLevelThreePlaceHolder', 'fr', 11001, 'Veuillez choisir', 1, 1, current_date, current_date);
INSERT INTO MESSAGERESOURCE(VIEWID, MESSAGEKEY, LOCALE, LOCALEREFERENCEID, MESSAGE, CREATEDBYID, UPDATEDBYID, DATECREATED, DATEUPDATED) VALUES (4, 'frmServicePledgePledgeServiceLevelThreeLabel', 'de', 11002, 'Dienstleistungen', 1, 1, current_date, current_date);
INSERT INTO MESSAGERESOURCE(VIEWID, MESSAGEKEY, LOCALE, LOCALEREFERENCEID, MESSAGE, CREATEDBYID, UPDATEDBYID, DATECREATED, DATEUPDATED) VALUES (4, 'frmServicePledgePledgeServiceLevelThreeHelpBlock', 'de', 11002, '', 1, 1, current_date, current_date);
INSERT INTO MESSAGERESOURCE(VIEWID, MESSAGEKEY, LOCALE, LOCALEREFERENCEID, MESSAGE, CREATEDBYID, UPDATEDBYID, DATECREATED, DATEUPDATED) VALUES (4, 'frmServicePledgePledgeServiceLevelThreePlaceHolder', 'de', 11002, 'Bitte auswhlen ', 1, 1, current_date, current_date);
INSERT INTO MESSAGERESOURCE(VIEWID, MESSAGEKEY, LOCALE, LOCALEREFERENCEID, MESSAGE, CREATEDBYID, UPDATEDBYID, DATECREATED, DATEUPDATED) VALUES (4, 'frmServicePledgeAdditionalInformationLabel', 'en', 11000, 'Additional Information', 1, 1, current_date, current_date);
INSERT INTO MESSAGERESOURCE(VIEWID, MESSAGEKEY, LOCALE, LOCALEREFERENCEID, MESSAGE, CREATEDBYID, UPDATEDBYID, DATECREATED, DATEUPDATED) VALUES (4, 'frmServicePledgeAdditionalInformationHelpBlock', 'en', 11000, '', 1, 1, current_date, current_date);
INSERT INTO MESSAGERESOURCE(VIEWID, MESSAGEKEY, LOCALE, LOCALEREFERENCEID, MESSAGE, CREATEDBYID, UPDATEDBYID, DATECREATED, DATEUPDATED) VALUES (4, 'frmServicePledgeAdditionalInformationPlaceHolder', 'en', 11000, '', 1, 1, current_date, current_date);
INSERT INTO MESSAGERESOURCE(VIEWID, MESSAGEKEY, LOCALE, LOCALEREFERENCEID, MESSAGE, CREATEDBYID, UPDATEDBYID, DATECREATED, DATEUPDATED) VALUES (4, 'frmServicePledgeAdditionalInformationLabel', 'fr', 11001, 'Information Supplmentaire', 1, 1, current_date, current_date);
INSERT INTO MESSAGERESOURCE(VIEWID, MESSAGEKEY, LOCALE, LOCALEREFERENCEID, MESSAGE, CREATEDBYID, UPDATEDBYID, DATECREATED, DATEUPDATED) VALUES (4, 'frmServicePledgeAdditionalInformationHelpBlock', 'fr', 11001, '', 1, 1, current_date, current_date);
INSERT INTO MESSAGERESOURCE(VIEWID, MESSAGEKEY, LOCALE, LOCALEREFERENCEID, MESSAGE, CREATEDBYID, UPDATEDBYID, DATECREATED, DATEUPDATED) VALUES (4, 'frmServicePledgeAdditionalInformationPlaceHolder', 'fr', 11001, '', 1, 1, current_date, current_date);
INSERT INTO MESSAGERESOURCE(VIEWID, MESSAGEKEY, LOCALE, LOCALEREFERENCEID, MESSAGE, CREATEDBYID, UPDATEDBYID, DATECREATED, DATEUPDATED) VALUES (4, 'frmServicePledgeAdditionalInformationLabel', 'de', 11002, 'Zustzliche Information', 1, 1, current_date, current_date);
INSERT INTO MESSAGERESOURCE(VIEWID, MESSAGEKEY, LOCALE, LOCALEREFERENCEID, MESSAGE, CREATEDBYID, UPDATEDBYID, DATECREATED, DATEUPDATED) VALUES (4, 'frmServicePledgeAdditionalInformationHelpBlock', 'de', 11002, '', 1, 1, current_date, current_date);
INSERT INTO MESSAGERESOURCE(VIEWID, MESSAGEKEY, LOCALE, LOCALEREFERENCEID, MESSAGE, CREATEDBYID, UPDATEDBYID, DATECREATED, DATEUPDATED) VALUES (4, 'frmServicePledgeAdditionalInformationPlaceHolder', 'de', 11002, '', 1, 1, current_date, current_date);
INSERT INTO MESSAGERESOURCE(VIEWID, MESSAGEKEY, LOCALE, LOCALEREFERENCEID, MESSAGE, CREATEDBYID, UPDATEDBYID, DATECREATED, DATEUPDATED) VALUES (4, 'frmServicePledgePledgeServiceQualificationLabel', 'en', 11000, 'Qualification to provide Service', 1, 1, current_date, current_date);
INSERT INTO MESSAGERESOURCE(VIEWID, MESSAGEKEY, LOCALE, LOCALEREFERENCEID, MESSAGE, CREATEDBYID, UPDATEDBYID, DATECREATED, DATEUPDATED) VALUES (4, 'frmServicePledgePledgeServiceQualificationHelpBlock', 'en', 11000, '', 1, 1, current_date, current_date);
INSERT INTO MESSAGERESOURCE(VIEWID, MESSAGEKEY, LOCALE, LOCALEREFERENCEID, MESSAGE, CREATEDBYID, UPDATEDBYID, DATECREATED, DATEUPDATED) VALUES (4, 'frmServicePledgePledgeServiceQualificationPlaceHolder', 'en', 11000, '', 1, 1, current_date, current_date);
INSERT INTO MESSAGERESOURCE(VIEWID, MESSAGEKEY, LOCALE, LOCALEREFERENCEID, MESSAGE, CREATEDBYID, UPDATEDBYID, DATECREATED, DATEUPDATED) VALUES (4, 'frmServicePledgePledgeServiceDateAvailableLabel', 'en', 11000, 'Date Available for Use', 1, 1, current_date, current_date);
INSERT INTO MESSAGERESOURCE(VIEWID, MESSAGEKEY, LOCALE, LOCALEREFERENCEID, MESSAGE, CREATEDBYID, UPDATEDBYID, DATECREATED, DATEUPDATED) VALUES (4, 'frmServicePledgePledgeServiceDateAvailableHelpBlock', 'en', 11000, '', 1, 1, current_date, current_date);
INSERT INTO MESSAGERESOURCE(VIEWID, MESSAGEKEY, LOCALE, LOCALEREFERENCEID, MESSAGE, CREATEDBYID, UPDATEDBYID, DATECREATED, DATEUPDATED) VALUES (4, 'frmServicePledgePledgeServiceDateAvailablePlaceHolder', 'en', 11000, '', 1, 1, current_date, current_date);
INSERT INTO MESSAGERESOURCE(VIEWID, MESSAGEKEY, LOCALE, LOCALEREFERENCEID, MESSAGE, CREATEDBYID, UPDATEDBYID, DATECREATED, DATEUPDATED) VALUES (4, 'frmServicePledgePledgeServiceHoursPerWeekLabel', 'en', 11000, 'Hours per week', 1, 1, current_date, current_date);
INSERT INTO MESSAGERESOURCE(VIEWID, MESSAGEKEY, LOCALE, LOCALEREFERENCEID, MESSAGE, CREATEDBYID, UPDATEDBYID, DATECREATED, DATEUPDATED) VALUES (4, 'frmServicePledgePledgeServiceHoursPerWeekHelpBlock', 'en', 11000, '', 1, 1, current_date, current_date);
INSERT INTO MESSAGERESOURCE(VIEWID, MESSAGEKEY, LOCALE, LOCALEREFERENCEID, MESSAGE, CREATEDBYID, UPDATEDBYID, DATECREATED, DATEUPDATED) VALUES (4, 'frmServicePledgePledgeServiceHoursPerWeekPlaceHolder', 'en', 11000, 'Please select', 1, 1, current_date, current_date);
INSERT INTO MESSAGERESOURCE(VIEWID, MESSAGEKEY, LOCALE, LOCALEREFERENCEID, MESSAGE, CREATEDBYID, UPDATEDBYID, DATECREATED, DATEUPDATED) VALUES (4, 'frmServicePledgeSaveButtonLabel', 'en', 11000, 'Save', 1, 1, current_date, current_date);
INSERT INTO MESSAGERESOURCE(VIEWID, MESSAGEKEY, LOCALE, LOCALEREFERENCEID, MESSAGE, CREATEDBYID, UPDATEDBYID, DATECREATED, DATEUPDATED) VALUES (4, 'frmServicePledgeSaveButtonHelpBlock', 'en', 11000, '', 1, 1, current_date, current_date);
INSERT INTO MESSAGERESOURCE(VIEWID, MESSAGEKEY, LOCALE, LOCALEREFERENCEID, MESSAGE, CREATEDBYID, UPDATEDBYID, DATECREATED, DATEUPDATED) VALUES (4, 'frmServicePledgeSaveButtonPlaceHolder', 'en', 11000, '', 1, 1, current_date, current_date);
INSERT INTO MESSAGERESOURCE(VIEWID, MESSAGEKEY, LOCALE, LOCALEREFERENCEID, MESSAGE, CREATEDBYID, UPDATEDBYID, DATECREATED, DATEUPDATED) VALUES (4, 'frmServicePledgeSaveButtonLabel', 'fr', 11001, 'Enregistrer', 1, 1, current_date, current_date);
INSERT INTO MESSAGERESOURCE(VIEWID, MESSAGEKEY, LOCALE, LOCALEREFERENCEID, MESSAGE, CREATEDBYID, UPDATEDBYID, DATECREATED, DATEUPDATED) VALUES (4, 'frmServicePledgeSaveButtonHelpBlock', 'fr', 11001, '', 1, 1, current_date, current_date);
INSERT INTO MESSAGERESOURCE(VIEWID, MESSAGEKEY, LOCALE, LOCALEREFERENCEID, MESSAGE, CREATEDBYID, UPDATEDBYID, DATECREATED, DATEUPDATED) VALUES (4, 'frmServicePledgeSaveButtonPlaceHolder', 'fr', 11001, '', 1, 1, current_date, current_date);
INSERT INTO MESSAGERESOURCE(VIEWID, MESSAGEKEY, LOCALE, LOCALEREFERENCEID, MESSAGE, CREATEDBYID, UPDATEDBYID, DATECREATED, DATEUPDATED) VALUES (4, 'frmServicePledgeSaveButtonLabel', 'de', 11002, 'Rekord', 1, 1, current_date, current_date);
INSERT INTO MESSAGERESOURCE(VIEWID, MESSAGEKEY, LOCALE, LOCALEREFERENCEID, MESSAGE, CREATEDBYID, UPDATEDBYID, DATECREATED, DATEUPDATED) VALUES (4, 'frmServicePledgeSaveButtonHelpBlock', 'de', 11002, '', 1, 1, current_date, current_date);
INSERT INTO MESSAGERESOURCE(VIEWID, MESSAGEKEY, LOCALE, LOCALEREFERENCEID, MESSAGE, CREATEDBYID, UPDATEDBYID, DATECREATED, DATEUPDATED) VALUES (4, 'frmServicePledgeSaveButtonPlaceHolder', 'de', 11002, '', 1, 1, current_date, current_date);
INSERT INTO VIEW(VIEWID, VIEWNAME, CREATEDBYID, UPDATEDBYID, DATECREATED, DATEUPDATED) VALUES (5, 'Goods Pledge', 1, 1, current_date, current_date);
INSERT INTO MESSAGERESOURCE(VIEWID, MESSAGEKEY, LOCALE, LOCALEREFERENCEID, MESSAGE, CREATEDBYID, UPDATEDBYID, DATECREATED, DATEUPDATED) VALUES (5, 'goodspledge.form.title', 'en', 11000, 'Goods Pledge', 1, 1, current_date, current_date);
INSERT INTO MESSAGERESOURCE(VIEWID, MESSAGEKEY, LOCALE, LOCALEREFERENCEID, MESSAGE, CREATEDBYID, UPDATEDBYID, DATECREATED, DATEUPDATED) VALUES (5, 'goodsPledgeAddedSuccessMessage', 'en', 11000, 'A new record has been added.', 1, 1, current_date, current_date);
INSERT INTO MESSAGERESOURCE(VIEWID, MESSAGEKEY, LOCALE, LOCALEREFERENCEID, MESSAGE, CREATEDBYID, UPDATEDBYID, DATECREATED, DATEUPDATED) VALUES (5, 'goodsPledgeUpdateSuccessMessage', 'en', 11000, 'The record has been updated.', 1, 1, current_date, current_date);
INSERT INTO MESSAGERESOURCE(VIEWID, MESSAGEKEY, LOCALE, LOCALEREFERENCEID, MESSAGE, CREATEDBYID, UPDATEDBYID, DATECREATED, DATEUPDATED) VALUES (5, 'goodsPledgeUpdateIssueMessage', 'en', 11000, 'We could not update this record! We have highlighted the inputs that need your attention.', 1, 1, current_date, current_date);
INSERT INTO MESSAGERESOURCE(VIEWID, MESSAGEKEY, LOCALE, LOCALEREFERENCEID, MESSAGE, CREATEDBYID, UPDATEDBYID, DATECREATED, DATEUPDATED) VALUES (5, 'goodspledge.form.title', 'fr', 11001, 'Nantissement de marchandises', 1, 1, current_date, current_date);
INSERT INTO MESSAGERESOURCE(VIEWID, MESSAGEKEY, LOCALE, LOCALEREFERENCEID, MESSAGE, CREATEDBYID, UPDATEDBYID, DATECREATED, DATEUPDATED) VALUES (5, 'goodsPledgeAddedSuccessMessage', 'fr', 11001, 'A new record has been added.', 1, 1, current_date, current_date);
INSERT INTO MESSAGERESOURCE(VIEWID, MESSAGEKEY, LOCALE, LOCALEREFERENCEID, MESSAGE, CREATEDBYID, UPDATEDBYID, DATECREATED, DATEUPDATED) VALUES (5, 'goodsPledgeUpdateSuccessMessage', 'fr', 11001, 'The record has been updated.', 1, 1, current_date, current_date);
INSERT INTO MESSAGERESOURCE(VIEWID, MESSAGEKEY, LOCALE, LOCALEREFERENCEID, MESSAGE, CREATEDBYID, UPDATEDBYID, DATECREATED, DATEUPDATED) VALUES (5, 'goodsPledgeUpdateIssueMessage', 'fr', 11001, 'We could not update this record! We have highlighted the inputs that need your attention.', 1, 1, current_date, current_date);
INSERT INTO MESSAGERESOURCE(VIEWID, MESSAGEKEY, LOCALE, LOCALEREFERENCEID, MESSAGE, CREATEDBYID, UPDATEDBYID, DATECREATED, DATEUPDATED) VALUES (5, 'goodspledge.form.title', 'de', 11002, 'Verpfndung von Waren', 1, 1, current_date, current_date);
INSERT INTO MESSAGERESOURCE(VIEWID, MESSAGEKEY, LOCALE, LOCALEREFERENCEID, MESSAGE, CREATEDBYID, UPDATEDBYID, DATECREATED, DATEUPDATED) VALUES (5, 'goodsPledgeAddedSuccessMessage', 'de', 11002, 'A new record has been added.', 1, 1, current_date, current_date);
INSERT INTO MESSAGERESOURCE(VIEWID, MESSAGEKEY, LOCALE, LOCALEREFERENCEID, MESSAGE, CREATEDBYID, UPDATEDBYID, DATECREATED, DATEUPDATED) VALUES (5, 'goodsPledgeUpdateSuccessMessage', 'de', 11002, 'The record has been updated.', 1, 1, current_date, current_date);
INSERT INTO MESSAGERESOURCE(VIEWID, MESSAGEKEY, LOCALE, LOCALEREFERENCEID, MESSAGE, CREATEDBYID, UPDATEDBYID, DATECREATED, DATEUPDATED) VALUES (5, 'goodsPledgeUpdateIssueMessage', 'de', 11002, 'We could not update this record! We have highlighted the inputs that need your attention.', 1, 1, current_date, current_date);
INSERT INTO MESSAGERESOURCE(VIEWID, MESSAGEKEY, LOCALE, LOCALEREFERENCEID, MESSAGE, CREATEDBYID, UPDATEDBYID, DATECREATED, DATEUPDATED) VALUES (5, 'goodspledge.form.header', 'en', 11000, 'Goods Pledge', 1, 1, current_date, current_date);
INSERT INTO MESSAGERESOURCE(VIEWID, MESSAGEKEY, LOCALE, LOCALEREFERENCEID, MESSAGE, CREATEDBYID, UPDATEDBYID, DATECREATED, DATEUPDATED) VALUES (5, 'goodsPledgeAddedSuccessMessage', 'en', 11000, 'A new record has been added.', 1, 1, current_date, current_date);
INSERT INTO MESSAGERESOURCE(VIEWID, MESSAGEKEY, LOCALE, LOCALEREFERENCEID, MESSAGE, CREATEDBYID, UPDATEDBYID, DATECREATED, DATEUPDATED) VALUES (5, 'goodsPledgeUpdateSuccessMessage', 'en', 11000, 'The record has been updated.', 1, 1, current_date, current_date);
INSERT INTO MESSAGERESOURCE(VIEWID, MESSAGEKEY, LOCALE, LOCALEREFERENCEID, MESSAGE, CREATEDBYID, UPDATEDBYID, DATECREATED, DATEUPDATED) VALUES (5, 'goodsPledgeUpdateIssueMessage', 'en', 11000, 'We could not update this record! We have highlighted the inputs that need your attention.', 1, 1, current_date, current_date);
INSERT INTO MESSAGERESOURCE(VIEWID, MESSAGEKEY, LOCALE, LOCALEREFERENCEID, MESSAGE, CREATEDBYID, UPDATEDBYID, DATECREATED, DATEUPDATED) VALUES (5, 'goodspledge.form.header', 'fr', 11001, 'Nantissement de marchandises', 1, 1, current_date, current_date);
INSERT INTO MESSAGERESOURCE(VIEWID, MESSAGEKEY, LOCALE, LOCALEREFERENCEID, MESSAGE, CREATEDBYID, UPDATEDBYID, DATECREATED, DATEUPDATED) VALUES (5, 'goodsPledgeAddedSuccessMessage', 'fr', 11001, 'A new record has been added.', 1, 1, current_date, current_date);
INSERT INTO MESSAGERESOURCE(VIEWID, MESSAGEKEY, LOCALE, LOCALEREFERENCEID, MESSAGE, CREATEDBYID, UPDATEDBYID, DATECREATED, DATEUPDATED) VALUES (5, 'goodsPledgeUpdateSuccessMessage', 'fr', 11001, 'The record has been updated.', 1, 1, current_date, current_date);
INSERT INTO MESSAGERESOURCE(VIEWID, MESSAGEKEY, LOCALE, LOCALEREFERENCEID, MESSAGE, CREATEDBYID, UPDATEDBYID, DATECREATED, DATEUPDATED) VALUES (5, 'goodsPledgeUpdateIssueMessage', 'fr', 11001, 'We could not update this record! We have highlighted the inputs that need your attention.', 1, 1, current_date, current_date);
INSERT INTO MESSAGERESOURCE(VIEWID, MESSAGEKEY, LOCALE, LOCALEREFERENCEID, MESSAGE, CREATEDBYID, UPDATEDBYID, DATECREATED, DATEUPDATED) VALUES (5, 'goodspledge.form.header', 'de', 11002, 'Verpfndung von Waren', 1, 1, current_date, current_date);
INSERT INTO MESSAGERESOURCE(VIEWID, MESSAGEKEY, LOCALE, LOCALEREFERENCEID, MESSAGE, CREATEDBYID, UPDATEDBYID, DATECREATED, DATEUPDATED) VALUES (5, 'goodsPledgeAddedSuccessMessage', 'de', 11002, 'A new record has been added.', 1, 1, current_date, current_date);
INSERT INTO MESSAGERESOURCE(VIEWID, MESSAGEKEY, LOCALE, LOCALEREFERENCEID, MESSAGE, CREATEDBYID, UPDATEDBYID, DATECREATED, DATEUPDATED) VALUES (5, 'goodsPledgeUpdateSuccessMessage', 'de', 11002, 'The record has been updated.', 1, 1, current_date, current_date);
INSERT INTO MESSAGERESOURCE(VIEWID, MESSAGEKEY, LOCALE, LOCALEREFERENCEID, MESSAGE, CREATEDBYID, UPDATEDBYID, DATECREATED, DATEUPDATED) VALUES (5, 'goodsPledgeUpdateIssueMessage', 'de', 11002, 'We could not update this record! We have highlighted the inputs that need your attention.', 1, 1, current_date, current_date);
INSERT INTO MESSAGERESOURCE(VIEWID, MESSAGEKEY, LOCALE, LOCALEREFERENCEID, MESSAGE, CREATEDBYID, UPDATEDBYID, DATECREATED, DATEUPDATED) VALUES (5, 'goodspledge.form.subheader', 'en', 11000, 'Please provide us with the following information', 1, 1, current_date, current_date);
INSERT INTO MESSAGERESOURCE(VIEWID, MESSAGEKEY, LOCALE, LOCALEREFERENCEID, MESSAGE, CREATEDBYID, UPDATEDBYID, DATECREATED, DATEUPDATED) VALUES (5, 'goodsPledgeAddedSuccessMessage', 'en', 11000, 'A new record has been added.', 1, 1, current_date, current_date);
INSERT INTO MESSAGERESOURCE(VIEWID, MESSAGEKEY, LOCALE, LOCALEREFERENCEID, MESSAGE, CREATEDBYID, UPDATEDBYID, DATECREATED, DATEUPDATED) VALUES (5, 'goodsPledgeUpdateSuccessMessage', 'en', 11000, 'The record has been updated.', 1, 1, current_date, current_date);
INSERT INTO MESSAGERESOURCE(VIEWID, MESSAGEKEY, LOCALE, LOCALEREFERENCEID, MESSAGE, CREATEDBYID, UPDATEDBYID, DATECREATED, DATEUPDATED) VALUES (5, 'goodsPledgeUpdateIssueMessage', 'en', 11000, 'We could not update this record! We have highlighted the inputs that need your attention.', 1, 1, current_date, current_date);
INSERT INTO MESSAGERESOURCE(VIEWID, MESSAGEKEY, LOCALE, LOCALEREFERENCEID, MESSAGE, CREATEDBYID, UPDATEDBYID, DATECREATED, DATEUPDATED) VALUES (5, 'goodspledge.form.subheader', 'fr', 11001, 'S''il vous plat nous fournir les informations suivantes', 1, 1, current_date, current_date);
INSERT INTO MESSAGERESOURCE(VIEWID, MESSAGEKEY, LOCALE, LOCALEREFERENCEID, MESSAGE, CREATEDBYID, UPDATEDBYID, DATECREATED, DATEUPDATED) VALUES (5, 'goodsPledgeAddedSuccessMessage', 'fr', 11001, 'A new record has been added.', 1, 1, current_date, current_date);
INSERT INTO MESSAGERESOURCE(VIEWID, MESSAGEKEY, LOCALE, LOCALEREFERENCEID, MESSAGE, CREATEDBYID, UPDATEDBYID, DATECREATED, DATEUPDATED) VALUES (5, 'goodsPledgeUpdateSuccessMessage', 'fr', 11001, 'The record has been updated.', 1, 1, current_date, current_date);
INSERT INTO MESSAGERESOURCE(VIEWID, MESSAGEKEY, LOCALE, LOCALEREFERENCEID, MESSAGE, CREATEDBYID, UPDATEDBYID, DATECREATED, DATEUPDATED) VALUES (5, 'goodsPledgeUpdateIssueMessage', 'fr', 11001, 'We could not update this record! We have highlighted the inputs that need your attention.', 1, 1, current_date, current_date);
INSERT INTO MESSAGERESOURCE(VIEWID, MESSAGEKEY, LOCALE, LOCALEREFERENCEID, MESSAGE, CREATEDBYID, UPDATEDBYID, DATECREATED, DATEUPDATED) VALUES (5, 'goodspledge.form.subheader', 'de', 11002, 'Bitte geben Sie die folgenden Informationen', 1, 1, current_date, current_date);
INSERT INTO MESSAGERESOURCE(VIEWID, MESSAGEKEY, LOCALE, LOCALEREFERENCEID, MESSAGE, CREATEDBYID, UPDATEDBYID, DATECREATED, DATEUPDATED) VALUES (5, 'goodsPledgeAddedSuccessMessage', 'de', 11002, 'A new record has been added.', 1, 1, current_date, current_date);
INSERT INTO MESSAGERESOURCE(VIEWID, MESSAGEKEY, LOCALE, LOCALEREFERENCEID, MESSAGE, CREATEDBYID, UPDATEDBYID, DATECREATED, DATEUPDATED) VALUES (5, 'goodsPledgeUpdateSuccessMessage', 'de', 11002, 'The record has been updated.', 1, 1, current_date, current_date);
INSERT INTO MESSAGERESOURCE(VIEWID, MESSAGEKEY, LOCALE, LOCALEREFERENCEID, MESSAGE, CREATEDBYID, UPDATEDBYID, DATECREATED, DATEUPDATED) VALUES (5, 'goodsPledgeUpdateIssueMessage', 'de', 11002, 'We could not update this record! We have highlighted the inputs that need your attention.', 1, 1, current_date, current_date);
INSERT INTO MESSAGERESOURCE(VIEWID, MESSAGEKEY, LOCALE, LOCALEREFERENCEID, MESSAGE, CREATEDBYID, UPDATEDBYID, DATECREATED, DATEUPDATED) VALUES (5, 'frmGoodsPledgeGoodsCategoryOneLabel', 'en', 11000, 'Goods Category One', 1, 1, current_date, current_date);
INSERT INTO MESSAGERESOURCE(VIEWID, MESSAGEKEY, LOCALE, LOCALEREFERENCEID, MESSAGE, CREATEDBYID, UPDATEDBYID, DATECREATED, DATEUPDATED) VALUES (5, 'frmGoodsPledgeGoodsCategoryOneHelpBlock', 'en', 11000, '', 1, 1, current_date, current_date);
INSERT INTO MESSAGERESOURCE(VIEWID, MESSAGEKEY, LOCALE, LOCALEREFERENCEID, MESSAGE, CREATEDBYID, UPDATEDBYID, DATECREATED, DATEUPDATED) VALUES (5, 'frmGoodsPledgeGoodsCategoryOnePlaceHolder', 'en', 11000, 'Please select', 1, 1, current_date, current_date);
INSERT INTO MESSAGERESOURCE(VIEWID, MESSAGEKEY, LOCALE, LOCALEREFERENCEID, MESSAGE, CREATEDBYID, UPDATEDBYID, DATECREATED, DATEUPDATED) VALUES (5, 'frmGoodsPledgeGoodsCategoryTwoLabel', 'en', 11000, 'Goods Category Two', 1, 1, current_date, current_date);
INSERT INTO MESSAGERESOURCE(VIEWID, MESSAGEKEY, LOCALE, LOCALEREFERENCEID, MESSAGE, CREATEDBYID, UPDATEDBYID, DATECREATED, DATEUPDATED) VALUES (5, 'frmGoodsPledgeGoodsCategoryTwoHelpBlock', 'en', 11000, '', 1, 1, current_date, current_date);
INSERT INTO MESSAGERESOURCE(VIEWID, MESSAGEKEY, LOCALE, LOCALEREFERENCEID, MESSAGE, CREATEDBYID, UPDATEDBYID, DATECREATED, DATEUPDATED) VALUES (5, 'frmGoodsPledgeGoodsCategoryTwoPlaceHolder', 'en', 11000, 'Please select', 1, 1, current_date, current_date);
INSERT INTO MESSAGERESOURCE(VIEWID, MESSAGEKEY, LOCALE, LOCALEREFERENCEID, MESSAGE, CREATEDBYID, UPDATEDBYID, DATECREATED, DATEUPDATED) VALUES (5, 'frmGoodsPledgeGoodsCategoryThreeLabel', 'en', 11000, 'Goods Category Three', 1, 1, current_date, current_date);
INSERT INTO MESSAGERESOURCE(VIEWID, MESSAGEKEY, LOCALE, LOCALEREFERENCEID, MESSAGE, CREATEDBYID, UPDATEDBYID, DATECREATED, DATEUPDATED) VALUES (5, 'frmGoodsPledgeGoodsCategoryThreeHelpBlock', 'en', 11000, '', 1, 1, current_date, current_date);
INSERT INTO MESSAGERESOURCE(VIEWID, MESSAGEKEY, LOCALE, LOCALEREFERENCEID, MESSAGE, CREATEDBYID, UPDATEDBYID, DATECREATED, DATEUPDATED) VALUES (5, 'frmGoodsPledgeGoodsCategoryThreePlaceHolder', 'en', 11000, 'Please select', 1, 1, current_date, current_date);
INSERT INTO MESSAGERESOURCE(VIEWID, MESSAGEKEY, LOCALE, LOCALEREFERENCEID, MESSAGE, CREATEDBYID, UPDATEDBYID, DATECREATED, DATEUPDATED) VALUES (5, 'frmGoodsPledgeGoodsSizeLabel', 'en', 11000, 'Size', 1, 1, current_date, current_date);
INSERT INTO MESSAGERESOURCE(VIEWID, MESSAGEKEY, LOCALE, LOCALEREFERENCEID, MESSAGE, CREATEDBYID, UPDATEDBYID, DATECREATED, DATEUPDATED) VALUES (5, 'frmGoodsPledgeGoodsSizeHelpBlock', 'en', 11000, '', 1, 1, current_date, current_date);
INSERT INTO MESSAGERESOURCE(VIEWID, MESSAGEKEY, LOCALE, LOCALEREFERENCEID, MESSAGE, CREATEDBYID, UPDATEDBYID, DATECREATED, DATEUPDATED) VALUES (5, 'frmGoodsPledgeGoodsSizePlaceHolder', 'en', 11000, 'Please select', 1, 1, current_date, current_date);
INSERT INTO MESSAGERESOURCE(VIEWID, MESSAGEKEY, LOCALE, LOCALEREFERENCEID, MESSAGE, CREATEDBYID, UPDATEDBYID, DATECREATED, DATEUPDATED) VALUES (5, 'frmGoodsPledgeGoodsNewOrUsedLabel', 'en', 11000, 'New/Used', 1, 1, current_date, current_date);
INSERT INTO MESSAGERESOURCE(VIEWID, MESSAGEKEY, LOCALE, LOCALEREFERENCEID, MESSAGE, CREATEDBYID, UPDATEDBYID, DATECREATED, DATEUPDATED) VALUES (5, 'frmGoodsPledgeGoodsNewOrUsedHelpBlock', 'en', 11000, '', 1, 1, current_date, current_date);
INSERT INTO MESSAGERESOURCE(VIEWID, MESSAGEKEY, LOCALE, LOCALEREFERENCEID, MESSAGE, CREATEDBYID, UPDATEDBYID, DATECREATED, DATEUPDATED) VALUES (5, 'frmGoodsPledgeGoodsNewOrUsedPlaceHolder', 'en', 11000, 'Please select', 1, 1, current_date, current_date);
INSERT INTO MESSAGERESOURCE(VIEWID, MESSAGEKEY, LOCALE, LOCALEREFERENCEID, MESSAGE, CREATEDBYID, UPDATEDBYID, DATECREATED, DATEUPDATED) VALUES (5, 'frmGoodsPledgeGoodsConditionLabel', 'en', 11000, 'Goods Condition', 1, 1, current_date, current_date);
INSERT INTO MESSAGERESOURCE(VIEWID, MESSAGEKEY, LOCALE, LOCALEREFERENCEID, MESSAGE, CREATEDBYID, UPDATEDBYID, DATECREATED, DATEUPDATED) VALUES (5, 'frmGoodsPledgeGoodsConditionHelpBlock', 'en', 11000, '', 1, 1, current_date, current_date);
INSERT INTO MESSAGERESOURCE(VIEWID, MESSAGEKEY, LOCALE, LOCALEREFERENCEID, MESSAGE, CREATEDBYID, UPDATEDBYID, DATECREATED, DATEUPDATED) VALUES (5, 'frmGoodsPledgeGoodsConditionPlaceHolder', 'en', 11000, 'Please select', 1, 1, current_date, current_date);
INSERT INTO MESSAGERESOURCE(VIEWID, MESSAGEKEY, LOCALE, LOCALEREFERENCEID, MESSAGE, CREATEDBYID, UPDATEDBYID, DATECREATED, DATEUPDATED) VALUES (5, 'frmGoodsPledgeGoodsQuantityLabel', 'en', 11000, 'Quantity', 1, 1, current_date, current_date);
INSERT INTO MESSAGERESOURCE(VIEWID, MESSAGEKEY, LOCALE, LOCALEREFERENCEID, MESSAGE, CREATEDBYID, UPDATEDBYID, DATECREATED, DATEUPDATED) VALUES (5, 'frmGoodsPledgeGoodsQuantityHelpBlock', 'en', 11000, '', 1, 1, current_date, current_date);
INSERT INTO MESSAGERESOURCE(VIEWID, MESSAGEKEY, LOCALE, LOCALEREFERENCEID, MESSAGE, CREATEDBYID, UPDATEDBYID, DATECREATED, DATEUPDATED) VALUES (5, 'frmGoodsPledgeGoodsQuantityPlaceHolder', 'en', 11000, 'Please select', 1, 1, current_date, current_date);
INSERT INTO MESSAGERESOURCE(VIEWID, MESSAGEKEY, LOCALE, LOCALEREFERENCEID, MESSAGE, CREATEDBYID, UPDATEDBYID, DATECREATED, DATEUPDATED) VALUES (5, 'frmGoodsPledgeAdditionalInformationLabel', 'en', 11000, 'Additional Information', 1, 1, current_date, current_date);
INSERT INTO MESSAGERESOURCE(VIEWID, MESSAGEKEY, LOCALE, LOCALEREFERENCEID, MESSAGE, CREATEDBYID, UPDATEDBYID, DATECREATED, DATEUPDATED) VALUES (5, 'frmGoodsPledgeAdditionalInformationHelpBlock', 'en', 11000, '', 1, 1, current_date, current_date);
INSERT INTO MESSAGERESOURCE(VIEWID, MESSAGEKEY, LOCALE, LOCALEREFERENCEID, MESSAGE, CREATEDBYID, UPDATEDBYID, DATECREATED, DATEUPDATED) VALUES (5, 'frmGoodsPledgeAdditionalInformationPlaceHolder', 'en', 11000, '', 1, 1, current_date, current_date);
INSERT INTO MESSAGERESOURCE(VIEWID, MESSAGEKEY, LOCALE, LOCALEREFERENCEID, MESSAGE, CREATEDBYID, UPDATEDBYID, DATECREATED, DATEUPDATED) VALUES (5, 'frmGoodsPledgeItemSizeLabel', 'en', 11000, 'Package Size', 1, 1, current_date, current_date);
INSERT INTO MESSAGERESOURCE(VIEWID, MESSAGEKEY, LOCALE, LOCALEREFERENCEID, MESSAGE, CREATEDBYID, UPDATEDBYID, DATECREATED, DATEUPDATED) VALUES (5, 'frmGoodsPledgeItemSizeHelpBlock', 'en', 11000, '', 1, 1, current_date, current_date);
INSERT INTO MESSAGERESOURCE(VIEWID, MESSAGEKEY, LOCALE, LOCALEREFERENCEID, MESSAGE, CREATEDBYID, UPDATEDBYID, DATECREATED, DATEUPDATED) VALUES (5, 'frmGoodsPledgeItemSizePlaceHolder', 'en', 11000, '', 1, 1, current_date, current_date);
INSERT INTO MESSAGERESOURCE(VIEWID, MESSAGEKEY, LOCALE, LOCALEREFERENCEID, MESSAGE, CREATEDBYID, UPDATEDBYID, DATECREATED, DATEUPDATED) VALUES (5, 'frmGoodsPledgeSaveButtonLabel', 'en', 11000, 'Save', 1, 1, current_date, current_date);
INSERT INTO MESSAGERESOURCE(VIEWID, MESSAGEKEY, LOCALE, LOCALEREFERENCEID, MESSAGE, CREATEDBYID, UPDATEDBYID, DATECREATED, DATEUPDATED) VALUES (5, 'frmGoodsPledgeSaveButtonHelpBlock', 'en', 11000, '', 1, 1, current_date, current_date);
INSERT INTO MESSAGERESOURCE(VIEWID, MESSAGEKEY, LOCALE, LOCALEREFERENCEID, MESSAGE, CREATEDBYID, UPDATEDBYID, DATECREATED, DATEUPDATED) VALUES (5, 'frmGoodsPledgeSaveButtonPlaceHolder', 'en', 11000, '', 1, 1, current_date, current_date);
INSERT INTO MESSAGERESOURCE(VIEWID, MESSAGEKEY, LOCALE, LOCALEREFERENCEID, MESSAGE, CREATEDBYID, UPDATEDBYID, DATECREATED, DATEUPDATED) VALUES (5, 'frmGoodsPledgeSaveButtonLabel', 'fr', 11001, 'Enregistrer', 1, 1, current_date, current_date);
INSERT INTO MESSAGERESOURCE(VIEWID, MESSAGEKEY, LOCALE, LOCALEREFERENCEID, MESSAGE, CREATEDBYID, UPDATEDBYID, DATECREATED, DATEUPDATED) VALUES (5, 'frmGoodsPledgeSaveButtonHelpBlock', 'fr', 11001, '', 1, 1, current_date, current_date);
INSERT INTO MESSAGERESOURCE(VIEWID, MESSAGEKEY, LOCALE, LOCALEREFERENCEID, MESSAGE, CREATEDBYID, UPDATEDBYID, DATECREATED, DATEUPDATED) VALUES (5, 'frmGoodsPledgeSaveButtonPlaceHolder', 'fr', 11001, '', 1, 1, current_date, current_date);
INSERT INTO MESSAGERESOURCE(VIEWID, MESSAGEKEY, LOCALE, LOCALEREFERENCEID, MESSAGE, CREATEDBYID, UPDATEDBYID, DATECREATED, DATEUPDATED) VALUES (5, 'frmGoodsPledgeSaveButtonLabel', 'de', 11002, 'Rekord', 1, 1, current_date, current_date);
INSERT INTO MESSAGERESOURCE(VIEWID, MESSAGEKEY, LOCALE, LOCALEREFERENCEID, MESSAGE, CREATEDBYID, UPDATEDBYID, DATECREATED, DATEUPDATED) VALUES (5, 'frmGoodsPledgeSaveButtonHelpBlock', 'de', 11002, '', 1, 1, current_date, current_date);
INSERT INTO MESSAGERESOURCE(VIEWID, MESSAGEKEY, LOCALE, LOCALEREFERENCEID, MESSAGE, CREATEDBYID, UPDATEDBYID, DATECREATED, DATEUPDATED) VALUES (5, 'frmGoodsPledgeSaveButtonPlaceHolder', 'de', 11002, '', 1, 1, current_date, current_date);
INSERT INTO VIEW(VIEWID, VIEWNAME, CREATEDBYID, UPDATEDBYID, DATECREATED, DATEUPDATED) VALUES (6, 'Reference Categories', 1, 1, current_date, current_date);
INSERT INTO MESSAGERESOURCE(VIEWID, MESSAGEKEY, LOCALE, LOCALEREFERENCEID, MESSAGE, CREATEDBYID, UPDATEDBYID, DATECREATED, DATEUPDATED) VALUES (6, 'referencecategory.form.title', 'en', 11000, 'Reference Categories', 1, 1, current_date, current_date);
INSERT INTO MESSAGERESOURCE(VIEWID, MESSAGEKEY, LOCALE, LOCALEREFERENCEID, MESSAGE, CREATEDBYID, UPDATEDBYID, DATECREATED, DATEUPDATED) VALUES (6, 'referenceCategoryAddedSuccessMessage', 'en', 11000, 'A new record has been added.', 1, 1, current_date, current_date);
INSERT INTO MESSAGERESOURCE(VIEWID, MESSAGEKEY, LOCALE, LOCALEREFERENCEID, MESSAGE, CREATEDBYID, UPDATEDBYID, DATECREATED, DATEUPDATED) VALUES (6, 'referenceCategoryUpdateSuccessMessage', 'en', 11000, 'The record has been updated.', 1, 1, current_date, current_date);
INSERT INTO MESSAGERESOURCE(VIEWID, MESSAGEKEY, LOCALE, LOCALEREFERENCEID, MESSAGE, CREATEDBYID, UPDATEDBYID, DATECREATED, DATEUPDATED) VALUES (6, 'referenceCategoryUpdateIssueMessage', 'en', 11000, 'We could not update this record! We have highlighted the inputs that need your attention.', 1, 1, current_date, current_date);
INSERT INTO MESSAGERESOURCE(VIEWID, MESSAGEKEY, LOCALE, LOCALEREFERENCEID, MESSAGE, CREATEDBYID, UPDATEDBYID, DATECREATED, DATEUPDATED) VALUES (6, 'referencecategory.form.title', 'fr', 11001, 'Les rfrences category', 1, 1, current_date, current_date);
INSERT INTO MESSAGERESOURCE(VIEWID, MESSAGEKEY, LOCALE, LOCALEREFERENCEID, MESSAGE, CREATEDBYID, UPDATEDBYID, DATECREATED, DATEUPDATED) VALUES (6, 'referenceCategoryAddedSuccessMessage', 'fr', 11001, 'A new record has been added.', 1, 1, current_date, current_date);
INSERT INTO MESSAGERESOURCE(VIEWID, MESSAGEKEY, LOCALE, LOCALEREFERENCEID, MESSAGE, CREATEDBYID, UPDATEDBYID, DATECREATED, DATEUPDATED) VALUES (6, 'referenceCategoryUpdateSuccessMessage', 'fr', 11001, 'The record has been updated.', 1, 1, current_date, current_date);
INSERT INTO MESSAGERESOURCE(VIEWID, MESSAGEKEY, LOCALE, LOCALEREFERENCEID, MESSAGE, CREATEDBYID, UPDATEDBYID, DATECREATED, DATEUPDATED) VALUES (6, 'referenceCategoryUpdateIssueMessage', 'fr', 11001, 'We could not update this record! We have highlighted the inputs that need your attention.', 1, 1, current_date, current_date);
INSERT INTO MESSAGERESOURCE(VIEWID, MESSAGEKEY, LOCALE, LOCALEREFERENCEID, MESSAGE, CREATEDBYID, UPDATEDBYID, DATECREATED, DATEUPDATED) VALUES (6, 'referencecategory.form.title', 'de', 11002, 'Referenzen Category', 1, 1, current_date, current_date);
INSERT INTO MESSAGERESOURCE(VIEWID, MESSAGEKEY, LOCALE, LOCALEREFERENCEID, MESSAGE, CREATEDBYID, UPDATEDBYID, DATECREATED, DATEUPDATED) VALUES (6, 'referenceCategoryAddedSuccessMessage', 'de', 11002, 'A new record has been added.', 1, 1, current_date, current_date);
INSERT INTO MESSAGERESOURCE(VIEWID, MESSAGEKEY, LOCALE, LOCALEREFERENCEID, MESSAGE, CREATEDBYID, UPDATEDBYID, DATECREATED, DATEUPDATED) VALUES (6, 'referenceCategoryUpdateSuccessMessage', 'de', 11002, 'The record has been updated.', 1, 1, current_date, current_date);
INSERT INTO MESSAGERESOURCE(VIEWID, MESSAGEKEY, LOCALE, LOCALEREFERENCEID, MESSAGE, CREATEDBYID, UPDATEDBYID, DATECREATED, DATEUPDATED) VALUES (6, 'referenceCategoryUpdateIssueMessage', 'de', 11002, 'We could not update this record! We have highlighted the inputs that need your attention.', 1, 1, current_date, current_date);
INSERT INTO MESSAGERESOURCE(VIEWID, MESSAGEKEY, LOCALE, LOCALEREFERENCEID, MESSAGE, CREATEDBYID, UPDATEDBYID, DATECREATED, DATEUPDATED) VALUES (6, 'referencecategory.form.header', 'en', 11000, 'References', 1, 1, current_date, current_date);
INSERT INTO MESSAGERESOURCE(VIEWID, MESSAGEKEY, LOCALE, LOCALEREFERENCEID, MESSAGE, CREATEDBYID, UPDATEDBYID, DATECREATED, DATEUPDATED) VALUES (6, 'referenceCategoryAddedSuccessMessage', 'en', 11000, 'A new record has been added.', 1, 1, current_date, current_date);
INSERT INTO MESSAGERESOURCE(VIEWID, MESSAGEKEY, LOCALE, LOCALEREFERENCEID, MESSAGE, CREATEDBYID, UPDATEDBYID, DATECREATED, DATEUPDATED) VALUES (6, 'referenceCategoryUpdateSuccessMessage', 'en', 11000, 'The record has been updated.', 1, 1, current_date, current_date);
INSERT INTO MESSAGERESOURCE(VIEWID, MESSAGEKEY, LOCALE, LOCALEREFERENCEID, MESSAGE, CREATEDBYID, UPDATEDBYID, DATECREATED, DATEUPDATED) VALUES (6, 'referenceCategoryUpdateIssueMessage', 'en', 11000, 'We could not update this record! We have highlighted the inputs that need your attention.', 1, 1, current_date, current_date);
INSERT INTO MESSAGERESOURCE(VIEWID, MESSAGEKEY, LOCALE, LOCALEREFERENCEID, MESSAGE, CREATEDBYID, UPDATEDBYID, DATECREATED, DATEUPDATED) VALUES (6, 'referencecategory.form.header', 'fr', 11001, 'Les rfrences', 1, 1, current_date, current_date);
INSERT INTO MESSAGERESOURCE(VIEWID, MESSAGEKEY, LOCALE, LOCALEREFERENCEID, MESSAGE, CREATEDBYID, UPDATEDBYID, DATECREATED, DATEUPDATED) VALUES (6, 'referenceCategoryAddedSuccessMessage', 'fr', 11001, 'A new record has been added.', 1, 1, current_date, current_date);
INSERT INTO MESSAGERESOURCE(VIEWID, MESSAGEKEY, LOCALE, LOCALEREFERENCEID, MESSAGE, CREATEDBYID, UPDATEDBYID, DATECREATED, DATEUPDATED) VALUES (6, 'referenceCategoryUpdateSuccessMessage', 'fr', 11001, 'The record has been updated.', 1, 1, current_date, current_date);
INSERT INTO MESSAGERESOURCE(VIEWID, MESSAGEKEY, LOCALE, LOCALEREFERENCEID, MESSAGE, CREATEDBYID, UPDATEDBYID, DATECREATED, DATEUPDATED) VALUES (6, 'referenceCategoryUpdateIssueMessage', 'fr', 11001, 'We could not update this record! We have highlighted the inputs that need your attention.', 1, 1, current_date, current_date);
INSERT INTO MESSAGERESOURCE(VIEWID, MESSAGEKEY, LOCALE, LOCALEREFERENCEID, MESSAGE, CREATEDBYID, UPDATEDBYID, DATECREATED, DATEUPDATED) VALUES (6, 'referencecategory.form.header', 'de', 11002, 'Referenzen', 1, 1, current_date, current_date);
INSERT INTO MESSAGERESOURCE(VIEWID, MESSAGEKEY, LOCALE, LOCALEREFERENCEID, MESSAGE, CREATEDBYID, UPDATEDBYID, DATECREATED, DATEUPDATED) VALUES (6, 'referenceCategoryAddedSuccessMessage', 'de', 11002, 'A new record has been added.', 1, 1, current_date, current_date);
INSERT INTO MESSAGERESOURCE(VIEWID, MESSAGEKEY, LOCALE, LOCALEREFERENCEID, MESSAGE, CREATEDBYID, UPDATEDBYID, DATECREATED, DATEUPDATED) VALUES (6, 'referenceCategoryUpdateSuccessMessage', 'de', 11002, 'The record has been updated.', 1, 1, current_date, current_date);
INSERT INTO MESSAGERESOURCE(VIEWID, MESSAGEKEY, LOCALE, LOCALEREFERENCEID, MESSAGE, CREATEDBYID, UPDATEDBYID, DATECREATED, DATEUPDATED) VALUES (6, 'referenceCategoryUpdateIssueMessage', 'de', 11002, 'We could not update this record! We have highlighted the inputs that need your attention.', 1, 1, current_date, current_date);
INSERT INTO MESSAGERESOURCE(VIEWID, MESSAGEKEY, LOCALE, LOCALEREFERENCEID, MESSAGE, CREATEDBYID, UPDATEDBYID, DATECREATED, DATEUPDATED) VALUES (6, 'referencecategory.form.subheader', 'en', 11000, 'Please provide us with the following information', 1, 1, current_date, current_date);
INSERT INTO MESSAGERESOURCE(VIEWID, MESSAGEKEY, LOCALE, LOCALEREFERENCEID, MESSAGE, CREATEDBYID, UPDATEDBYID, DATECREATED, DATEUPDATED) VALUES (6, 'referenceCategoryAddedSuccessMessage', 'en', 11000, 'A new record has been added.', 1, 1, current_date, current_date);
INSERT INTO MESSAGERESOURCE(VIEWID, MESSAGEKEY, LOCALE, LOCALEREFERENCEID, MESSAGE, CREATEDBYID, UPDATEDBYID, DATECREATED, DATEUPDATED) VALUES (6, 'referenceCategoryUpdateSuccessMessage', 'en', 11000, 'The record has been updated.', 1, 1, current_date, current_date);
INSERT INTO MESSAGERESOURCE(VIEWID, MESSAGEKEY, LOCALE, LOCALEREFERENCEID, MESSAGE, CREATEDBYID, UPDATEDBYID, DATECREATED, DATEUPDATED) VALUES (6, 'referenceCategoryUpdateIssueMessage', 'en', 11000, 'We could not update this record! We have highlighted the inputs that need your attention.', 1, 1, current_date, current_date);
INSERT INTO MESSAGERESOURCE(VIEWID, MESSAGEKEY, LOCALE, LOCALEREFERENCEID, MESSAGE, CREATEDBYID, UPDATEDBYID, DATECREATED, DATEUPDATED) VALUES (6, 'referencecategory.form.subheader', 'fr', 11001, 'S''il vous plat nous fournir les informations suivantes', 1, 1, current_date, current_date);
INSERT INTO MESSAGERESOURCE(VIEWID, MESSAGEKEY, LOCALE, LOCALEREFERENCEID, MESSAGE, CREATEDBYID, UPDATEDBYID, DATECREATED, DATEUPDATED) VALUES (6, 'referenceCategoryAddedSuccessMessage', 'fr', 11001, 'A new record has been added.', 1, 1, current_date, current_date);
INSERT INTO MESSAGERESOURCE(VIEWID, MESSAGEKEY, LOCALE, LOCALEREFERENCEID, MESSAGE, CREATEDBYID, UPDATEDBYID, DATECREATED, DATEUPDATED) VALUES (6, 'referenceCategoryUpdateSuccessMessage', 'fr', 11001, 'The record has been updated.', 1, 1, current_date, current_date);
INSERT INTO MESSAGERESOURCE(VIEWID, MESSAGEKEY, LOCALE, LOCALEREFERENCEID, MESSAGE, CREATEDBYID, UPDATEDBYID, DATECREATED, DATEUPDATED) VALUES (6, 'referenceCategoryUpdateIssueMessage', 'fr', 11001, 'We could not update this record! We have highlighted the inputs that need your attention.', 1, 1, current_date, current_date);
INSERT INTO MESSAGERESOURCE(VIEWID, MESSAGEKEY, LOCALE, LOCALEREFERENCEID, MESSAGE, CREATEDBYID, UPDATEDBYID, DATECREATED, DATEUPDATED) VALUES (6, 'referencecategory.form.subheader', 'de', 11002, 'Bitte geben Sie die folgenden Informationen', 1, 1, current_date, current_date);
INSERT INTO MESSAGERESOURCE(VIEWID, MESSAGEKEY, LOCALE, LOCALEREFERENCEID, MESSAGE, CREATEDBYID, UPDATEDBYID, DATECREATED, DATEUPDATED) VALUES (6, 'referenceCategoryAddedSuccessMessage', 'de', 11002, 'A new record has been added.', 1, 1, current_date, current_date);
INSERT INTO MESSAGERESOURCE(VIEWID, MESSAGEKEY, LOCALE, LOCALEREFERENCEID, MESSAGE, CREATEDBYID, UPDATEDBYID, DATECREATED, DATEUPDATED) VALUES (6, 'referenceCategoryUpdateSuccessMessage', 'de', 11002, 'The record has been updated.', 1, 1, current_date, current_date);
INSERT INTO MESSAGERESOURCE(VIEWID, MESSAGEKEY, LOCALE, LOCALEREFERENCEID, MESSAGE, CREATEDBYID, UPDATEDBYID, DATECREATED, DATEUPDATED) VALUES (6, 'referenceCategoryUpdateIssueMessage', 'de', 11002, 'We could not update this record! We have highlighted the inputs that need your attention.', 1, 1, current_date, current_date);
INSERT INTO MESSAGERESOURCE(VIEWID, MESSAGEKEY, LOCALE, LOCALEREFERENCEID, MESSAGE, CREATEDBYID, UPDATEDBYID, DATECREATED, DATEUPDATED) VALUES (6, 'frmReferenceCategoryReferenceCategoryDescLabel', 'en', 11000, 'Reference Category', 1, 1, current_date, current_date);
INSERT INTO MESSAGERESOURCE(VIEWID, MESSAGEKEY, LOCALE, LOCALEREFERENCEID, MESSAGE, CREATEDBYID, UPDATEDBYID, DATECREATED, DATEUPDATED) VALUES (6, 'frmReferenceCategoryReferenceCategoryDescHelpBlock', 'en', 11000, '', 1, 1, current_date, current_date);
INSERT INTO MESSAGERESOURCE(VIEWID, MESSAGEKEY, LOCALE, LOCALEREFERENCEID, MESSAGE, CREATEDBYID, UPDATEDBYID, DATECREATED, DATEUPDATED) VALUES (6, 'frmReferenceCategoryReferenceCategoryDescPlaceHolder', 'en', 11000, '', 1, 1, current_date, current_date);
INSERT INTO MESSAGERESOURCE(VIEWID, MESSAGEKEY, LOCALE, LOCALEREFERENCEID, MESSAGE, CREATEDBYID, UPDATEDBYID, DATECREATED, DATEUPDATED) VALUES (6, 'frmReferenceCategoryParentCategoryIdLabel', 'en', 11000, 'Parent Category Id', 1, 1, current_date, current_date);
INSERT INTO MESSAGERESOURCE(VIEWID, MESSAGEKEY, LOCALE, LOCALEREFERENCEID, MESSAGE, CREATEDBYID, UPDATEDBYID, DATECREATED, DATEUPDATED) VALUES (6, 'frmReferenceCategoryParentCategoryIdHelpBlock', 'en', 11000, '', 1, 1, current_date, current_date);
INSERT INTO MESSAGERESOURCE(VIEWID, MESSAGEKEY, LOCALE, LOCALEREFERENCEID, MESSAGE, CREATEDBYID, UPDATEDBYID, DATECREATED, DATEUPDATED) VALUES (6, 'frmReferenceCategoryParentCategoryIdPlaceHolder', 'en', 11000, '', 1, 1, current_date, current_date);
INSERT INTO MESSAGERESOURCE(VIEWID, MESSAGEKEY, LOCALE, LOCALEREFERENCEID, MESSAGE, CREATEDBYID, UPDATEDBYID, DATECREATED, DATEUPDATED) VALUES (6, 'frmReferenceCategoryDescriptionLabel', 'en', 11000, 'Long Description', 1, 1, current_date, current_date);
INSERT INTO MESSAGERESOURCE(VIEWID, MESSAGEKEY, LOCALE, LOCALEREFERENCEID, MESSAGE, CREATEDBYID, UPDATEDBYID, DATECREATED, DATEUPDATED) VALUES (6, 'frmReferenceCategoryDescriptionHelpBlock', 'en', 11000, '', 1, 1, current_date, current_date);
INSERT INTO MESSAGERESOURCE(VIEWID, MESSAGEKEY, LOCALE, LOCALEREFERENCEID, MESSAGE, CREATEDBYID, UPDATEDBYID, DATECREATED, DATEUPDATED) VALUES (6, 'frmReferenceCategoryDescriptionPlaceHolder', 'en', 11000, '', 1, 1, current_date, current_date);
INSERT INTO MESSAGERESOURCE(VIEWID, MESSAGEKEY, LOCALE, LOCALEREFERENCEID, MESSAGE, CREATEDBYID, UPDATEDBYID, DATECREATED, DATEUPDATED) VALUES (6, 'frmReferenceCategoryReferencesLabel', 'en', 11000, 'Add Reference', 1, 1, current_date, current_date);
INSERT INTO MESSAGERESOURCE(VIEWID, MESSAGEKEY, LOCALE, LOCALEREFERENCEID, MESSAGE, CREATEDBYID, UPDATEDBYID, DATECREATED, DATEUPDATED) VALUES (6, 'frmReferenceCategoryReferencesHelpBlock', 'en', 11000, '', 1, 1, current_date, current_date);
INSERT INTO MESSAGERESOURCE(VIEWID, MESSAGEKEY, LOCALE, LOCALEREFERENCEID, MESSAGE, CREATEDBYID, UPDATEDBYID, DATECREATED, DATEUPDATED) VALUES (6, 'frmReferenceCategoryReferencesPlaceHolder', 'en', 11000, '', 1, 1, current_date, current_date);
INSERT INTO MESSAGERESOURCE(VIEWID, MESSAGEKEY, LOCALE, LOCALEREFERENCEID, MESSAGE, CREATEDBYID, UPDATEDBYID, DATECREATED, DATEUPDATED) VALUES (6, 'frmReferenceCategorySaveButtonLabel', 'en', 11000, 'Save', 1, 1, current_date, current_date);
INSERT INTO MESSAGERESOURCE(VIEWID, MESSAGEKEY, LOCALE, LOCALEREFERENCEID, MESSAGE, CREATEDBYID, UPDATEDBYID, DATECREATED, DATEUPDATED) VALUES (6, 'frmReferenceCategorySaveButtonHelpBlock', 'en', 11000, '', 1, 1, current_date, current_date);
INSERT INTO MESSAGERESOURCE(VIEWID, MESSAGEKEY, LOCALE, LOCALEREFERENCEID, MESSAGE, CREATEDBYID, UPDATEDBYID, DATECREATED, DATEUPDATED) VALUES (6, 'frmReferenceCategorySaveButtonPlaceHolder', 'en', 11000, '', 1, 1, current_date, current_date);
INSERT INTO MESSAGERESOURCE(VIEWID, MESSAGEKEY, LOCALE, LOCALEREFERENCEID, MESSAGE, CREATEDBYID, UPDATEDBYID, DATECREATED, DATEUPDATED) VALUES (6, 'frmReferenceCategorySaveButtonLabel', 'fr', 11001, 'Enregistrer', 1, 1, current_date, current_date);
INSERT INTO MESSAGERESOURCE(VIEWID, MESSAGEKEY, LOCALE, LOCALEREFERENCEID, MESSAGE, CREATEDBYID, UPDATEDBYID, DATECREATED, DATEUPDATED) VALUES (6, 'frmReferenceCategorySaveButtonHelpBlock', 'fr', 11001, '', 1, 1, current_date, current_date);
INSERT INTO MESSAGERESOURCE(VIEWID, MESSAGEKEY, LOCALE, LOCALEREFERENCEID, MESSAGE, CREATEDBYID, UPDATEDBYID, DATECREATED, DATEUPDATED) VALUES (6, 'frmReferenceCategorySaveButtonPlaceHolder', 'fr', 11001, '', 1, 1, current_date, current_date);
INSERT INTO MESSAGERESOURCE(VIEWID, MESSAGEKEY, LOCALE, LOCALEREFERENCEID, MESSAGE, CREATEDBYID, UPDATEDBYID, DATECREATED, DATEUPDATED) VALUES (6, 'frmReferenceCategorySaveButtonLabel', 'de', 11002, 'Rekord', 1, 1, current_date, current_date);
INSERT INTO MESSAGERESOURCE(VIEWID, MESSAGEKEY, LOCALE, LOCALEREFERENCEID, MESSAGE, CREATEDBYID, UPDATEDBYID, DATECREATED, DATEUPDATED) VALUES (6, 'frmReferenceCategorySaveButtonHelpBlock', 'de', 11002, '', 1, 1, current_date, current_date);
INSERT INTO MESSAGERESOURCE(VIEWID, MESSAGEKEY, LOCALE, LOCALEREFERENCEID, MESSAGE, CREATEDBYID, UPDATEDBYID, DATECREATED, DATEUPDATED) VALUES (6, 'frmReferenceCategorySaveButtonPlaceHolder', 'de', 11002, '', 1, 1, current_date, current_date);
INSERT INTO VIEW(VIEWID, VIEWNAME, CREATEDBYID, UPDATEDBYID, DATECREATED, DATEUPDATED) VALUES (7, 'References', 1, 1, current_date, current_date);
INSERT INTO MESSAGERESOURCE(VIEWID, MESSAGEKEY, LOCALE, LOCALEREFERENCEID, MESSAGE, CREATEDBYID, UPDATEDBYID, DATECREATED, DATEUPDATED) VALUES (7, 'reference.form.title', 'en', 11000, 'References', 1, 1, current_date, current_date);
INSERT INTO MESSAGERESOURCE(VIEWID, MESSAGEKEY, LOCALE, LOCALEREFERENCEID, MESSAGE, CREATEDBYID, UPDATEDBYID, DATECREATED, DATEUPDATED) VALUES (7, 'referenceAddedSuccessMessage', 'en', 11000, 'A new record has been added.', 1, 1, current_date, current_date);
INSERT INTO MESSAGERESOURCE(VIEWID, MESSAGEKEY, LOCALE, LOCALEREFERENCEID, MESSAGE, CREATEDBYID, UPDATEDBYID, DATECREATED, DATEUPDATED) VALUES (7, 'referenceUpdateSuccessMessage', 'en', 11000, 'The record has been updated.', 1, 1, current_date, current_date);
INSERT INTO MESSAGERESOURCE(VIEWID, MESSAGEKEY, LOCALE, LOCALEREFERENCEID, MESSAGE, CREATEDBYID, UPDATEDBYID, DATECREATED, DATEUPDATED) VALUES (7, 'referenceUpdateIssueMessage', 'en', 11000, 'We could not update this record! We have highlighted the inputs that need your attention.', 1, 1, current_date, current_date);
INSERT INTO MESSAGERESOURCE(VIEWID, MESSAGEKEY, LOCALE, LOCALEREFERENCEID, MESSAGE, CREATEDBYID, UPDATEDBYID, DATECREATED, DATEUPDATED) VALUES (7, 'reference.form.title', 'fr', 11001, 'Les rfrences', 1, 1, current_date, current_date);
INSERT INTO MESSAGERESOURCE(VIEWID, MESSAGEKEY, LOCALE, LOCALEREFERENCEID, MESSAGE, CREATEDBYID, UPDATEDBYID, DATECREATED, DATEUPDATED) VALUES (7, 'referenceAddedSuccessMessage', 'fr', 11001, 'A new record has been added.', 1, 1, current_date, current_date);
INSERT INTO MESSAGERESOURCE(VIEWID, MESSAGEKEY, LOCALE, LOCALEREFERENCEID, MESSAGE, CREATEDBYID, UPDATEDBYID, DATECREATED, DATEUPDATED) VALUES (7, 'referenceUpdateSuccessMessage', 'fr', 11001, 'The record has been updated.', 1, 1, current_date, current_date);
INSERT INTO MESSAGERESOURCE(VIEWID, MESSAGEKEY, LOCALE, LOCALEREFERENCEID, MESSAGE, CREATEDBYID, UPDATEDBYID, DATECREATED, DATEUPDATED) VALUES (7, 'referenceUpdateIssueMessage', 'fr', 11001, 'We could not update this record! We have highlighted the inputs that need your attention.', 1, 1, current_date, current_date);
INSERT INTO MESSAGERESOURCE(VIEWID, MESSAGEKEY, LOCALE, LOCALEREFERENCEID, MESSAGE, CREATEDBYID, UPDATEDBYID, DATECREATED, DATEUPDATED) VALUES (7, 'reference.form.title', 'de', 11002, 'Referenzen', 1, 1, current_date, current_date);
INSERT INTO MESSAGERESOURCE(VIEWID, MESSAGEKEY, LOCALE, LOCALEREFERENCEID, MESSAGE, CREATEDBYID, UPDATEDBYID, DATECREATED, DATEUPDATED) VALUES (7, 'referenceAddedSuccessMessage', 'de', 11002, 'A new record has been added.', 1, 1, current_date, current_date);
INSERT INTO MESSAGERESOURCE(VIEWID, MESSAGEKEY, LOCALE, LOCALEREFERENCEID, MESSAGE, CREATEDBYID, UPDATEDBYID, DATECREATED, DATEUPDATED) VALUES (7, 'referenceUpdateSuccessMessage', 'de', 11002, 'The record has been updated.', 1, 1, current_date, current_date);
INSERT INTO MESSAGERESOURCE(VIEWID, MESSAGEKEY, LOCALE, LOCALEREFERENCEID, MESSAGE, CREATEDBYID, UPDATEDBYID, DATECREATED, DATEUPDATED) VALUES (7, 'referenceUpdateIssueMessage', 'de', 11002, 'We could not update this record! We have highlighted the inputs that need your attention.', 1, 1, current_date, current_date);
INSERT INTO MESSAGERESOURCE(VIEWID, MESSAGEKEY, LOCALE, LOCALEREFERENCEID, MESSAGE, CREATEDBYID, UPDATEDBYID, DATECREATED, DATEUPDATED) VALUES (7, 'reference.form.header', 'en', 11000, 'References', 1, 1, current_date, current_date);
INSERT INTO MESSAGERESOURCE(VIEWID, MESSAGEKEY, LOCALE, LOCALEREFERENCEID, MESSAGE, CREATEDBYID, UPDATEDBYID, DATECREATED, DATEUPDATED) VALUES (7, 'referenceAddedSuccessMessage', 'en', 11000, 'A new record has been added.', 1, 1, current_date, current_date);
INSERT INTO MESSAGERESOURCE(VIEWID, MESSAGEKEY, LOCALE, LOCALEREFERENCEID, MESSAGE, CREATEDBYID, UPDATEDBYID, DATECREATED, DATEUPDATED) VALUES (7, 'referenceUpdateSuccessMessage', 'en', 11000, 'The record has been updated.', 1, 1, current_date, current_date);
INSERT INTO MESSAGERESOURCE(VIEWID, MESSAGEKEY, LOCALE, LOCALEREFERENCEID, MESSAGE, CREATEDBYID, UPDATEDBYID, DATECREATED, DATEUPDATED) VALUES (7, 'referenceUpdateIssueMessage', 'en', 11000, 'We could not update this record! We have highlighted the inputs that need your attention.', 1, 1, current_date, current_date);
INSERT INTO MESSAGERESOURCE(VIEWID, MESSAGEKEY, LOCALE, LOCALEREFERENCEID, MESSAGE, CREATEDBYID, UPDATEDBYID, DATECREATED, DATEUPDATED) VALUES (7, 'reference.form.header', 'fr', 11001, 'Les rfrences', 1, 1, current_date, current_date);
INSERT INTO MESSAGERESOURCE(VIEWID, MESSAGEKEY, LOCALE, LOCALEREFERENCEID, MESSAGE, CREATEDBYID, UPDATEDBYID, DATECREATED, DATEUPDATED) VALUES (7, 'referenceAddedSuccessMessage', 'fr', 11001, 'A new record has been added.', 1, 1, current_date, current_date);
INSERT INTO MESSAGERESOURCE(VIEWID, MESSAGEKEY, LOCALE, LOCALEREFERENCEID, MESSAGE, CREATEDBYID, UPDATEDBYID, DATECREATED, DATEUPDATED) VALUES (7, 'referenceUpdateSuccessMessage', 'fr', 11001, 'The record has been updated.', 1, 1, current_date, current_date);
INSERT INTO MESSAGERESOURCE(VIEWID, MESSAGEKEY, LOCALE, LOCALEREFERENCEID, MESSAGE, CREATEDBYID, UPDATEDBYID, DATECREATED, DATEUPDATED) VALUES (7, 'referenceUpdateIssueMessage', 'fr', 11001, 'We could not update this record! We have highlighted the inputs that need your attention.', 1, 1, current_date, current_date);
INSERT INTO MESSAGERESOURCE(VIEWID, MESSAGEKEY, LOCALE, LOCALEREFERENCEID, MESSAGE, CREATEDBYID, UPDATEDBYID, DATECREATED, DATEUPDATED) VALUES (7, 'reference.form.header', 'de', 11002, 'Referenzen', 1, 1, current_date, current_date);
INSERT INTO MESSAGERESOURCE(VIEWID, MESSAGEKEY, LOCALE, LOCALEREFERENCEID, MESSAGE, CREATEDBYID, UPDATEDBYID, DATECREATED, DATEUPDATED) VALUES (7, 'referenceAddedSuccessMessage', 'de', 11002, 'A new record has been added.', 1, 1, current_date, current_date);
INSERT INTO MESSAGERESOURCE(VIEWID, MESSAGEKEY, LOCALE, LOCALEREFERENCEID, MESSAGE, CREATEDBYID, UPDATEDBYID, DATECREATED, DATEUPDATED) VALUES (7, 'referenceUpdateSuccessMessage', 'de', 11002, 'The record has been updated.', 1, 1, current_date, current_date);
INSERT INTO MESSAGERESOURCE(VIEWID, MESSAGEKEY, LOCALE, LOCALEREFERENCEID, MESSAGE, CREATEDBYID, UPDATEDBYID, DATECREATED, DATEUPDATED) VALUES (7, 'referenceUpdateIssueMessage', 'de', 11002, 'We could not update this record! We have highlighted the inputs that need your attention.', 1, 1, current_date, current_date);
INSERT INTO MESSAGERESOURCE(VIEWID, MESSAGEKEY, LOCALE, LOCALEREFERENCEID, MESSAGE, CREATEDBYID, UPDATEDBYID, DATECREATED, DATEUPDATED) VALUES (7, 'reference.form.subheader', 'en', 11000, 'Please provide us with the following information', 1, 1, current_date, current_date);
INSERT INTO MESSAGERESOURCE(VIEWID, MESSAGEKEY, LOCALE, LOCALEREFERENCEID, MESSAGE, CREATEDBYID, UPDATEDBYID, DATECREATED, DATEUPDATED) VALUES (7, 'referenceAddedSuccessMessage', 'en', 11000, 'A new record has been added.', 1, 1, current_date, current_date);
INSERT INTO MESSAGERESOURCE(VIEWID, MESSAGEKEY, LOCALE, LOCALEREFERENCEID, MESSAGE, CREATEDBYID, UPDATEDBYID, DATECREATED, DATEUPDATED) VALUES (7, 'referenceUpdateSuccessMessage', 'en', 11000, 'The record has been updated.', 1, 1, current_date, current_date);
INSERT INTO MESSAGERESOURCE(VIEWID, MESSAGEKEY, LOCALE, LOCALEREFERENCEID, MESSAGE, CREATEDBYID, UPDATEDBYID, DATECREATED, DATEUPDATED) VALUES (7, 'referenceUpdateIssueMessage', 'en', 11000, 'We could not update this record! We have highlighted the inputs that need your attention.', 1, 1, current_date, current_date);
INSERT INTO MESSAGERESOURCE(VIEWID, MESSAGEKEY, LOCALE, LOCALEREFERENCEID, MESSAGE, CREATEDBYID, UPDATEDBYID, DATECREATED, DATEUPDATED) VALUES (7, 'reference.form.subheader', 'fr', 11001, 'S''il vous plat nous fournir les informations suivantes', 1, 1, current_date, current_date);
INSERT INTO MESSAGERESOURCE(VIEWID, MESSAGEKEY, LOCALE, LOCALEREFERENCEID, MESSAGE, CREATEDBYID, UPDATEDBYID, DATECREATED, DATEUPDATED) VALUES (7, 'referenceAddedSuccessMessage', 'fr', 11001, 'A new record has been added.', 1, 1, current_date, current_date);
INSERT INTO MESSAGERESOURCE(VIEWID, MESSAGEKEY, LOCALE, LOCALEREFERENCEID, MESSAGE, CREATEDBYID, UPDATEDBYID, DATECREATED, DATEUPDATED) VALUES (7, 'referenceUpdateSuccessMessage', 'fr', 11001, 'The record has been updated.', 1, 1, current_date, current_date);
INSERT INTO MESSAGERESOURCE(VIEWID, MESSAGEKEY, LOCALE, LOCALEREFERENCEID, MESSAGE, CREATEDBYID, UPDATEDBYID, DATECREATED, DATEUPDATED) VALUES (7, 'referenceUpdateIssueMessage', 'fr', 11001, 'We could not update this record! We have highlighted the inputs that need your attention.', 1, 1, current_date, current_date);
INSERT INTO MESSAGERESOURCE(VIEWID, MESSAGEKEY, LOCALE, LOCALEREFERENCEID, MESSAGE, CREATEDBYID, UPDATEDBYID, DATECREATED, DATEUPDATED) VALUES (7, 'reference.form.subheader', 'de', 11002, 'Bitte geben Sie die folgenden Informationen', 1, 1, current_date, current_date);
INSERT INTO MESSAGERESOURCE(VIEWID, MESSAGEKEY, LOCALE, LOCALEREFERENCEID, MESSAGE, CREATEDBYID, UPDATEDBYID, DATECREATED, DATEUPDATED) VALUES (7, 'referenceAddedSuccessMessage', 'de', 11002, 'A new record has been added.', 1, 1, current_date, current_date);
INSERT INTO MESSAGERESOURCE(VIEWID, MESSAGEKEY, LOCALE, LOCALEREFERENCEID, MESSAGE, CREATEDBYID, UPDATEDBYID, DATECREATED, DATEUPDATED) VALUES (7, 'referenceUpdateSuccessMessage', 'de', 11002, 'The record has been updated.', 1, 1, current_date, current_date);
INSERT INTO MESSAGERESOURCE(VIEWID, MESSAGEKEY, LOCALE, LOCALEREFERENCEID, MESSAGE, CREATEDBYID, UPDATEDBYID, DATECREATED, DATEUPDATED) VALUES (7, 'referenceUpdateIssueMessage', 'de', 11002, 'We could not update this record! We have highlighted the inputs that need your attention.', 1, 1, current_date, current_date);
INSERT INTO MESSAGERESOURCE(VIEWID, MESSAGEKEY, LOCALE, LOCALEREFERENCEID, MESSAGE, CREATEDBYID, UPDATEDBYID, DATECREATED, DATEUPDATED) VALUES (7, 'frmReferenceRefTypeLabel', 'en', 11000, 'Reference Type', 1, 1, current_date, current_date);
INSERT INTO MESSAGERESOURCE(VIEWID, MESSAGEKEY, LOCALE, LOCALEREFERENCEID, MESSAGE, CREATEDBYID, UPDATEDBYID, DATECREATED, DATEUPDATED) VALUES (7, 'frmReferenceRefTypeHelpBlock', 'en', 11000, '', 1, 1, current_date, current_date);
INSERT INTO MESSAGERESOURCE(VIEWID, MESSAGEKEY, LOCALE, LOCALEREFERENCEID, MESSAGE, CREATEDBYID, UPDATEDBYID, DATECREATED, DATEUPDATED) VALUES (7, 'frmReferenceRefTypePlaceHolder', 'en', 11000, '', 1, 1, current_date, current_date);
INSERT INTO MESSAGERESOURCE(VIEWID, MESSAGEKEY, LOCALE, LOCALEREFERENCEID, MESSAGE, CREATEDBYID, UPDATEDBYID, DATECREATED, DATEUPDATED) VALUES (7, 'frmReferenceRefDescLabel', 'en', 11000, 'Reference Description', 1, 1, current_date, current_date);
INSERT INTO MESSAGERESOURCE(VIEWID, MESSAGEKEY, LOCALE, LOCALEREFERENCEID, MESSAGE, CREATEDBYID, UPDATEDBYID, DATECREATED, DATEUPDATED) VALUES (7, 'frmReferenceRefDescHelpBlock', 'en', 11000, '', 1, 1, current_date, current_date);
INSERT INTO MESSAGERESOURCE(VIEWID, MESSAGEKEY, LOCALE, LOCALEREFERENCEID, MESSAGE, CREATEDBYID, UPDATEDBYID, DATECREATED, DATEUPDATED) VALUES (7, 'frmReferenceRefDescPlaceHolder', 'en', 11000, '', 1, 1, current_date, current_date);
INSERT INTO MESSAGERESOURCE(VIEWID, MESSAGEKEY, LOCALE, LOCALEREFERENCEID, MESSAGE, CREATEDBYID, UPDATEDBYID, DATECREATED, DATEUPDATED) VALUES (7, 'frmReferenceParentIdLabel', 'en', 11000, 'Parent Id', 1, 1, current_date, current_date);
INSERT INTO MESSAGERESOURCE(VIEWID, MESSAGEKEY, LOCALE, LOCALEREFERENCEID, MESSAGE, CREATEDBYID, UPDATEDBYID, DATECREATED, DATEUPDATED) VALUES (7, 'frmReferenceParentIdHelpBlock', 'en', 11000, '', 1, 1, current_date, current_date);
INSERT INTO MESSAGERESOURCE(VIEWID, MESSAGEKEY, LOCALE, LOCALEREFERENCEID, MESSAGE, CREATEDBYID, UPDATEDBYID, DATECREATED, DATEUPDATED) VALUES (7, 'frmReferenceParentIdPlaceHolder', 'en', 11000, '', 1, 1, current_date, current_date);
INSERT INTO MESSAGERESOURCE(VIEWID, MESSAGEKEY, LOCALE, LOCALEREFERENCEID, MESSAGE, CREATEDBYID, UPDATEDBYID, DATECREATED, DATEUPDATED) VALUES (7, 'frmReferenceRefIndexLabel', 'en', 11000, 'Reference Index', 1, 1, current_date, current_date);
INSERT INTO MESSAGERESOURCE(VIEWID, MESSAGEKEY, LOCALE, LOCALEREFERENCEID, MESSAGE, CREATEDBYID, UPDATEDBYID, DATECREATED, DATEUPDATED) VALUES (7, 'frmReferenceRefIndexHelpBlock', 'en', 11000, '', 1, 1, current_date, current_date);
INSERT INTO MESSAGERESOURCE(VIEWID, MESSAGEKEY, LOCALE, LOCALEREFERENCEID, MESSAGE, CREATEDBYID, UPDATEDBYID, DATECREATED, DATEUPDATED) VALUES (7, 'frmReferenceRefIndexPlaceHolder', 'en', 11000, '', 1, 1, current_date, current_date);
INSERT INTO MESSAGERESOURCE(VIEWID, MESSAGEKEY, LOCALE, LOCALEREFERENCEID, MESSAGE, CREATEDBYID, UPDATEDBYID, DATECREATED, DATEUPDATED) VALUES (7, 'frmReferenceDescriptionLabel', 'en', 11000, 'Long Description', 1, 1, current_date, current_date);
INSERT INTO MESSAGERESOURCE(VIEWID, MESSAGEKEY, LOCALE, LOCALEREFERENCEID, MESSAGE, CREATEDBYID, UPDATEDBYID, DATECREATED, DATEUPDATED) VALUES (7, 'frmReferenceDescriptionHelpBlock', 'en', 11000, '', 1, 1, current_date, current_date);
INSERT INTO MESSAGERESOURCE(VIEWID, MESSAGEKEY, LOCALE, LOCALEREFERENCEID, MESSAGE, CREATEDBYID, UPDATEDBYID, DATECREATED, DATEUPDATED) VALUES (7, 'frmReferenceDescriptionPlaceHolder', 'en', 11000, '', 1, 1, current_date, current_date);
INSERT INTO MESSAGERESOURCE(VIEWID, MESSAGEKEY, LOCALE, LOCALEREFERENCEID, MESSAGE, CREATEDBYID, UPDATEDBYID, DATECREATED, DATEUPDATED) VALUES (7, 'frmReferenceSaveButtonLabel', 'en', 11000, 'Save', 1, 1, current_date, current_date);
INSERT INTO MESSAGERESOURCE(VIEWID, MESSAGEKEY, LOCALE, LOCALEREFERENCEID, MESSAGE, CREATEDBYID, UPDATEDBYID, DATECREATED, DATEUPDATED) VALUES (7, 'frmReferenceSaveButtonHelpBlock', 'en', 11000, '', 1, 1, current_date, current_date);
INSERT INTO MESSAGERESOURCE(VIEWID, MESSAGEKEY, LOCALE, LOCALEREFERENCEID, MESSAGE, CREATEDBYID, UPDATEDBYID, DATECREATED, DATEUPDATED) VALUES (7, 'frmReferenceSaveButtonPlaceHolder', 'en', 11000, '', 1, 1, current_date, current_date);
INSERT INTO MESSAGERESOURCE(VIEWID, MESSAGEKEY, LOCALE, LOCALEREFERENCEID, MESSAGE, CREATEDBYID, UPDATEDBYID, DATECREATED, DATEUPDATED) VALUES (7, 'frmReferenceSaveButtonLabel', 'fr', 11001, 'Enregistrer', 1, 1, current_date, current_date);
INSERT INTO MESSAGERESOURCE(VIEWID, MESSAGEKEY, LOCALE, LOCALEREFERENCEID, MESSAGE, CREATEDBYID, UPDATEDBYID, DATECREATED, DATEUPDATED) VALUES (7, 'frmReferenceSaveButtonHelpBlock', 'fr', 11001, '', 1, 1, current_date, current_date);
INSERT INTO MESSAGERESOURCE(VIEWID, MESSAGEKEY, LOCALE, LOCALEREFERENCEID, MESSAGE, CREATEDBYID, UPDATEDBYID, DATECREATED, DATEUPDATED) VALUES (7, 'frmReferenceSaveButtonPlaceHolder', 'fr', 11001, '', 1, 1, current_date, current_date);
INSERT INTO MESSAGERESOURCE(VIEWID, MESSAGEKEY, LOCALE, LOCALEREFERENCEID, MESSAGE, CREATEDBYID, UPDATEDBYID, DATECREATED, DATEUPDATED) VALUES (7, 'frmReferenceSaveButtonLabel', 'de', 11002, 'Rekord', 1, 1, current_date, current_date);
INSERT INTO MESSAGERESOURCE(VIEWID, MESSAGEKEY, LOCALE, LOCALEREFERENCEID, MESSAGE, CREATEDBYID, UPDATEDBYID, DATECREATED, DATEUPDATED) VALUES (7, 'frmReferenceSaveButtonHelpBlock', 'de', 11002, '', 1, 1, current_date, current_date);
INSERT INTO MESSAGERESOURCE(VIEWID, MESSAGEKEY, LOCALE, LOCALEREFERENCEID, MESSAGE, CREATEDBYID, UPDATEDBYID, DATECREATED, DATEUPDATED) VALUES (7, 'frmReferenceSaveButtonPlaceHolder', 'de', 11002, '', 1, 1, current_date, current_date);
INSERT INTO VIEW(VIEWID, VIEWNAME, CREATEDBYID, UPDATEDBYID, DATECREATED, DATEUPDATED) VALUES (8, 'Red Cross Migrant Appeal', 1, 1, current_date, current_date);
INSERT INTO MESSAGERESOURCE(VIEWID, MESSAGEKEY, LOCALE, LOCALEREFERENCEID, MESSAGE, CREATEDBYID, UPDATEDBYID, DATECREATED, DATEUPDATED) VALUES (8, 'landing.form.title', 'en', 11000, 'Red Cross Migrant Appeal', 1, 1, current_date, current_date);
INSERT INTO MESSAGERESOURCE(VIEWID, MESSAGEKEY, LOCALE, LOCALEREFERENCEID, MESSAGE, CREATEDBYID, UPDATEDBYID, DATECREATED, DATEUPDATED) VALUES (8, 'landingAddedSuccessMessage', 'en', 11000, 'A new record has been added.', 1, 1, current_date, current_date);
INSERT INTO MESSAGERESOURCE(VIEWID, MESSAGEKEY, LOCALE, LOCALEREFERENCEID, MESSAGE, CREATEDBYID, UPDATEDBYID, DATECREATED, DATEUPDATED) VALUES (8, 'landingUpdateSuccessMessage', 'en', 11000, 'The record has been updated.', 1, 1, current_date, current_date);
INSERT INTO MESSAGERESOURCE(VIEWID, MESSAGEKEY, LOCALE, LOCALEREFERENCEID, MESSAGE, CREATEDBYID, UPDATEDBYID, DATECREATED, DATEUPDATED) VALUES (8, 'landingUpdateIssueMessage', 'en', 11000, 'We could not update this record! We have highlighted the inputs that need your attention.', 1, 1, current_date, current_date);
INSERT INTO MESSAGERESOURCE(VIEWID, MESSAGEKEY, LOCALE, LOCALEREFERENCEID, MESSAGE, CREATEDBYID, UPDATEDBYID, DATECREATED, DATEUPDATED) VALUES (8, 'landing.form.title', 'fr', 11001, 'La Croix Rouge D''Appel Migrant', 1, 1, current_date, current_date);
INSERT INTO MESSAGERESOURCE(VIEWID, MESSAGEKEY, LOCALE, LOCALEREFERENCEID, MESSAGE, CREATEDBYID, UPDATEDBYID, DATECREATED, DATEUPDATED) VALUES (8, 'landingAddedSuccessMessage', 'fr', 11001, 'A new record has been added.', 1, 1, current_date, current_date);
INSERT INTO MESSAGERESOURCE(VIEWID, MESSAGEKEY, LOCALE, LOCALEREFERENCEID, MESSAGE, CREATEDBYID, UPDATEDBYID, DATECREATED, DATEUPDATED) VALUES (8, 'landingUpdateSuccessMessage', 'fr', 11001, 'The record has been updated.', 1, 1, current_date, current_date);
INSERT INTO MESSAGERESOURCE(VIEWID, MESSAGEKEY, LOCALE, LOCALEREFERENCEID, MESSAGE, CREATEDBYID, UPDATEDBYID, DATECREATED, DATEUPDATED) VALUES (8, 'landingUpdateIssueMessage', 'fr', 11001, 'We could not update this record! We have highlighted the inputs that need your attention.', 1, 1, current_date, current_date);
INSERT INTO MESSAGERESOURCE(VIEWID, MESSAGEKEY, LOCALE, LOCALEREFERENCEID, MESSAGE, CREATEDBYID, UPDATEDBYID, DATECREATED, DATEUPDATED) VALUES (8, 'landing.form.title', 'de', 11002, 'Deutsches Rotes Kreuz Wander Rechtsmittel', 1, 1, current_date, current_date);
INSERT INTO MESSAGERESOURCE(VIEWID, MESSAGEKEY, LOCALE, LOCALEREFERENCEID, MESSAGE, CREATEDBYID, UPDATEDBYID, DATECREATED, DATEUPDATED) VALUES (8, 'landingAddedSuccessMessage', 'de', 11002, 'A new record has been added.', 1, 1, current_date, current_date);
INSERT INTO MESSAGERESOURCE(VIEWID, MESSAGEKEY, LOCALE, LOCALEREFERENCEID, MESSAGE, CREATEDBYID, UPDATEDBYID, DATECREATED, DATEUPDATED) VALUES (8, 'landingUpdateSuccessMessage', 'de', 11002, 'The record has been updated.', 1, 1, current_date, current_date);
INSERT INTO MESSAGERESOURCE(VIEWID, MESSAGEKEY, LOCALE, LOCALEREFERENCEID, MESSAGE, CREATEDBYID, UPDATEDBYID, DATECREATED, DATEUPDATED) VALUES (8, 'landingUpdateIssueMessage', 'de', 11002, 'We could not update this record! We have highlighted the inputs that need your attention.', 1, 1, current_date, current_date);
INSERT INTO MESSAGERESOURCE(VIEWID, MESSAGEKEY, LOCALE, LOCALEREFERENCEID, MESSAGE, CREATEDBYID, UPDATEDBYID, DATECREATED, DATEUPDATED) VALUES (8, 'landing.form.header', 'en', 11000, 'Irish Red Cross', 1, 1, current_date, current_date);
INSERT INTO MESSAGERESOURCE(VIEWID, MESSAGEKEY, LOCALE, LOCALEREFERENCEID, MESSAGE, CREATEDBYID, UPDATEDBYID, DATECREATED, DATEUPDATED) VALUES (8, 'landingAddedSuccessMessage', 'en', 11000, 'A new record has been added.', 1, 1, current_date, current_date);
INSERT INTO MESSAGERESOURCE(VIEWID, MESSAGEKEY, LOCALE, LOCALEREFERENCEID, MESSAGE, CREATEDBYID, UPDATEDBYID, DATECREATED, DATEUPDATED) VALUES (8, 'landingUpdateSuccessMessage', 'en', 11000, 'The record has been updated.', 1, 1, current_date, current_date);
INSERT INTO MESSAGERESOURCE(VIEWID, MESSAGEKEY, LOCALE, LOCALEREFERENCEID, MESSAGE, CREATEDBYID, UPDATEDBYID, DATECREATED, DATEUPDATED) VALUES (8, 'landingUpdateIssueMessage', 'en', 11000, 'We could not update this record! We have highlighted the inputs that need your attention.', 1, 1, current_date, current_date);
INSERT INTO MESSAGERESOURCE(VIEWID, MESSAGEKEY, LOCALE, LOCALEREFERENCEID, MESSAGE, CREATEDBYID, UPDATEDBYID, DATECREATED, DATEUPDATED) VALUES (8, 'landing.form.header', 'fr', 11001, 'La Croix Rouge', 1, 1, current_date, current_date);
INSERT INTO MESSAGERESOURCE(VIEWID, MESSAGEKEY, LOCALE, LOCALEREFERENCEID, MESSAGE, CREATEDBYID, UPDATEDBYID, DATECREATED, DATEUPDATED) VALUES (8, 'landingAddedSuccessMessage', 'fr', 11001, 'A new record has been added.', 1, 1, current_date, current_date);
INSERT INTO MESSAGERESOURCE(VIEWID, MESSAGEKEY, LOCALE, LOCALEREFERENCEID, MESSAGE, CREATEDBYID, UPDATEDBYID, DATECREATED, DATEUPDATED) VALUES (8, 'landingUpdateSuccessMessage', 'fr', 11001, 'The record has been updated.', 1, 1, current_date, current_date);
INSERT INTO MESSAGERESOURCE(VIEWID, MESSAGEKEY, LOCALE, LOCALEREFERENCEID, MESSAGE, CREATEDBYID, UPDATEDBYID, DATECREATED, DATEUPDATED) VALUES (8, 'landingUpdateIssueMessage', 'fr', 11001, 'We could not update this record! We have highlighted the inputs that need your attention.', 1, 1, current_date, current_date);
INSERT INTO MESSAGERESOURCE(VIEWID, MESSAGEKEY, LOCALE, LOCALEREFERENCEID, MESSAGE, CREATEDBYID, UPDATEDBYID, DATECREATED, DATEUPDATED) VALUES (8, 'landing.form.header', 'de', 11002, 'Deutsches Rotes Kreuz', 1, 1, current_date, current_date);
INSERT INTO MESSAGERESOURCE(VIEWID, MESSAGEKEY, LOCALE, LOCALEREFERENCEID, MESSAGE, CREATEDBYID, UPDATEDBYID, DATECREATED, DATEUPDATED) VALUES (8, 'landingAddedSuccessMessage', 'de', 11002, 'A new record has been added.', 1, 1, current_date, current_date);
INSERT INTO MESSAGERESOURCE(VIEWID, MESSAGEKEY, LOCALE, LOCALEREFERENCEID, MESSAGE, CREATEDBYID, UPDATEDBYID, DATECREATED, DATEUPDATED) VALUES (8, 'landingUpdateSuccessMessage', 'de', 11002, 'The record has been updated.', 1, 1, current_date, current_date);
INSERT INTO MESSAGERESOURCE(VIEWID, MESSAGEKEY, LOCALE, LOCALEREFERENCEID, MESSAGE, CREATEDBYID, UPDATEDBYID, DATECREATED, DATEUPDATED) VALUES (8, 'landingUpdateIssueMessage', 'de', 11002, 'We could not update this record! We have highlighted the inputs that need your attention.', 1, 1, current_date, current_date);
INSERT INTO MESSAGERESOURCE(VIEWID, MESSAGEKEY, LOCALE, LOCALEREFERENCEID, MESSAGE, CREATEDBYID, UPDATEDBYID, DATECREATED, DATEUPDATED) VALUES (8, 'landing.form.subheader', 'en', 11000, 'Migrant Appeal', 1, 1, current_date, current_date);
INSERT INTO MESSAGERESOURCE(VIEWID, MESSAGEKEY, LOCALE, LOCALEREFERENCEID, MESSAGE, CREATEDBYID, UPDATEDBYID, DATECREATED, DATEUPDATED) VALUES (8, 'landingAddedSuccessMessage', 'en', 11000, 'A new record has been added.', 1, 1, current_date, current_date);
INSERT INTO MESSAGERESOURCE(VIEWID, MESSAGEKEY, LOCALE, LOCALEREFERENCEID, MESSAGE, CREATEDBYID, UPDATEDBYID, DATECREATED, DATEUPDATED) VALUES (8, 'landingUpdateSuccessMessage', 'en', 11000, 'The record has been updated.', 1, 1, current_date, current_date);
INSERT INTO MESSAGERESOURCE(VIEWID, MESSAGEKEY, LOCALE, LOCALEREFERENCEID, MESSAGE, CREATEDBYID, UPDATEDBYID, DATECREATED, DATEUPDATED) VALUES (8, 'landingUpdateIssueMessage', 'en', 11000, 'We could not update this record! We have highlighted the inputs that need your attention.', 1, 1, current_date, current_date);
INSERT INTO MESSAGERESOURCE(VIEWID, MESSAGEKEY, LOCALE, LOCALEREFERENCEID, MESSAGE, CREATEDBYID, UPDATEDBYID, DATECREATED, DATEUPDATED) VALUES (8, 'landing.form.subheader', 'fr', 11001, 'D''Appel Migrant', 1, 1, current_date, current_date);
INSERT INTO MESSAGERESOURCE(VIEWID, MESSAGEKEY, LOCALE, LOCALEREFERENCEID, MESSAGE, CREATEDBYID, UPDATEDBYID, DATECREATED, DATEUPDATED) VALUES (8, 'landingAddedSuccessMessage', 'fr', 11001, 'A new record has been added.', 1, 1, current_date, current_date);
INSERT INTO MESSAGERESOURCE(VIEWID, MESSAGEKEY, LOCALE, LOCALEREFERENCEID, MESSAGE, CREATEDBYID, UPDATEDBYID, DATECREATED, DATEUPDATED) VALUES (8, 'landingUpdateSuccessMessage', 'fr', 11001, 'The record has been updated.', 1, 1, current_date, current_date);
INSERT INTO MESSAGERESOURCE(VIEWID, MESSAGEKEY, LOCALE, LOCALEREFERENCEID, MESSAGE, CREATEDBYID, UPDATEDBYID, DATECREATED, DATEUPDATED) VALUES (8, 'landingUpdateIssueMessage', 'fr', 11001, 'We could not update this record! We have highlighted the inputs that need your attention.', 1, 1, current_date, current_date);
INSERT INTO MESSAGERESOURCE(VIEWID, MESSAGEKEY, LOCALE, LOCALEREFERENCEID, MESSAGE, CREATEDBYID, UPDATEDBYID, DATECREATED, DATEUPDATED) VALUES (8, 'landing.form.subheader', 'de', 11002, 'Wander Rechtsmittel', 1, 1, current_date, current_date);
INSERT INTO MESSAGERESOURCE(VIEWID, MESSAGEKEY, LOCALE, LOCALEREFERENCEID, MESSAGE, CREATEDBYID, UPDATEDBYID, DATECREATED, DATEUPDATED) VALUES (8, 'landingAddedSuccessMessage', 'de', 11002, 'A new record has been added.', 1, 1, current_date, current_date);
INSERT INTO MESSAGERESOURCE(VIEWID, MESSAGEKEY, LOCALE, LOCALEREFERENCEID, MESSAGE, CREATEDBYID, UPDATEDBYID, DATECREATED, DATEUPDATED) VALUES (8, 'landingUpdateSuccessMessage', 'de', 11002, 'The record has been updated.', 1, 1, current_date, current_date);
INSERT INTO MESSAGERESOURCE(VIEWID, MESSAGEKEY, LOCALE, LOCALEREFERENCEID, MESSAGE, CREATEDBYID, UPDATEDBYID, DATECREATED, DATEUPDATED) VALUES (8, 'landingUpdateIssueMessage', 'de', 11002, 'We could not update this record! We have highlighted the inputs that need your attention.', 1, 1, current_date, current_date);
INSERT INTO MESSAGERESOURCE(VIEWID, MESSAGEKEY, LOCALE, LOCALEREFERENCEID, MESSAGE, CREATEDBYID, UPDATEDBYID, DATECREATED, DATEUPDATED) VALUES (8, 'frmLandingLandingMainMessages1Message', 'en', 11000, 'The Red Cross register of pledges is an online system that allows individuals and corporations to pledge accommodation, goods and services for use in times of crisis. Until now, The Red Cross has been unable to accept donations of goods as we lack the facilities to store them. By using the register of pledges, you are undertaking to provide the goods or services as and when they are needed.', 1, 1, current_date, current_date);
INSERT INTO MESSAGERESOURCE(VIEWID, MESSAGEKEY, LOCALE, LOCALEREFERENCEID, MESSAGE, CREATEDBYID, UPDATEDBYID, DATECREATED, DATEUPDATED) VALUES (8, 'frmLandingLandingMainMessages1Label', 'en', 11000, 'REGISTER OF PLEDGES', 1, 1, current_date, current_date);
INSERT INTO MESSAGERESOURCE(VIEWID, MESSAGEKEY, LOCALE, LOCALEREFERENCEID, MESSAGE, CREATEDBYID, UPDATEDBYID, DATECREATED, DATEUPDATED) VALUES (8, 'frmLandingLandingMainMessages1HelpBlock', 'en', 11000, '', 1, 1, current_date, current_date);
INSERT INTO MESSAGERESOURCE(VIEWID, MESSAGEKEY, LOCALE, LOCALEREFERENCEID, MESSAGE, CREATEDBYID, UPDATEDBYID, DATECREATED, DATEUPDATED) VALUES (8, 'frmLandingLandingMainMessages1PlaceHolder', 'en', 11000, '', 1, 1, current_date, current_date);
INSERT INTO MESSAGERESOURCE(VIEWID, MESSAGEKEY, LOCALE, LOCALEREFERENCEID, MESSAGE, CREATEDBYID, UPDATEDBYID, DATECREATED, DATEUPDATED) VALUES (8, 'frmLandingLandingMainMessages1Message', 'fr', 11001, 'Le registre Croix-Rouge des engagements est un systme en ligne qui permet aux individus et aux socits de engagent hbergement , biens et services pour une utilisation en temps de crise . Jusqu'' prsent , La Croix-Rouge a t incapable d''accepter des dons de marchandises que nous manquons les installations pour les stocker . En utilisant le registre des gages , vous vous engagez  fournir les biens ou services comme et quand ils sont ncessaires.', 1, 1, current_date, current_date);
INSERT INTO MESSAGERESOURCE(VIEWID, MESSAGEKEY, LOCALE, LOCALEREFERENCEID, MESSAGE, CREATEDBYID, UPDATEDBYID, DATECREATED, DATEUPDATED) VALUES (8, 'frmLandingLandingMainMessages1Label', 'fr', 11001, 'Quel est le registre des gages?', 1, 1, current_date, current_date);
INSERT INTO MESSAGERESOURCE(VIEWID, MESSAGEKEY, LOCALE, LOCALEREFERENCEID, MESSAGE, CREATEDBYID, UPDATEDBYID, DATECREATED, DATEUPDATED) VALUES (8, 'frmLandingLandingMainMessages1HelpBlock', 'fr', 11001, '', 1, 1, current_date, current_date);
INSERT INTO MESSAGERESOURCE(VIEWID, MESSAGEKEY, LOCALE, LOCALEREFERENCEID, MESSAGE, CREATEDBYID, UPDATEDBYID, DATECREATED, DATEUPDATED) VALUES (8, 'frmLandingLandingMainMessages1PlaceHolder', 'fr', 11001, '', 1, 1, current_date, current_date);
INSERT INTO MESSAGERESOURCE(VIEWID, MESSAGEKEY, LOCALE, LOCALEREFERENCEID, MESSAGE, CREATEDBYID, UPDATEDBYID, DATECREATED, DATEUPDATED) VALUES (8, 'frmLandingLandingMainMessages1Message', 'de', 11002, 'Das Rote Kreuz Pfandregister ist ein Online- System, das Privatpersonen und Unternehmen , um Unterkunft, Waren und Dienstleistungen fr den Einsatz in Krisenzeiten verpfnden knnen . Bis jetzt hat das Rote Kreuz nicht in der Lage , um Spenden von Waren anzunehmen , da wir nicht ber die Einrichtungen , um sie zu speichern. Durch die Verwendung der Pfandregister , werden Sie unternehmen , um die Waren oder Dienstleistungen bereitstellt, und wenn sie gebraucht werden.', 1, 1, current_date, current_date);
INSERT INTO MESSAGERESOURCE(VIEWID, MESSAGEKEY, LOCALE, LOCALEREFERENCEID, MESSAGE, CREATEDBYID, UPDATEDBYID, DATECREATED, DATEUPDATED) VALUES (8, 'frmLandingLandingMainMessages1Label', 'de', 11002, 'Was ist der Pfandregister?', 1, 1, current_date, current_date);
INSERT INTO MESSAGERESOURCE(VIEWID, MESSAGEKEY, LOCALE, LOCALEREFERENCEID, MESSAGE, CREATEDBYID, UPDATEDBYID, DATECREATED, DATEUPDATED) VALUES (8, 'frmLandingLandingMainMessages1HelpBlock', 'de', 11002, '', 1, 1, current_date, current_date);
INSERT INTO MESSAGERESOURCE(VIEWID, MESSAGEKEY, LOCALE, LOCALEREFERENCEID, MESSAGE, CREATEDBYID, UPDATEDBYID, DATECREATED, DATEUPDATED) VALUES (8, 'frmLandingLandingMainMessages1PlaceHolder', 'de', 11002, '', 1, 1, current_date, current_date);
INSERT INTO MESSAGERESOURCE(VIEWID, MESSAGEKEY, LOCALE, LOCALEREFERENCEID, MESSAGE, CREATEDBYID, UPDATEDBYID, DATECREATED, DATEUPDATED) VALUES (8, 'frmLandingLandingMainMessages2Message', 'en', 11000, 'The Red Cross register of pledges allows The Red Cross to track the availability of accommodation, goods and services and to locate them when needed so that they be used or quickly dispatched to where they are required in a time of crisis.', 1, 1, current_date, current_date);
INSERT INTO MESSAGERESOURCE(VIEWID, MESSAGEKEY, LOCALE, LOCALEREFERENCEID, MESSAGE, CREATEDBYID, UPDATEDBYID, DATECREATED, DATEUPDATED) VALUES (8, 'frmLandingLandingMainMessages2Label', 'en', 11000, 'BENEFITS', 1, 1, current_date, current_date);
INSERT INTO MESSAGERESOURCE(VIEWID, MESSAGEKEY, LOCALE, LOCALEREFERENCEID, MESSAGE, CREATEDBYID, UPDATEDBYID, DATECREATED, DATEUPDATED) VALUES (8, 'frmLandingLandingMainMessages2HelpBlock', 'en', 11000, '', 1, 1, current_date, current_date);
INSERT INTO MESSAGERESOURCE(VIEWID, MESSAGEKEY, LOCALE, LOCALEREFERENCEID, MESSAGE, CREATEDBYID, UPDATEDBYID, DATECREATED, DATEUPDATED) VALUES (8, 'frmLandingLandingMainMessages2PlaceHolder', 'en', 11000, '', 1, 1, current_date, current_date);
INSERT INTO MESSAGERESOURCE(VIEWID, MESSAGEKEY, LOCALE, LOCALEREFERENCEID, MESSAGE, CREATEDBYID, UPDATEDBYID, DATECREATED, DATEUPDATED) VALUES (8, 'frmLandingLandingMainMessages2Message', 'fr', 11001, 'Le registre Croix-Rouge des engagements permet la Croix-Rouge pour suivre la disponibilit de l''hbergement, les biens et services et de les localiser en cas de besoin afin qu''ils soient utiliss ou rapidement achemins l o ils sont tenus dans un moment de crise.', 1, 1, current_date, current_date);
INSERT INTO MESSAGERESOURCE(VIEWID, MESSAGEKEY, LOCALE, LOCALEREFERENCEID, MESSAGE, CREATEDBYID, UPDATEDBYID, DATECREATED, DATEUPDATED) VALUES (8, 'frmLandingLandingMainMessages2Label', 'fr', 11001, 'Pourquoi avons-nous besoin?', 1, 1, current_date, current_date);
INSERT INTO MESSAGERESOURCE(VIEWID, MESSAGEKEY, LOCALE, LOCALEREFERENCEID, MESSAGE, CREATEDBYID, UPDATEDBYID, DATECREATED, DATEUPDATED) VALUES (8, 'frmLandingLandingMainMessages2HelpBlock', 'fr', 11001, '', 1, 1, current_date, current_date);
INSERT INTO MESSAGERESOURCE(VIEWID, MESSAGEKEY, LOCALE, LOCALEREFERENCEID, MESSAGE, CREATEDBYID, UPDATEDBYID, DATECREATED, DATEUPDATED) VALUES (8, 'frmLandingLandingMainMessages2PlaceHolder', 'fr', 11001, '', 1, 1, current_date, current_date);
INSERT INTO MESSAGERESOURCE(VIEWID, MESSAGEKEY, LOCALE, LOCALEREFERENCEID, MESSAGE, CREATEDBYID, UPDATEDBYID, DATECREATED, DATEUPDATED) VALUES (8, 'frmLandingLandingMainMessages2Message', 'de', 11002, 'Das Rote Kreuz Pfandregister ermglicht das Rote Kreuz , um die Verfgbarkeit der Unterkunft, Waren und Dienstleistungen zu verfolgen und sie , wenn ntig , so dass sie verwendet werden oder schnell auf , wo sie in einer Zeit der Krise erforderlich sind, versendet zu lokalisieren.', 1, 1, current_date, current_date);
INSERT INTO MESSAGERESOURCE(VIEWID, MESSAGEKEY, LOCALE, LOCALEREFERENCEID, MESSAGE, CREATEDBYID, UPDATEDBYID, DATECREATED, DATEUPDATED) VALUES (8, 'frmLandingLandingMainMessages2Label', 'de', 11002, 'Warum brauchen wir sie?', 1, 1, current_date, current_date);
INSERT INTO MESSAGERESOURCE(VIEWID, MESSAGEKEY, LOCALE, LOCALEREFERENCEID, MESSAGE, CREATEDBYID, UPDATEDBYID, DATECREATED, DATEUPDATED) VALUES (8, 'frmLandingLandingMainMessages2HelpBlock', 'de', 11002, '', 1, 1, current_date, current_date);
INSERT INTO MESSAGERESOURCE(VIEWID, MESSAGEKEY, LOCALE, LOCALEREFERENCEID, MESSAGE, CREATEDBYID, UPDATEDBYID, DATECREATED, DATEUPDATED) VALUES (8, 'frmLandingLandingMainMessages2PlaceHolder', 'de', 11002, '', 1, 1, current_date, current_date);
INSERT INTO VIEW(VIEWID, VIEWNAME, CREATEDBYID, UPDATEDBYID, DATECREATED, DATEUPDATED) VALUES (9, 'Page Administration', 1, 1, current_date, current_date);
INSERT INTO MESSAGERESOURCE(VIEWID, MESSAGEKEY, LOCALE, LOCALEREFERENCEID, MESSAGE, CREATEDBYID, UPDATEDBYID, DATECREATED, DATEUPDATED) VALUES (9, 'view.form.title', 'en', 11000, 'Page Administration', 1, 1, current_date, current_date);
INSERT INTO MESSAGERESOURCE(VIEWID, MESSAGEKEY, LOCALE, LOCALEREFERENCEID, MESSAGE, CREATEDBYID, UPDATEDBYID, DATECREATED, DATEUPDATED) VALUES (9, 'viewAddedSuccessMessage', 'en', 11000, 'A new record has been added.', 1, 1, current_date, current_date);
INSERT INTO MESSAGERESOURCE(VIEWID, MESSAGEKEY, LOCALE, LOCALEREFERENCEID, MESSAGE, CREATEDBYID, UPDATEDBYID, DATECREATED, DATEUPDATED) VALUES (9, 'viewUpdateSuccessMessage', 'en', 11000, 'The record has been updated.', 1, 1, current_date, current_date);
INSERT INTO MESSAGERESOURCE(VIEWID, MESSAGEKEY, LOCALE, LOCALEREFERENCEID, MESSAGE, CREATEDBYID, UPDATEDBYID, DATECREATED, DATEUPDATED) VALUES (9, 'viewUpdateIssueMessage', 'en', 11000, 'We could not update this record! We have highlighted the inputs that need your attention.', 1, 1, current_date, current_date);
INSERT INTO MESSAGERESOURCE(VIEWID, MESSAGEKEY, LOCALE, LOCALEREFERENCEID, MESSAGE, CREATEDBYID, UPDATEDBYID, DATECREATED, DATEUPDATED) VALUES (9, 'view.form.title', 'fr', 11001, 'Page Administration', 1, 1, current_date, current_date);
INSERT INTO MESSAGERESOURCE(VIEWID, MESSAGEKEY, LOCALE, LOCALEREFERENCEID, MESSAGE, CREATEDBYID, UPDATEDBYID, DATECREATED, DATEUPDATED) VALUES (9, 'viewAddedSuccessMessage', 'fr', 11001, 'A new record has been added.', 1, 1, current_date, current_date);
INSERT INTO MESSAGERESOURCE(VIEWID, MESSAGEKEY, LOCALE, LOCALEREFERENCEID, MESSAGE, CREATEDBYID, UPDATEDBYID, DATECREATED, DATEUPDATED) VALUES (9, 'viewUpdateSuccessMessage', 'fr', 11001, 'The record has been updated.', 1, 1, current_date, current_date);
INSERT INTO MESSAGERESOURCE(VIEWID, MESSAGEKEY, LOCALE, LOCALEREFERENCEID, MESSAGE, CREATEDBYID, UPDATEDBYID, DATECREATED, DATEUPDATED) VALUES (9, 'viewUpdateIssueMessage', 'fr', 11001, 'We could not update this record! We have highlighted the inputs that need your attention.', 1, 1, current_date, current_date);
INSERT INTO MESSAGERESOURCE(VIEWID, MESSAGEKEY, LOCALE, LOCALEREFERENCEID, MESSAGE, CREATEDBYID, UPDATEDBYID, DATECREATED, DATEUPDATED) VALUES (9, 'view.form.title', 'de', 11002, 'Seite Verwaltung', 1, 1, current_date, current_date);
INSERT INTO MESSAGERESOURCE(VIEWID, MESSAGEKEY, LOCALE, LOCALEREFERENCEID, MESSAGE, CREATEDBYID, UPDATEDBYID, DATECREATED, DATEUPDATED) VALUES (9, 'viewAddedSuccessMessage', 'de', 11002, 'A new record has been added.', 1, 1, current_date, current_date);
INSERT INTO MESSAGERESOURCE(VIEWID, MESSAGEKEY, LOCALE, LOCALEREFERENCEID, MESSAGE, CREATEDBYID, UPDATEDBYID, DATECREATED, DATEUPDATED) VALUES (9, 'viewUpdateSuccessMessage', 'de', 11002, 'The record has been updated.', 1, 1, current_date, current_date);
INSERT INTO MESSAGERESOURCE(VIEWID, MESSAGEKEY, LOCALE, LOCALEREFERENCEID, MESSAGE, CREATEDBYID, UPDATEDBYID, DATECREATED, DATEUPDATED) VALUES (9, 'viewUpdateIssueMessage', 'de', 11002, 'We could not update this record! We have highlighted the inputs that need your attention.', 1, 1, current_date, current_date);
INSERT INTO MESSAGERESOURCE(VIEWID, MESSAGEKEY, LOCALE, LOCALEREFERENCEID, MESSAGE, CREATEDBYID, UPDATEDBYID, DATECREATED, DATEUPDATED) VALUES (9, 'view.form.header', 'en', 11000, 'Page Administration', 1, 1, current_date, current_date);
INSERT INTO MESSAGERESOURCE(VIEWID, MESSAGEKEY, LOCALE, LOCALEREFERENCEID, MESSAGE, CREATEDBYID, UPDATEDBYID, DATECREATED, DATEUPDATED) VALUES (9, 'viewAddedSuccessMessage', 'en', 11000, 'A new record has been added.', 1, 1, current_date, current_date);
INSERT INTO MESSAGERESOURCE(VIEWID, MESSAGEKEY, LOCALE, LOCALEREFERENCEID, MESSAGE, CREATEDBYID, UPDATEDBYID, DATECREATED, DATEUPDATED) VALUES (9, 'viewUpdateSuccessMessage', 'en', 11000, 'The record has been updated.', 1, 1, current_date, current_date);
INSERT INTO MESSAGERESOURCE(VIEWID, MESSAGEKEY, LOCALE, LOCALEREFERENCEID, MESSAGE, CREATEDBYID, UPDATEDBYID, DATECREATED, DATEUPDATED) VALUES (9, 'viewUpdateIssueMessage', 'en', 11000, 'We could not update this record! We have highlighted the inputs that need your attention.', 1, 1, current_date, current_date);
INSERT INTO MESSAGERESOURCE(VIEWID, MESSAGEKEY, LOCALE, LOCALEREFERENCEID, MESSAGE, CREATEDBYID, UPDATEDBYID, DATECREATED, DATEUPDATED) VALUES (9, 'view.form.header', 'fr', 11001, 'Page Administration', 1, 1, current_date, current_date);
INSERT INTO MESSAGERESOURCE(VIEWID, MESSAGEKEY, LOCALE, LOCALEREFERENCEID, MESSAGE, CREATEDBYID, UPDATEDBYID, DATECREATED, DATEUPDATED) VALUES (9, 'viewAddedSuccessMessage', 'fr', 11001, 'A new record has been added.', 1, 1, current_date, current_date);
INSERT INTO MESSAGERESOURCE(VIEWID, MESSAGEKEY, LOCALE, LOCALEREFERENCEID, MESSAGE, CREATEDBYID, UPDATEDBYID, DATECREATED, DATEUPDATED) VALUES (9, 'viewUpdateSuccessMessage', 'fr', 11001, 'The record has been updated.', 1, 1, current_date, current_date);
INSERT INTO MESSAGERESOURCE(VIEWID, MESSAGEKEY, LOCALE, LOCALEREFERENCEID, MESSAGE, CREATEDBYID, UPDATEDBYID, DATECREATED, DATEUPDATED) VALUES (9, 'viewUpdateIssueMessage', 'fr', 11001, 'We could not update this record! We have highlighted the inputs that need your attention.', 1, 1, current_date, current_date);
INSERT INTO MESSAGERESOURCE(VIEWID, MESSAGEKEY, LOCALE, LOCALEREFERENCEID, MESSAGE, CREATEDBYID, UPDATEDBYID, DATECREATED, DATEUPDATED) VALUES (9, 'view.form.header', 'de', 11002, 'Seite Verwaltung', 1, 1, current_date, current_date);
INSERT INTO MESSAGERESOURCE(VIEWID, MESSAGEKEY, LOCALE, LOCALEREFERENCEID, MESSAGE, CREATEDBYID, UPDATEDBYID, DATECREATED, DATEUPDATED) VALUES (9, 'viewAddedSuccessMessage', 'de', 11002, 'A new record has been added.', 1, 1, current_date, current_date);
INSERT INTO MESSAGERESOURCE(VIEWID, MESSAGEKEY, LOCALE, LOCALEREFERENCEID, MESSAGE, CREATEDBYID, UPDATEDBYID, DATECREATED, DATEUPDATED) VALUES (9, 'viewUpdateSuccessMessage', 'de', 11002, 'The record has been updated.', 1, 1, current_date, current_date);
INSERT INTO MESSAGERESOURCE(VIEWID, MESSAGEKEY, LOCALE, LOCALEREFERENCEID, MESSAGE, CREATEDBYID, UPDATEDBYID, DATECREATED, DATEUPDATED) VALUES (9, 'viewUpdateIssueMessage', 'de', 11002, 'We could not update this record! We have highlighted the inputs that need your attention.', 1, 1, current_date, current_date);
INSERT INTO MESSAGERESOURCE(VIEWID, MESSAGEKEY, LOCALE, LOCALEREFERENCEID, MESSAGE, CREATEDBYID, UPDATEDBYID, DATECREATED, DATEUPDATED) VALUES (9, 'view.form.subheader', 'en', 11000, 'Please provide us with the following information', 1, 1, current_date, current_date);
INSERT INTO MESSAGERESOURCE(VIEWID, MESSAGEKEY, LOCALE, LOCALEREFERENCEID, MESSAGE, CREATEDBYID, UPDATEDBYID, DATECREATED, DATEUPDATED) VALUES (9, 'viewAddedSuccessMessage', 'en', 11000, 'A new record has been added.', 1, 1, current_date, current_date);
INSERT INTO MESSAGERESOURCE(VIEWID, MESSAGEKEY, LOCALE, LOCALEREFERENCEID, MESSAGE, CREATEDBYID, UPDATEDBYID, DATECREATED, DATEUPDATED) VALUES (9, 'viewUpdateSuccessMessage', 'en', 11000, 'The record has been updated.', 1, 1, current_date, current_date);
INSERT INTO MESSAGERESOURCE(VIEWID, MESSAGEKEY, LOCALE, LOCALEREFERENCEID, MESSAGE, CREATEDBYID, UPDATEDBYID, DATECREATED, DATEUPDATED) VALUES (9, 'viewUpdateIssueMessage', 'en', 11000, 'We could not update this record! We have highlighted the inputs that need your attention.', 1, 1, current_date, current_date);
INSERT INTO MESSAGERESOURCE(VIEWID, MESSAGEKEY, LOCALE, LOCALEREFERENCEID, MESSAGE, CREATEDBYID, UPDATEDBYID, DATECREATED, DATEUPDATED) VALUES (9, 'view.form.subheader', 'fr', 11001, 'S''il vous plat nous fournir les informations suivantes', 1, 1, current_date, current_date);
INSERT INTO MESSAGERESOURCE(VIEWID, MESSAGEKEY, LOCALE, LOCALEREFERENCEID, MESSAGE, CREATEDBYID, UPDATEDBYID, DATECREATED, DATEUPDATED) VALUES (9, 'viewAddedSuccessMessage', 'fr', 11001, 'A new record has been added.', 1, 1, current_date, current_date);
INSERT INTO MESSAGERESOURCE(VIEWID, MESSAGEKEY, LOCALE, LOCALEREFERENCEID, MESSAGE, CREATEDBYID, UPDATEDBYID, DATECREATED, DATEUPDATED) VALUES (9, 'viewUpdateSuccessMessage', 'fr', 11001, 'The record has been updated.', 1, 1, current_date, current_date);
INSERT INTO MESSAGERESOURCE(VIEWID, MESSAGEKEY, LOCALE, LOCALEREFERENCEID, MESSAGE, CREATEDBYID, UPDATEDBYID, DATECREATED, DATEUPDATED) VALUES (9, 'viewUpdateIssueMessage', 'fr', 11001, 'We could not update this record! We have highlighted the inputs that need your attention.', 1, 1, current_date, current_date);
INSERT INTO MESSAGERESOURCE(VIEWID, MESSAGEKEY, LOCALE, LOCALEREFERENCEID, MESSAGE, CREATEDBYID, UPDATEDBYID, DATECREATED, DATEUPDATED) VALUES (9, 'view.form.subheader', 'de', 11002, 'Bitte geben Sie die folgenden Informationen', 1, 1, current_date, current_date);
INSERT INTO MESSAGERESOURCE(VIEWID, MESSAGEKEY, LOCALE, LOCALEREFERENCEID, MESSAGE, CREATEDBYID, UPDATEDBYID, DATECREATED, DATEUPDATED) VALUES (9, 'viewAddedSuccessMessage', 'de', 11002, 'A new record has been added.', 1, 1, current_date, current_date);
INSERT INTO MESSAGERESOURCE(VIEWID, MESSAGEKEY, LOCALE, LOCALEREFERENCEID, MESSAGE, CREATEDBYID, UPDATEDBYID, DATECREATED, DATEUPDATED) VALUES (9, 'viewUpdateSuccessMessage', 'de', 11002, 'The record has been updated.', 1, 1, current_date, current_date);
INSERT INTO MESSAGERESOURCE(VIEWID, MESSAGEKEY, LOCALE, LOCALEREFERENCEID, MESSAGE, CREATEDBYID, UPDATEDBYID, DATECREATED, DATEUPDATED) VALUES (9, 'viewUpdateIssueMessage', 'de', 11002, 'We could not update this record! We have highlighted the inputs that need your attention.', 1, 1, current_date, current_date);
INSERT INTO MESSAGERESOURCE(VIEWID, MESSAGEKEY, LOCALE, LOCALEREFERENCEID, MESSAGE, CREATEDBYID, UPDATEDBYID, DATECREATED, DATEUPDATED) VALUES (9, 'frmViewViewNameLabel', 'en', 11000, 'View Name', 1, 1, current_date, current_date);
INSERT INTO MESSAGERESOURCE(VIEWID, MESSAGEKEY, LOCALE, LOCALEREFERENCEID, MESSAGE, CREATEDBYID, UPDATEDBYID, DATECREATED, DATEUPDATED) VALUES (9, 'frmViewViewNameHelpBlock', 'en', 11000, '', 1, 1, current_date, current_date);
INSERT INTO MESSAGERESOURCE(VIEWID, MESSAGEKEY, LOCALE, LOCALEREFERENCEID, MESSAGE, CREATEDBYID, UPDATEDBYID, DATECREATED, DATEUPDATED) VALUES (9, 'frmViewViewNamePlaceHolder', 'en', 11000, '', 1, 1, current_date, current_date);
INSERT INTO MESSAGERESOURCE(VIEWID, MESSAGEKEY, LOCALE, LOCALEREFERENCEID, MESSAGE, CREATEDBYID, UPDATEDBYID, DATECREATED, DATEUPDATED) VALUES (9, 'frmViewViewNameLabel', 'fr', 11001, 'View Name', 1, 1, current_date, current_date);
INSERT INTO MESSAGERESOURCE(VIEWID, MESSAGEKEY, LOCALE, LOCALEREFERENCEID, MESSAGE, CREATEDBYID, UPDATEDBYID, DATECREATED, DATEUPDATED) VALUES (9, 'frmViewViewNameHelpBlock', 'fr', 11001, '', 1, 1, current_date, current_date);
INSERT INTO MESSAGERESOURCE(VIEWID, MESSAGEKEY, LOCALE, LOCALEREFERENCEID, MESSAGE, CREATEDBYID, UPDATEDBYID, DATECREATED, DATEUPDATED) VALUES (9, 'frmViewViewNamePlaceHolder', 'fr', 11001, '', 1, 1, current_date, current_date);
INSERT INTO MESSAGERESOURCE(VIEWID, MESSAGEKEY, LOCALE, LOCALEREFERENCEID, MESSAGE, CREATEDBYID, UPDATEDBYID, DATECREATED, DATEUPDATED) VALUES (9, 'frmViewViewNameLabel', 'de', 11002, 'View Name', 1, 1, current_date, current_date);
INSERT INTO MESSAGERESOURCE(VIEWID, MESSAGEKEY, LOCALE, LOCALEREFERENCEID, MESSAGE, CREATEDBYID, UPDATEDBYID, DATECREATED, DATEUPDATED) VALUES (9, 'frmViewViewNameHelpBlock', 'de', 11002, '', 1, 1, current_date, current_date);
INSERT INTO MESSAGERESOURCE(VIEWID, MESSAGEKEY, LOCALE, LOCALEREFERENCEID, MESSAGE, CREATEDBYID, UPDATEDBYID, DATECREATED, DATEUPDATED) VALUES (9, 'frmViewViewNamePlaceHolder', 'de', 11002, '', 1, 1, current_date, current_date);
INSERT INTO MESSAGERESOURCE(VIEWID, MESSAGEKEY, LOCALE, LOCALEREFERENCEID, MESSAGE, CREATEDBYID, UPDATEDBYID, DATECREATED, DATEUPDATED) VALUES (9, 'frmViewMessageResourceLabel', 'en', 11000, 'Add Message', 1, 1, current_date, current_date);
INSERT INTO MESSAGERESOURCE(VIEWID, MESSAGEKEY, LOCALE, LOCALEREFERENCEID, MESSAGE, CREATEDBYID, UPDATEDBYID, DATECREATED, DATEUPDATED) VALUES (9, 'frmViewMessageResourceHelpBlock', 'en', 11000, '', 1, 1, current_date, current_date);
INSERT INTO MESSAGERESOURCE(VIEWID, MESSAGEKEY, LOCALE, LOCALEREFERENCEID, MESSAGE, CREATEDBYID, UPDATEDBYID, DATECREATED, DATEUPDATED) VALUES (9, 'frmViewMessageResourcePlaceHolder', 'en', 11000, '', 1, 1, current_date, current_date);
INSERT INTO MESSAGERESOURCE(VIEWID, MESSAGEKEY, LOCALE, LOCALEREFERENCEID, MESSAGE, CREATEDBYID, UPDATEDBYID, DATECREATED, DATEUPDATED) VALUES (9, 'frmViewSaveButtonLabel', 'en', 11000, 'Save', 1, 1, current_date, current_date);
INSERT INTO MESSAGERESOURCE(VIEWID, MESSAGEKEY, LOCALE, LOCALEREFERENCEID, MESSAGE, CREATEDBYID, UPDATEDBYID, DATECREATED, DATEUPDATED) VALUES (9, 'frmViewSaveButtonHelpBlock', 'en', 11000, '', 1, 1, current_date, current_date);
INSERT INTO MESSAGERESOURCE(VIEWID, MESSAGEKEY, LOCALE, LOCALEREFERENCEID, MESSAGE, CREATEDBYID, UPDATEDBYID, DATECREATED, DATEUPDATED) VALUES (9, 'frmViewSaveButtonPlaceHolder', 'en', 11000, '', 1, 1, current_date, current_date);
INSERT INTO MESSAGERESOURCE(VIEWID, MESSAGEKEY, LOCALE, LOCALEREFERENCEID, MESSAGE, CREATEDBYID, UPDATEDBYID, DATECREATED, DATEUPDATED) VALUES (9, 'frmViewSaveButtonLabel', 'fr', 11001, 'Enregistrer', 1, 1, current_date, current_date);
INSERT INTO MESSAGERESOURCE(VIEWID, MESSAGEKEY, LOCALE, LOCALEREFERENCEID, MESSAGE, CREATEDBYID, UPDATEDBYID, DATECREATED, DATEUPDATED) VALUES (9, 'frmViewSaveButtonHelpBlock', 'fr', 11001, '', 1, 1, current_date, current_date);
INSERT INTO MESSAGERESOURCE(VIEWID, MESSAGEKEY, LOCALE, LOCALEREFERENCEID, MESSAGE, CREATEDBYID, UPDATEDBYID, DATECREATED, DATEUPDATED) VALUES (9, 'frmViewSaveButtonPlaceHolder', 'fr', 11001, '', 1, 1, current_date, current_date);
INSERT INTO MESSAGERESOURCE(VIEWID, MESSAGEKEY, LOCALE, LOCALEREFERENCEID, MESSAGE, CREATEDBYID, UPDATEDBYID, DATECREATED, DATEUPDATED) VALUES (9, 'frmViewSaveButtonLabel', 'de', 11002, 'Rekord', 1, 1, current_date, current_date);
INSERT INTO MESSAGERESOURCE(VIEWID, MESSAGEKEY, LOCALE, LOCALEREFERENCEID, MESSAGE, CREATEDBYID, UPDATEDBYID, DATECREATED, DATEUPDATED) VALUES (9, 'frmViewSaveButtonHelpBlock', 'de', 11002, '', 1, 1, current_date, current_date);
INSERT INTO MESSAGERESOURCE(VIEWID, MESSAGEKEY, LOCALE, LOCALEREFERENCEID, MESSAGE, CREATEDBYID, UPDATEDBYID, DATECREATED, DATEUPDATED) VALUES (9, 'frmViewSaveButtonPlaceHolder', 'de', 11002, '', 1, 1, current_date, current_date);
INSERT INTO VIEW(VIEWID, VIEWNAME, CREATEDBYID, UPDATEDBYID, DATECREATED, DATEUPDATED) VALUES (10, 'Messages', 1, 1, current_date, current_date);
INSERT INTO MESSAGERESOURCE(VIEWID, MESSAGEKEY, LOCALE, LOCALEREFERENCEID, MESSAGE, CREATEDBYID, UPDATEDBYID, DATECREATED, DATEUPDATED) VALUES (10, 'messageresource.form.title', 'en', 11000, 'Messages', 1, 1, current_date, current_date);
INSERT INTO MESSAGERESOURCE(VIEWID, MESSAGEKEY, LOCALE, LOCALEREFERENCEID, MESSAGE, CREATEDBYID, UPDATEDBYID, DATECREATED, DATEUPDATED) VALUES (10, 'messageResourceAddedSuccessMessage', 'en', 11000, 'A new record has been added.', 1, 1, current_date, current_date);
INSERT INTO MESSAGERESOURCE(VIEWID, MESSAGEKEY, LOCALE, LOCALEREFERENCEID, MESSAGE, CREATEDBYID, UPDATEDBYID, DATECREATED, DATEUPDATED) VALUES (10, 'messageResourceUpdateSuccessMessage', 'en', 11000, 'The record has been updated.', 1, 1, current_date, current_date);
INSERT INTO MESSAGERESOURCE(VIEWID, MESSAGEKEY, LOCALE, LOCALEREFERENCEID, MESSAGE, CREATEDBYID, UPDATEDBYID, DATECREATED, DATEUPDATED) VALUES (10, 'messageResourceUpdateIssueMessage', 'en', 11000, 'We could not update this record! We have highlighted the inputs that need your attention.', 1, 1, current_date, current_date);
INSERT INTO MESSAGERESOURCE(VIEWID, MESSAGEKEY, LOCALE, LOCALEREFERENCEID, MESSAGE, CREATEDBYID, UPDATEDBYID, DATECREATED, DATEUPDATED) VALUES (10, 'messageresource.form.title', 'fr', 11001, 'Messages', 1, 1, current_date, current_date);
INSERT INTO MESSAGERESOURCE(VIEWID, MESSAGEKEY, LOCALE, LOCALEREFERENCEID, MESSAGE, CREATEDBYID, UPDATEDBYID, DATECREATED, DATEUPDATED) VALUES (10, 'messageResourceAddedSuccessMessage', 'fr', 11001, 'A new record has been added.', 1, 1, current_date, current_date);
INSERT INTO MESSAGERESOURCE(VIEWID, MESSAGEKEY, LOCALE, LOCALEREFERENCEID, MESSAGE, CREATEDBYID, UPDATEDBYID, DATECREATED, DATEUPDATED) VALUES (10, 'messageResourceUpdateSuccessMessage', 'fr', 11001, 'The record has been updated.', 1, 1, current_date, current_date);
INSERT INTO MESSAGERESOURCE(VIEWID, MESSAGEKEY, LOCALE, LOCALEREFERENCEID, MESSAGE, CREATEDBYID, UPDATEDBYID, DATECREATED, DATEUPDATED) VALUES (10, 'messageResourceUpdateIssueMessage', 'fr', 11001, 'We could not update this record! We have highlighted the inputs that need your attention.', 1, 1, current_date, current_date);
INSERT INTO MESSAGERESOURCE(VIEWID, MESSAGEKEY, LOCALE, LOCALEREFERENCEID, MESSAGE, CREATEDBYID, UPDATEDBYID, DATECREATED, DATEUPDATED) VALUES (10, 'messageresource.form.title', 'de', 11002, 'Nachrichten', 1, 1, current_date, current_date);
INSERT INTO MESSAGERESOURCE(VIEWID, MESSAGEKEY, LOCALE, LOCALEREFERENCEID, MESSAGE, CREATEDBYID, UPDATEDBYID, DATECREATED, DATEUPDATED) VALUES (10, 'messageResourceAddedSuccessMessage', 'de', 11002, 'A new record has been added.', 1, 1, current_date, current_date);
INSERT INTO MESSAGERESOURCE(VIEWID, MESSAGEKEY, LOCALE, LOCALEREFERENCEID, MESSAGE, CREATEDBYID, UPDATEDBYID, DATECREATED, DATEUPDATED) VALUES (10, 'messageResourceUpdateSuccessMessage', 'de', 11002, 'The record has been updated.', 1, 1, current_date, current_date);
INSERT INTO MESSAGERESOURCE(VIEWID, MESSAGEKEY, LOCALE, LOCALEREFERENCEID, MESSAGE, CREATEDBYID, UPDATEDBYID, DATECREATED, DATEUPDATED) VALUES (10, 'messageResourceUpdateIssueMessage', 'de', 11002, 'We could not update this record! We have highlighted the inputs that need your attention.', 1, 1, current_date, current_date);
INSERT INTO MESSAGERESOURCE(VIEWID, MESSAGEKEY, LOCALE, LOCALEREFERENCEID, MESSAGE, CREATEDBYID, UPDATEDBYID, DATECREATED, DATEUPDATED) VALUES (10, 'messageresource.form.header', 'en', 11000, 'Messages', 1, 1, current_date, current_date);
INSERT INTO MESSAGERESOURCE(VIEWID, MESSAGEKEY, LOCALE, LOCALEREFERENCEID, MESSAGE, CREATEDBYID, UPDATEDBYID, DATECREATED, DATEUPDATED) VALUES (10, 'messageResourceAddedSuccessMessage', 'en', 11000, 'A new record has been added.', 1, 1, current_date, current_date);
INSERT INTO MESSAGERESOURCE(VIEWID, MESSAGEKEY, LOCALE, LOCALEREFERENCEID, MESSAGE, CREATEDBYID, UPDATEDBYID, DATECREATED, DATEUPDATED) VALUES (10, 'messageResourceUpdateSuccessMessage', 'en', 11000, 'The record has been updated.', 1, 1, current_date, current_date);
INSERT INTO MESSAGERESOURCE(VIEWID, MESSAGEKEY, LOCALE, LOCALEREFERENCEID, MESSAGE, CREATEDBYID, UPDATEDBYID, DATECREATED, DATEUPDATED) VALUES (10, 'messageResourceUpdateIssueMessage', 'en', 11000, 'We could not update this record! We have highlighted the inputs that need your attention.', 1, 1, current_date, current_date);
INSERT INTO MESSAGERESOURCE(VIEWID, MESSAGEKEY, LOCALE, LOCALEREFERENCEID, MESSAGE, CREATEDBYID, UPDATEDBYID, DATECREATED, DATEUPDATED) VALUES (10, 'messageresource.form.header', 'fr', 11001, 'Messages', 1, 1, current_date, current_date);
INSERT INTO MESSAGERESOURCE(VIEWID, MESSAGEKEY, LOCALE, LOCALEREFERENCEID, MESSAGE, CREATEDBYID, UPDATEDBYID, DATECREATED, DATEUPDATED) VALUES (10, 'messageResourceAddedSuccessMessage', 'fr', 11001, 'A new record has been added.', 1, 1, current_date, current_date);
INSERT INTO MESSAGERESOURCE(VIEWID, MESSAGEKEY, LOCALE, LOCALEREFERENCEID, MESSAGE, CREATEDBYID, UPDATEDBYID, DATECREATED, DATEUPDATED) VALUES (10, 'messageResourceUpdateSuccessMessage', 'fr', 11001, 'The record has been updated.', 1, 1, current_date, current_date);
INSERT INTO MESSAGERESOURCE(VIEWID, MESSAGEKEY, LOCALE, LOCALEREFERENCEID, MESSAGE, CREATEDBYID, UPDATEDBYID, DATECREATED, DATEUPDATED) VALUES (10, 'messageResourceUpdateIssueMessage', 'fr', 11001, 'We could not update this record! We have highlighted the inputs that need your attention.', 1, 1, current_date, current_date);
INSERT INTO MESSAGERESOURCE(VIEWID, MESSAGEKEY, LOCALE, LOCALEREFERENCEID, MESSAGE, CREATEDBYID, UPDATEDBYID, DATECREATED, DATEUPDATED) VALUES (10, 'messageresource.form.header', 'de', 11002, 'Nachrichten', 1, 1, current_date, current_date);
INSERT INTO MESSAGERESOURCE(VIEWID, MESSAGEKEY, LOCALE, LOCALEREFERENCEID, MESSAGE, CREATEDBYID, UPDATEDBYID, DATECREATED, DATEUPDATED) VALUES (10, 'messageResourceAddedSuccessMessage', 'de', 11002, 'A new record has been added.', 1, 1, current_date, current_date);
INSERT INTO MESSAGERESOURCE(VIEWID, MESSAGEKEY, LOCALE, LOCALEREFERENCEID, MESSAGE, CREATEDBYID, UPDATEDBYID, DATECREATED, DATEUPDATED) VALUES (10, 'messageResourceUpdateSuccessMessage', 'de', 11002, 'The record has been updated.', 1, 1, current_date, current_date);
INSERT INTO MESSAGERESOURCE(VIEWID, MESSAGEKEY, LOCALE, LOCALEREFERENCEID, MESSAGE, CREATEDBYID, UPDATEDBYID, DATECREATED, DATEUPDATED) VALUES (10, 'messageResourceUpdateIssueMessage', 'de', 11002, 'We could not update this record! We have highlighted the inputs that need your attention.', 1, 1, current_date, current_date);
INSERT INTO MESSAGERESOURCE(VIEWID, MESSAGEKEY, LOCALE, LOCALEREFERENCEID, MESSAGE, CREATEDBYID, UPDATEDBYID, DATECREATED, DATEUPDATED) VALUES (10, 'messageresource.form.subheader', 'en', 11000, 'Please provide us with the following information', 1, 1, current_date, current_date);
INSERT INTO MESSAGERESOURCE(VIEWID, MESSAGEKEY, LOCALE, LOCALEREFERENCEID, MESSAGE, CREATEDBYID, UPDATEDBYID, DATECREATED, DATEUPDATED) VALUES (10, 'messageResourceAddedSuccessMessage', 'en', 11000, 'A new record has been added.', 1, 1, current_date, current_date);
INSERT INTO MESSAGERESOURCE(VIEWID, MESSAGEKEY, LOCALE, LOCALEREFERENCEID, MESSAGE, CREATEDBYID, UPDATEDBYID, DATECREATED, DATEUPDATED) VALUES (10, 'messageResourceUpdateSuccessMessage', 'en', 11000, 'The record has been updated.', 1, 1, current_date, current_date);
INSERT INTO MESSAGERESOURCE(VIEWID, MESSAGEKEY, LOCALE, LOCALEREFERENCEID, MESSAGE, CREATEDBYID, UPDATEDBYID, DATECREATED, DATEUPDATED) VALUES (10, 'messageResourceUpdateIssueMessage', 'en', 11000, 'We could not update this record! We have highlighted the inputs that need your attention.', 1, 1, current_date, current_date);
INSERT INTO MESSAGERESOURCE(VIEWID, MESSAGEKEY, LOCALE, LOCALEREFERENCEID, MESSAGE, CREATEDBYID, UPDATEDBYID, DATECREATED, DATEUPDATED) VALUES (10, 'messageresource.form.subheader', 'fr', 11001, 'S''il vous plat nous fournir les informations suivantes', 1, 1, current_date, current_date);
INSERT INTO MESSAGERESOURCE(VIEWID, MESSAGEKEY, LOCALE, LOCALEREFERENCEID, MESSAGE, CREATEDBYID, UPDATEDBYID, DATECREATED, DATEUPDATED) VALUES (10, 'messageResourceAddedSuccessMessage', 'fr', 11001, 'A new record has been added.', 1, 1, current_date, current_date);
INSERT INTO MESSAGERESOURCE(VIEWID, MESSAGEKEY, LOCALE, LOCALEREFERENCEID, MESSAGE, CREATEDBYID, UPDATEDBYID, DATECREATED, DATEUPDATED) VALUES (10, 'messageResourceUpdateSuccessMessage', 'fr', 11001, 'The record has been updated.', 1, 1, current_date, current_date);
INSERT INTO MESSAGERESOURCE(VIEWID, MESSAGEKEY, LOCALE, LOCALEREFERENCEID, MESSAGE, CREATEDBYID, UPDATEDBYID, DATECREATED, DATEUPDATED) VALUES (10, 'messageResourceUpdateIssueMessage', 'fr', 11001, 'We could not update this record! We have highlighted the inputs that need your attention.', 1, 1, current_date, current_date);
INSERT INTO MESSAGERESOURCE(VIEWID, MESSAGEKEY, LOCALE, LOCALEREFERENCEID, MESSAGE, CREATEDBYID, UPDATEDBYID, DATECREATED, DATEUPDATED) VALUES (10, 'messageresource.form.subheader', 'de', 11002, 'Bitte geben Sie die folgenden Informationen', 1, 1, current_date, current_date);
INSERT INTO MESSAGERESOURCE(VIEWID, MESSAGEKEY, LOCALE, LOCALEREFERENCEID, MESSAGE, CREATEDBYID, UPDATEDBYID, DATECREATED, DATEUPDATED) VALUES (10, 'messageResourceAddedSuccessMessage', 'de', 11002, 'A new record has been added.', 1, 1, current_date, current_date);
INSERT INTO MESSAGERESOURCE(VIEWID, MESSAGEKEY, LOCALE, LOCALEREFERENCEID, MESSAGE, CREATEDBYID, UPDATEDBYID, DATECREATED, DATEUPDATED) VALUES (10, 'messageResourceUpdateSuccessMessage', 'de', 11002, 'The record has been updated.', 1, 1, current_date, current_date);
INSERT INTO MESSAGERESOURCE(VIEWID, MESSAGEKEY, LOCALE, LOCALEREFERENCEID, MESSAGE, CREATEDBYID, UPDATEDBYID, DATECREATED, DATEUPDATED) VALUES (10, 'messageResourceUpdateIssueMessage', 'de', 11002, 'We could not update this record! We have highlighted the inputs that need your attention.', 1, 1, current_date, current_date);
INSERT INTO MESSAGERESOURCE(VIEWID, MESSAGEKEY, LOCALE, LOCALEREFERENCEID, MESSAGE, CREATEDBYID, UPDATEDBYID, DATECREATED, DATEUPDATED) VALUES (10, 'frmMessageResourceMessageKeyLabel', 'en', 11000, 'Message Key', 1, 1, current_date, current_date);
INSERT INTO MESSAGERESOURCE(VIEWID, MESSAGEKEY, LOCALE, LOCALEREFERENCEID, MESSAGE, CREATEDBYID, UPDATEDBYID, DATECREATED, DATEUPDATED) VALUES (10, 'frmMessageResourceMessageKeyHelpBlock', 'en', 11000, '', 1, 1, current_date, current_date);
INSERT INTO MESSAGERESOURCE(VIEWID, MESSAGEKEY, LOCALE, LOCALEREFERENCEID, MESSAGE, CREATEDBYID, UPDATEDBYID, DATECREATED, DATEUPDATED) VALUES (10, 'frmMessageResourceMessageKeyPlaceHolder', 'en', 11000, '', 1, 1, current_date, current_date);
INSERT INTO MESSAGERESOURCE(VIEWID, MESSAGEKEY, LOCALE, LOCALEREFERENCEID, MESSAGE, CREATEDBYID, UPDATEDBYID, DATECREATED, DATEUPDATED) VALUES (10, 'frmMessageResourceLocaleLabel', 'en', 11000, 'Locale', 1, 1, current_date, current_date);
INSERT INTO MESSAGERESOURCE(VIEWID, MESSAGEKEY, LOCALE, LOCALEREFERENCEID, MESSAGE, CREATEDBYID, UPDATEDBYID, DATECREATED, DATEUPDATED) VALUES (10, 'frmMessageResourceLocaleHelpBlock', 'en', 11000, '', 1, 1, current_date, current_date);
INSERT INTO MESSAGERESOURCE(VIEWID, MESSAGEKEY, LOCALE, LOCALEREFERENCEID, MESSAGE, CREATEDBYID, UPDATEDBYID, DATECREATED, DATEUPDATED) VALUES (10, 'frmMessageResourceLocalePlaceHolder', 'en', 11000, '', 1, 1, current_date, current_date);
INSERT INTO MESSAGERESOURCE(VIEWID, MESSAGEKEY, LOCALE, LOCALEREFERENCEID, MESSAGE, CREATEDBYID, UPDATEDBYID, DATECREATED, DATEUPDATED) VALUES (10, 'frmMessageResourceLocaleReferenceIdLabel', 'en', 11000, 'Reference Id', 1, 1, current_date, current_date);
INSERT INTO MESSAGERESOURCE(VIEWID, MESSAGEKEY, LOCALE, LOCALEREFERENCEID, MESSAGE, CREATEDBYID, UPDATEDBYID, DATECREATED, DATEUPDATED) VALUES (10, 'frmMessageResourceLocaleReferenceIdHelpBlock', 'en', 11000, 'Do not change this value', 1, 1, current_date, current_date);
INSERT INTO MESSAGERESOURCE(VIEWID, MESSAGEKEY, LOCALE, LOCALEREFERENCEID, MESSAGE, CREATEDBYID, UPDATEDBYID, DATECREATED, DATEUPDATED) VALUES (10, 'frmMessageResourceLocaleReferenceIdPlaceHolder', 'en', 11000, '', 1, 1, current_date, current_date);
INSERT INTO MESSAGERESOURCE(VIEWID, MESSAGEKEY, LOCALE, LOCALEREFERENCEID, MESSAGE, CREATEDBYID, UPDATEDBYID, DATECREATED, DATEUPDATED) VALUES (10, 'frmMessageResourceMessageLabel', 'en', 11000, 'Message', 1, 1, current_date, current_date);
INSERT INTO MESSAGERESOURCE(VIEWID, MESSAGEKEY, LOCALE, LOCALEREFERENCEID, MESSAGE, CREATEDBYID, UPDATEDBYID, DATECREATED, DATEUPDATED) VALUES (10, 'frmMessageResourceMessageHelpBlock', 'en', 11000, '', 1, 1, current_date, current_date);
INSERT INTO MESSAGERESOURCE(VIEWID, MESSAGEKEY, LOCALE, LOCALEREFERENCEID, MESSAGE, CREATEDBYID, UPDATEDBYID, DATECREATED, DATEUPDATED) VALUES (10, 'frmMessageResourceMessagePlaceHolder', 'en', 11000, '', 1, 1, current_date, current_date);
INSERT INTO MESSAGERESOURCE(VIEWID, MESSAGEKEY, LOCALE, LOCALEREFERENCEID, MESSAGE, CREATEDBYID, UPDATEDBYID, DATECREATED, DATEUPDATED) VALUES (10, 'frmMessageResourceSaveButtonLabel', 'en', 11000, 'Save', 1, 1, current_date, current_date);
INSERT INTO MESSAGERESOURCE(VIEWID, MESSAGEKEY, LOCALE, LOCALEREFERENCEID, MESSAGE, CREATEDBYID, UPDATEDBYID, DATECREATED, DATEUPDATED) VALUES (10, 'frmMessageResourceSaveButtonHelpBlock', 'en', 11000, '', 1, 1, current_date, current_date);
INSERT INTO MESSAGERESOURCE(VIEWID, MESSAGEKEY, LOCALE, LOCALEREFERENCEID, MESSAGE, CREATEDBYID, UPDATEDBYID, DATECREATED, DATEUPDATED) VALUES (10, 'frmMessageResourceSaveButtonPlaceHolder', 'en', 11000, '', 1, 1, current_date, current_date);
INSERT INTO MESSAGERESOURCE(VIEWID, MESSAGEKEY, LOCALE, LOCALEREFERENCEID, MESSAGE, CREATEDBYID, UPDATEDBYID, DATECREATED, DATEUPDATED) VALUES (10, 'frmMessageResourceSaveButtonLabel', 'fr', 11001, 'Enregistrer', 1, 1, current_date, current_date);
INSERT INTO MESSAGERESOURCE(VIEWID, MESSAGEKEY, LOCALE, LOCALEREFERENCEID, MESSAGE, CREATEDBYID, UPDATEDBYID, DATECREATED, DATEUPDATED) VALUES (10, 'frmMessageResourceSaveButtonHelpBlock', 'fr', 11001, '', 1, 1, current_date, current_date);
INSERT INTO MESSAGERESOURCE(VIEWID, MESSAGEKEY, LOCALE, LOCALEREFERENCEID, MESSAGE, CREATEDBYID, UPDATEDBYID, DATECREATED, DATEUPDATED) VALUES (10, 'frmMessageResourceSaveButtonPlaceHolder', 'fr', 11001, '', 1, 1, current_date, current_date);
INSERT INTO MESSAGERESOURCE(VIEWID, MESSAGEKEY, LOCALE, LOCALEREFERENCEID, MESSAGE, CREATEDBYID, UPDATEDBYID, DATECREATED, DATEUPDATED) VALUES (10, 'frmMessageResourceSaveButtonLabel', 'de', 11002, 'Rekord', 1, 1, current_date, current_date);
INSERT INTO MESSAGERESOURCE(VIEWID, MESSAGEKEY, LOCALE, LOCALEREFERENCEID, MESSAGE, CREATEDBYID, UPDATEDBYID, DATECREATED, DATEUPDATED) VALUES (10, 'frmMessageResourceSaveButtonHelpBlock', 'de', 11002, '', 1, 1, current_date, current_date);
INSERT INTO MESSAGERESOURCE(VIEWID, MESSAGEKEY, LOCALE, LOCALEREFERENCEID, MESSAGE, CREATEDBYID, UPDATEDBYID, DATECREATED, DATEUPDATED) VALUES (10, 'frmMessageResourceSaveButtonPlaceHolder', 'de', 11002, '', 1, 1, current_date, current_date);
INSERT INTO VIEW(VIEWID, VIEWNAME, CREATEDBYID, UPDATEDBYID, DATECREATED, DATEUPDATED) VALUES (11, 'User Details', 1, 1, current_date, current_date);
INSERT INTO MESSAGERESOURCE(VIEWID, MESSAGEKEY, LOCALE, LOCALEREFERENCEID, MESSAGE, CREATEDBYID, UPDATEDBYID, DATECREATED, DATEUPDATED) VALUES (11, 'applicationuser.form.title', 'en', 11000, 'User Details', 1, 1, current_date, current_date);
INSERT INTO MESSAGERESOURCE(VIEWID, MESSAGEKEY, LOCALE, LOCALEREFERENCEID, MESSAGE, CREATEDBYID, UPDATEDBYID, DATECREATED, DATEUPDATED) VALUES (11, 'applicationUserAddedSuccessMessage', 'en', 11000, 'A new record has been added.', 1, 1, current_date, current_date);
INSERT INTO MESSAGERESOURCE(VIEWID, MESSAGEKEY, LOCALE, LOCALEREFERENCEID, MESSAGE, CREATEDBYID, UPDATEDBYID, DATECREATED, DATEUPDATED) VALUES (11, 'applicationUserUpdateSuccessMessage', 'en', 11000, 'The record has been updated.', 1, 1, current_date, current_date);
INSERT INTO MESSAGERESOURCE(VIEWID, MESSAGEKEY, LOCALE, LOCALEREFERENCEID, MESSAGE, CREATEDBYID, UPDATEDBYID, DATECREATED, DATEUPDATED) VALUES (11, 'applicationUserUpdateIssueMessage', 'en', 11000, 'We could not update this record! We have highlighted the inputs that need your attention.', 1, 1, current_date, current_date);
INSERT INTO MESSAGERESOURCE(VIEWID, MESSAGEKEY, LOCALE, LOCALEREFERENCEID, MESSAGE, CREATEDBYID, UPDATEDBYID, DATECREATED, DATEUPDATED) VALUES (11, 'applicationuser.form.title', 'fr', 11001, 'Dtails de l''utilisateur', 1, 1, current_date, current_date);
INSERT INTO MESSAGERESOURCE(VIEWID, MESSAGEKEY, LOCALE, LOCALEREFERENCEID, MESSAGE, CREATEDBYID, UPDATEDBYID, DATECREATED, DATEUPDATED) VALUES (11, 'applicationUserAddedSuccessMessage', 'fr', 11001, 'A new record has been added.', 1, 1, current_date, current_date);
INSERT INTO MESSAGERESOURCE(VIEWID, MESSAGEKEY, LOCALE, LOCALEREFERENCEID, MESSAGE, CREATEDBYID, UPDATEDBYID, DATECREATED, DATEUPDATED) VALUES (11, 'applicationUserUpdateSuccessMessage', 'fr', 11001, 'The record has been updated.', 1, 1, current_date, current_date);
INSERT INTO MESSAGERESOURCE(VIEWID, MESSAGEKEY, LOCALE, LOCALEREFERENCEID, MESSAGE, CREATEDBYID, UPDATEDBYID, DATECREATED, DATEUPDATED) VALUES (11, 'applicationUserUpdateIssueMessage', 'fr', 11001, 'We could not update this record! We have highlighted the inputs that need your attention.', 1, 1, current_date, current_date);
INSERT INTO MESSAGERESOURCE(VIEWID, MESSAGEKEY, LOCALE, LOCALEREFERENCEID, MESSAGE, CREATEDBYID, UPDATEDBYID, DATECREATED, DATEUPDATED) VALUES (11, 'applicationuser.form.title', 'de', 11002, 'Benutzerdetails', 1, 1, current_date, current_date);
INSERT INTO MESSAGERESOURCE(VIEWID, MESSAGEKEY, LOCALE, LOCALEREFERENCEID, MESSAGE, CREATEDBYID, UPDATEDBYID, DATECREATED, DATEUPDATED) VALUES (11, 'applicationUserAddedSuccessMessage', 'de', 11002, 'A new record has been added.', 1, 1, current_date, current_date);
INSERT INTO MESSAGERESOURCE(VIEWID, MESSAGEKEY, LOCALE, LOCALEREFERENCEID, MESSAGE, CREATEDBYID, UPDATEDBYID, DATECREATED, DATEUPDATED) VALUES (11, 'applicationUserUpdateSuccessMessage', 'de', 11002, 'The record has been updated.', 1, 1, current_date, current_date);
INSERT INTO MESSAGERESOURCE(VIEWID, MESSAGEKEY, LOCALE, LOCALEREFERENCEID, MESSAGE, CREATEDBYID, UPDATEDBYID, DATECREATED, DATEUPDATED) VALUES (11, 'applicationUserUpdateIssueMessage', 'de', 11002, 'We could not update this record! We have highlighted the inputs that need your attention.', 1, 1, current_date, current_date);
INSERT INTO MESSAGERESOURCE(VIEWID, MESSAGEKEY, LOCALE, LOCALEREFERENCEID, MESSAGE, CREATEDBYID, UPDATEDBYID, DATECREATED, DATEUPDATED) VALUES (11, 'applicationuser.form.header', 'en', 11000, 'User Details', 1, 1, current_date, current_date);
INSERT INTO MESSAGERESOURCE(VIEWID, MESSAGEKEY, LOCALE, LOCALEREFERENCEID, MESSAGE, CREATEDBYID, UPDATEDBYID, DATECREATED, DATEUPDATED) VALUES (11, 'applicationUserAddedSuccessMessage', 'en', 11000, 'A new record has been added.', 1, 1, current_date, current_date);
INSERT INTO MESSAGERESOURCE(VIEWID, MESSAGEKEY, LOCALE, LOCALEREFERENCEID, MESSAGE, CREATEDBYID, UPDATEDBYID, DATECREATED, DATEUPDATED) VALUES (11, 'applicationUserUpdateSuccessMessage', 'en', 11000, 'The record has been updated.', 1, 1, current_date, current_date);
INSERT INTO MESSAGERESOURCE(VIEWID, MESSAGEKEY, LOCALE, LOCALEREFERENCEID, MESSAGE, CREATEDBYID, UPDATEDBYID, DATECREATED, DATEUPDATED) VALUES (11, 'applicationUserUpdateIssueMessage', 'en', 11000, 'We could not update this record! We have highlighted the inputs that need your attention.', 1, 1, current_date, current_date);
INSERT INTO MESSAGERESOURCE(VIEWID, MESSAGEKEY, LOCALE, LOCALEREFERENCEID, MESSAGE, CREATEDBYID, UPDATEDBYID, DATECREATED, DATEUPDATED) VALUES (11, 'applicationuser.form.header', 'fr', 11001, 'Dtails de l''utilisateur', 1, 1, current_date, current_date);
INSERT INTO MESSAGERESOURCE(VIEWID, MESSAGEKEY, LOCALE, LOCALEREFERENCEID, MESSAGE, CREATEDBYID, UPDATEDBYID, DATECREATED, DATEUPDATED) VALUES (11, 'applicationUserAddedSuccessMessage', 'fr', 11001, 'A new record has been added.', 1, 1, current_date, current_date);
INSERT INTO MESSAGERESOURCE(VIEWID, MESSAGEKEY, LOCALE, LOCALEREFERENCEID, MESSAGE, CREATEDBYID, UPDATEDBYID, DATECREATED, DATEUPDATED) VALUES (11, 'applicationUserUpdateSuccessMessage', 'fr', 11001, 'The record has been updated.', 1, 1, current_date, current_date);
INSERT INTO MESSAGERESOURCE(VIEWID, MESSAGEKEY, LOCALE, LOCALEREFERENCEID, MESSAGE, CREATEDBYID, UPDATEDBYID, DATECREATED, DATEUPDATED) VALUES (11, 'applicationUserUpdateIssueMessage', 'fr', 11001, 'We could not update this record! We have highlighted the inputs that need your attention.', 1, 1, current_date, current_date);
INSERT INTO MESSAGERESOURCE(VIEWID, MESSAGEKEY, LOCALE, LOCALEREFERENCEID, MESSAGE, CREATEDBYID, UPDATEDBYID, DATECREATED, DATEUPDATED) VALUES (11, 'applicationuser.form.header', 'de', 11002, 'Benutzerdetails', 1, 1, current_date, current_date);
INSERT INTO MESSAGERESOURCE(VIEWID, MESSAGEKEY, LOCALE, LOCALEREFERENCEID, MESSAGE, CREATEDBYID, UPDATEDBYID, DATECREATED, DATEUPDATED) VALUES (11, 'applicationUserAddedSuccessMessage', 'de', 11002, 'A new record has been added.', 1, 1, current_date, current_date);
INSERT INTO MESSAGERESOURCE(VIEWID, MESSAGEKEY, LOCALE, LOCALEREFERENCEID, MESSAGE, CREATEDBYID, UPDATEDBYID, DATECREATED, DATEUPDATED) VALUES (11, 'applicationUserUpdateSuccessMessage', 'de', 11002, 'The record has been updated.', 1, 1, current_date, current_date);
INSERT INTO MESSAGERESOURCE(VIEWID, MESSAGEKEY, LOCALE, LOCALEREFERENCEID, MESSAGE, CREATEDBYID, UPDATEDBYID, DATECREATED, DATEUPDATED) VALUES (11, 'applicationUserUpdateIssueMessage', 'de', 11002, 'We could not update this record! We have highlighted the inputs that need your attention.', 1, 1, current_date, current_date);
INSERT INTO MESSAGERESOURCE(VIEWID, MESSAGEKEY, LOCALE, LOCALEREFERENCEID, MESSAGE, CREATEDBYID, UPDATEDBYID, DATECREATED, DATEUPDATED) VALUES (11, 'applicationuser.form.subheader', 'en', 11000, 'Please provide us with the following information', 1, 1, current_date, current_date);
INSERT INTO MESSAGERESOURCE(VIEWID, MESSAGEKEY, LOCALE, LOCALEREFERENCEID, MESSAGE, CREATEDBYID, UPDATEDBYID, DATECREATED, DATEUPDATED) VALUES (11, 'applicationUserAddedSuccessMessage', 'en', 11000, 'A new record has been added.', 1, 1, current_date, current_date);
INSERT INTO MESSAGERESOURCE(VIEWID, MESSAGEKEY, LOCALE, LOCALEREFERENCEID, MESSAGE, CREATEDBYID, UPDATEDBYID, DATECREATED, DATEUPDATED) VALUES (11, 'applicationUserUpdateSuccessMessage', 'en', 11000, 'The record has been updated.', 1, 1, current_date, current_date);
INSERT INTO MESSAGERESOURCE(VIEWID, MESSAGEKEY, LOCALE, LOCALEREFERENCEID, MESSAGE, CREATEDBYID, UPDATEDBYID, DATECREATED, DATEUPDATED) VALUES (11, 'applicationUserUpdateIssueMessage', 'en', 11000, 'We could not update this record! We have highlighted the inputs that need your attention.', 1, 1, current_date, current_date);
INSERT INTO MESSAGERESOURCE(VIEWID, MESSAGEKEY, LOCALE, LOCALEREFERENCEID, MESSAGE, CREATEDBYID, UPDATEDBYID, DATECREATED, DATEUPDATED) VALUES (11, 'applicationuser.form.subheader', 'fr', 11001, 'S''il vous plat nous fournir les informations suivantes', 1, 1, current_date, current_date);
INSERT INTO MESSAGERESOURCE(VIEWID, MESSAGEKEY, LOCALE, LOCALEREFERENCEID, MESSAGE, CREATEDBYID, UPDATEDBYID, DATECREATED, DATEUPDATED) VALUES (11, 'applicationUserAddedSuccessMessage', 'fr', 11001, 'A new record has been added.', 1, 1, current_date, current_date);
INSERT INTO MESSAGERESOURCE(VIEWID, MESSAGEKEY, LOCALE, LOCALEREFERENCEID, MESSAGE, CREATEDBYID, UPDATEDBYID, DATECREATED, DATEUPDATED) VALUES (11, 'applicationUserUpdateSuccessMessage', 'fr', 11001, 'The record has been updated.', 1, 1, current_date, current_date);
INSERT INTO MESSAGERESOURCE(VIEWID, MESSAGEKEY, LOCALE, LOCALEREFERENCEID, MESSAGE, CREATEDBYID, UPDATEDBYID, DATECREATED, DATEUPDATED) VALUES (11, 'applicationUserUpdateIssueMessage', 'fr', 11001, 'We could not update this record! We have highlighted the inputs that need your attention.', 1, 1, current_date, current_date);
INSERT INTO MESSAGERESOURCE(VIEWID, MESSAGEKEY, LOCALE, LOCALEREFERENCEID, MESSAGE, CREATEDBYID, UPDATEDBYID, DATECREATED, DATEUPDATED) VALUES (11, 'applicationuser.form.subheader', 'de', 11002, 'Bitte geben Sie die folgenden Informationen', 1, 1, current_date, current_date);
INSERT INTO MESSAGERESOURCE(VIEWID, MESSAGEKEY, LOCALE, LOCALEREFERENCEID, MESSAGE, CREATEDBYID, UPDATEDBYID, DATECREATED, DATEUPDATED) VALUES (11, 'applicationUserAddedSuccessMessage', 'de', 11002, 'A new record has been added.', 1, 1, current_date, current_date);
INSERT INTO MESSAGERESOURCE(VIEWID, MESSAGEKEY, LOCALE, LOCALEREFERENCEID, MESSAGE, CREATEDBYID, UPDATEDBYID, DATECREATED, DATEUPDATED) VALUES (11, 'applicationUserUpdateSuccessMessage', 'de', 11002, 'The record has been updated.', 1, 1, current_date, current_date);
INSERT INTO MESSAGERESOURCE(VIEWID, MESSAGEKEY, LOCALE, LOCALEREFERENCEID, MESSAGE, CREATEDBYID, UPDATEDBYID, DATECREATED, DATEUPDATED) VALUES (11, 'applicationUserUpdateIssueMessage', 'de', 11002, 'We could not update this record! We have highlighted the inputs that need your attention.', 1, 1, current_date, current_date);
INSERT INTO MESSAGERESOURCE(VIEWID, MESSAGEKEY, LOCALE, LOCALEREFERENCEID, MESSAGE, CREATEDBYID, UPDATEDBYID, DATECREATED, DATEUPDATED) VALUES (11, 'frmApplicationUserUsernameLabel', 'en', 11000, 'Email Address', 1, 1, current_date, current_date);
INSERT INTO MESSAGERESOURCE(VIEWID, MESSAGEKEY, LOCALE, LOCALEREFERENCEID, MESSAGE, CREATEDBYID, UPDATEDBYID, DATECREATED, DATEUPDATED) VALUES (11, 'frmApplicationUserUsernameHelpBlock', 'en', 11000, '', 1, 1, current_date, current_date);
INSERT INTO MESSAGERESOURCE(VIEWID, MESSAGEKEY, LOCALE, LOCALEREFERENCEID, MESSAGE, CREATEDBYID, UPDATEDBYID, DATECREATED, DATEUPDATED) VALUES (11, 'frmApplicationUserUsernamePlaceHolder', 'en', 11000, '', 1, 1, current_date, current_date);
INSERT INTO MESSAGERESOURCE(VIEWID, MESSAGEKEY, LOCALE, LOCALEREFERENCEID, MESSAGE, CREATEDBYID, UPDATEDBYID, DATECREATED, DATEUPDATED) VALUES (11, 'frmApplicationUserUsernameLabel', 'fr', 11001, 'Adresse e-mail', 1, 1, current_date, current_date);
INSERT INTO MESSAGERESOURCE(VIEWID, MESSAGEKEY, LOCALE, LOCALEREFERENCEID, MESSAGE, CREATEDBYID, UPDATEDBYID, DATECREATED, DATEUPDATED) VALUES (11, 'frmApplicationUserUsernameHelpBlock', 'fr', 11001, '', 1, 1, current_date, current_date);
INSERT INTO MESSAGERESOURCE(VIEWID, MESSAGEKEY, LOCALE, LOCALEREFERENCEID, MESSAGE, CREATEDBYID, UPDATEDBYID, DATECREATED, DATEUPDATED) VALUES (11, 'frmApplicationUserUsernamePlaceHolder', 'fr', 11001, '', 1, 1, current_date, current_date);
INSERT INTO MESSAGERESOURCE(VIEWID, MESSAGEKEY, LOCALE, LOCALEREFERENCEID, MESSAGE, CREATEDBYID, UPDATEDBYID, DATECREATED, DATEUPDATED) VALUES (11, 'frmApplicationUserUsernameLabel', 'de', 11002, 'E-Mail-Addresse', 1, 1, current_date, current_date);
INSERT INTO MESSAGERESOURCE(VIEWID, MESSAGEKEY, LOCALE, LOCALEREFERENCEID, MESSAGE, CREATEDBYID, UPDATEDBYID, DATECREATED, DATEUPDATED) VALUES (11, 'frmApplicationUserUsernameHelpBlock', 'de', 11002, '', 1, 1, current_date, current_date);
INSERT INTO MESSAGERESOURCE(VIEWID, MESSAGEKEY, LOCALE, LOCALEREFERENCEID, MESSAGE, CREATEDBYID, UPDATEDBYID, DATECREATED, DATEUPDATED) VALUES (11, 'frmApplicationUserUsernamePlaceHolder', 'de', 11002, '', 1, 1, current_date, current_date);
INSERT INTO MESSAGERESOURCE(VIEWID, MESSAGEKEY, LOCALE, LOCALEREFERENCEID, MESSAGE, CREATEDBYID, UPDATEDBYID, DATECREATED, DATEUPDATED) VALUES (11, 'frmApplicationUserPasswordLabel', 'en', 11000, 'Password', 1, 1, current_date, current_date);
INSERT INTO MESSAGERESOURCE(VIEWID, MESSAGEKEY, LOCALE, LOCALEREFERENCEID, MESSAGE, CREATEDBYID, UPDATEDBYID, DATECREATED, DATEUPDATED) VALUES (11, 'frmApplicationUserPasswordHelpBlock', 'en', 11000, '', 1, 1, current_date, current_date);
INSERT INTO MESSAGERESOURCE(VIEWID, MESSAGEKEY, LOCALE, LOCALEREFERENCEID, MESSAGE, CREATEDBYID, UPDATEDBYID, DATECREATED, DATEUPDATED) VALUES (11, 'frmApplicationUserPasswordPlaceHolder', 'en', 11000, '', 1, 1, current_date, current_date);
INSERT INTO MESSAGERESOURCE(VIEWID, MESSAGEKEY, LOCALE, LOCALEREFERENCEID, MESSAGE, CREATEDBYID, UPDATEDBYID, DATECREATED, DATEUPDATED) VALUES (11, 'frmApplicationUserPasswordLabel', 'fr', 11001, 'Mot de passe', 1, 1, current_date, current_date);
INSERT INTO MESSAGERESOURCE(VIEWID, MESSAGEKEY, LOCALE, LOCALEREFERENCEID, MESSAGE, CREATEDBYID, UPDATEDBYID, DATECREATED, DATEUPDATED) VALUES (11, 'frmApplicationUserPasswordHelpBlock', 'fr', 11001, '', 1, 1, current_date, current_date);
INSERT INTO MESSAGERESOURCE(VIEWID, MESSAGEKEY, LOCALE, LOCALEREFERENCEID, MESSAGE, CREATEDBYID, UPDATEDBYID, DATECREATED, DATEUPDATED) VALUES (11, 'frmApplicationUserPasswordPlaceHolder', 'fr', 11001, '', 1, 1, current_date, current_date);
INSERT INTO MESSAGERESOURCE(VIEWID, MESSAGEKEY, LOCALE, LOCALEREFERENCEID, MESSAGE, CREATEDBYID, UPDATEDBYID, DATECREATED, DATEUPDATED) VALUES (11, 'frmApplicationUserPasswordLabel', 'de', 11002, 'Passwort', 1, 1, current_date, current_date);
INSERT INTO MESSAGERESOURCE(VIEWID, MESSAGEKEY, LOCALE, LOCALEREFERENCEID, MESSAGE, CREATEDBYID, UPDATEDBYID, DATECREATED, DATEUPDATED) VALUES (11, 'frmApplicationUserPasswordHelpBlock', 'de', 11002, '', 1, 1, current_date, current_date);
INSERT INTO MESSAGERESOURCE(VIEWID, MESSAGEKEY, LOCALE, LOCALEREFERENCEID, MESSAGE, CREATEDBYID, UPDATEDBYID, DATECREATED, DATEUPDATED) VALUES (11, 'frmApplicationUserPasswordPlaceHolder', 'de', 11002, '', 1, 1, current_date, current_date);
INSERT INTO MESSAGERESOURCE(VIEWID, MESSAGEKEY, LOCALE, LOCALEREFERENCEID, MESSAGE, CREATEDBYID, UPDATEDBYID, DATECREATED, DATEUPDATED) VALUES (11, 'frmApplicationUserEnabledLabel', 'en', 11000, 'User Enabled', 1, 1, current_date, current_date);
INSERT INTO MESSAGERESOURCE(VIEWID, MESSAGEKEY, LOCALE, LOCALEREFERENCEID, MESSAGE, CREATEDBYID, UPDATEDBYID, DATECREATED, DATEUPDATED) VALUES (11, 'frmApplicationUserEnabledHelpBlock', 'en', 11000, '', 1, 1, current_date, current_date);
INSERT INTO MESSAGERESOURCE(VIEWID, MESSAGEKEY, LOCALE, LOCALEREFERENCEID, MESSAGE, CREATEDBYID, UPDATEDBYID, DATECREATED, DATEUPDATED) VALUES (11, 'frmApplicationUserEnabledPlaceHolder', 'en', 11000, '', 1, 1, current_date, current_date);
INSERT INTO MESSAGERESOURCE(VIEWID, MESSAGEKEY, LOCALE, LOCALEREFERENCEID, MESSAGE, CREATEDBYID, UPDATEDBYID, DATECREATED, DATEUPDATED) VALUES (11, 'frmApplicationUserUserRolesLabel', 'en', 11000, 'User Roles', 1, 1, current_date, current_date);
INSERT INTO MESSAGERESOURCE(VIEWID, MESSAGEKEY, LOCALE, LOCALEREFERENCEID, MESSAGE, CREATEDBYID, UPDATEDBYID, DATECREATED, DATEUPDATED) VALUES (11, 'frmApplicationUserUserRolesHelpBlock', 'en', 11000, '', 1, 1, current_date, current_date);
INSERT INTO MESSAGERESOURCE(VIEWID, MESSAGEKEY, LOCALE, LOCALEREFERENCEID, MESSAGE, CREATEDBYID, UPDATEDBYID, DATECREATED, DATEUPDATED) VALUES (11, 'frmApplicationUserUserRolesPlaceHolder', 'en', 11000, '', 1, 1, current_date, current_date);
INSERT INTO MESSAGERESOURCE(VIEWID, MESSAGEKEY, LOCALE, LOCALEREFERENCEID, MESSAGE, CREATEDBYID, UPDATEDBYID, DATECREATED, DATEUPDATED) VALUES (11, 'frmApplicationUserSaveButtonLabel', 'en', 11000, 'Save', 1, 1, current_date, current_date);
INSERT INTO MESSAGERESOURCE(VIEWID, MESSAGEKEY, LOCALE, LOCALEREFERENCEID, MESSAGE, CREATEDBYID, UPDATEDBYID, DATECREATED, DATEUPDATED) VALUES (11, 'frmApplicationUserSaveButtonHelpBlock', 'en', 11000, '', 1, 1, current_date, current_date);
INSERT INTO MESSAGERESOURCE(VIEWID, MESSAGEKEY, LOCALE, LOCALEREFERENCEID, MESSAGE, CREATEDBYID, UPDATEDBYID, DATECREATED, DATEUPDATED) VALUES (11, 'frmApplicationUserSaveButtonPlaceHolder', 'en', 11000, '', 1, 1, current_date, current_date);
INSERT INTO MESSAGERESOURCE(VIEWID, MESSAGEKEY, LOCALE, LOCALEREFERENCEID, MESSAGE, CREATEDBYID, UPDATEDBYID, DATECREATED, DATEUPDATED) VALUES (11, 'frmApplicationUserSaveButtonLabel', 'fr', 11001, 'Enregistrer', 1, 1, current_date, current_date);
INSERT INTO MESSAGERESOURCE(VIEWID, MESSAGEKEY, LOCALE, LOCALEREFERENCEID, MESSAGE, CREATEDBYID, UPDATEDBYID, DATECREATED, DATEUPDATED) VALUES (11, 'frmApplicationUserSaveButtonHelpBlock', 'fr', 11001, '', 1, 1, current_date, current_date);
INSERT INTO MESSAGERESOURCE(VIEWID, MESSAGEKEY, LOCALE, LOCALEREFERENCEID, MESSAGE, CREATEDBYID, UPDATEDBYID, DATECREATED, DATEUPDATED) VALUES (11, 'frmApplicationUserSaveButtonPlaceHolder', 'fr', 11001, '', 1, 1, current_date, current_date);
INSERT INTO MESSAGERESOURCE(VIEWID, MESSAGEKEY, LOCALE, LOCALEREFERENCEID, MESSAGE, CREATEDBYID, UPDATEDBYID, DATECREATED, DATEUPDATED) VALUES (11, 'frmApplicationUserSaveButtonLabel', 'de', 11002, 'Rekord', 1, 1, current_date, current_date);
INSERT INTO MESSAGERESOURCE(VIEWID, MESSAGEKEY, LOCALE, LOCALEREFERENCEID, MESSAGE, CREATEDBYID, UPDATEDBYID, DATECREATED, DATEUPDATED) VALUES (11, 'frmApplicationUserSaveButtonHelpBlock', 'de', 11002, '', 1, 1, current_date, current_date);
INSERT INTO MESSAGERESOURCE(VIEWID, MESSAGEKEY, LOCALE, LOCALEREFERENCEID, MESSAGE, CREATEDBYID, UPDATEDBYID, DATECREATED, DATEUPDATED) VALUES (11, 'frmApplicationUserSaveButtonPlaceHolder', 'de', 11002, '', 1, 1, current_date, current_date);
INSERT INTO VIEW(VIEWID, VIEWNAME, CREATEDBYID, UPDATEDBYID, DATECREATED, DATEUPDATED) VALUES (12, 'About You', 1, 1, current_date, current_date);
INSERT INTO MESSAGERESOURCE(VIEWID, MESSAGEKEY, LOCALE, LOCALEREFERENCEID, MESSAGE, CREATEDBYID, UPDATEDBYID, DATECREATED, DATEUPDATED) VALUES (12, 'applicationuserdetails.form.title', 'en', 11000, 'About You', 1, 1, current_date, current_date);
INSERT INTO MESSAGERESOURCE(VIEWID, MESSAGEKEY, LOCALE, LOCALEREFERENCEID, MESSAGE, CREATEDBYID, UPDATEDBYID, DATECREATED, DATEUPDATED) VALUES (12, 'applicationUserDetailsAddedSuccessMessage', 'en', 11000, 'A new record has been added.', 1, 1, current_date, current_date);
INSERT INTO MESSAGERESOURCE(VIEWID, MESSAGEKEY, LOCALE, LOCALEREFERENCEID, MESSAGE, CREATEDBYID, UPDATEDBYID, DATECREATED, DATEUPDATED) VALUES (12, 'applicationUserDetailsUpdateSuccessMessage', 'en', 11000, 'The record has been updated.', 1, 1, current_date, current_date);
INSERT INTO MESSAGERESOURCE(VIEWID, MESSAGEKEY, LOCALE, LOCALEREFERENCEID, MESSAGE, CREATEDBYID, UPDATEDBYID, DATECREATED, DATEUPDATED) VALUES (12, 'applicationUserDetailsUpdateIssueMessage', 'en', 11000, 'We could not update this record! We have highlighted the inputs that need your attention.', 1, 1, current_date, current_date);
INSERT INTO MESSAGERESOURCE(VIEWID, MESSAGEKEY, LOCALE, LOCALEREFERENCEID, MESSAGE, CREATEDBYID, UPDATEDBYID, DATECREATED, DATEUPDATED) VALUES (12, 'applicationuserdetails.form.title', 'fr', 11001, 'Au propos de vous', 1, 1, current_date, current_date);
INSERT INTO MESSAGERESOURCE(VIEWID, MESSAGEKEY, LOCALE, LOCALEREFERENCEID, MESSAGE, CREATEDBYID, UPDATEDBYID, DATECREATED, DATEUPDATED) VALUES (12, 'applicationUserDetailsAddedSuccessMessage', 'fr', 11001, 'A new record has been added.', 1, 1, current_date, current_date);
INSERT INTO MESSAGERESOURCE(VIEWID, MESSAGEKEY, LOCALE, LOCALEREFERENCEID, MESSAGE, CREATEDBYID, UPDATEDBYID, DATECREATED, DATEUPDATED) VALUES (12, 'applicationUserDetailsUpdateSuccessMessage', 'fr', 11001, 'The record has been updated.', 1, 1, current_date, current_date);
INSERT INTO MESSAGERESOURCE(VIEWID, MESSAGEKEY, LOCALE, LOCALEREFERENCEID, MESSAGE, CREATEDBYID, UPDATEDBYID, DATECREATED, DATEUPDATED) VALUES (12, 'applicationUserDetailsUpdateIssueMessage', 'fr', 11001, 'We could not update this record! We have highlighted the inputs that need your attention.', 1, 1, current_date, current_date);
INSERT INTO MESSAGERESOURCE(VIEWID, MESSAGEKEY, LOCALE, LOCALEREFERENCEID, MESSAGE, CREATEDBYID, UPDATEDBYID, DATECREATED, DATEUPDATED) VALUES (12, 'applicationuserdetails.form.title', 'de', 11002, 'ber Sie', 1, 1, current_date, current_date);
INSERT INTO MESSAGERESOURCE(VIEWID, MESSAGEKEY, LOCALE, LOCALEREFERENCEID, MESSAGE, CREATEDBYID, UPDATEDBYID, DATECREATED, DATEUPDATED) VALUES (12, 'applicationUserDetailsAddedSuccessMessage', 'de', 11002, 'A new record has been added.', 1, 1, current_date, current_date);
INSERT INTO MESSAGERESOURCE(VIEWID, MESSAGEKEY, LOCALE, LOCALEREFERENCEID, MESSAGE, CREATEDBYID, UPDATEDBYID, DATECREATED, DATEUPDATED) VALUES (12, 'applicationUserDetailsUpdateSuccessMessage', 'de', 11002, 'The record has been updated.', 1, 1, current_date, current_date);
INSERT INTO MESSAGERESOURCE(VIEWID, MESSAGEKEY, LOCALE, LOCALEREFERENCEID, MESSAGE, CREATEDBYID, UPDATEDBYID, DATECREATED, DATEUPDATED) VALUES (12, 'applicationUserDetailsUpdateIssueMessage', 'de', 11002, 'We could not update this record! We have highlighted the inputs that need your attention.', 1, 1, current_date, current_date);
INSERT INTO MESSAGERESOURCE(VIEWID, MESSAGEKEY, LOCALE, LOCALEREFERENCEID, MESSAGE, CREATEDBYID, UPDATEDBYID, DATECREATED, DATEUPDATED) VALUES (12, 'applicationuserdetails.form.header', 'en', 11000, 'About You', 1, 1, current_date, current_date);
INSERT INTO MESSAGERESOURCE(VIEWID, MESSAGEKEY, LOCALE, LOCALEREFERENCEID, MESSAGE, CREATEDBYID, UPDATEDBYID, DATECREATED, DATEUPDATED) VALUES (12, 'applicationUserDetailsAddedSuccessMessage', 'en', 11000, 'A new record has been added.', 1, 1, current_date, current_date);
INSERT INTO MESSAGERESOURCE(VIEWID, MESSAGEKEY, LOCALE, LOCALEREFERENCEID, MESSAGE, CREATEDBYID, UPDATEDBYID, DATECREATED, DATEUPDATED) VALUES (12, 'applicationUserDetailsUpdateSuccessMessage', 'en', 11000, 'The record has been updated.', 1, 1, current_date, current_date);
INSERT INTO MESSAGERESOURCE(VIEWID, MESSAGEKEY, LOCALE, LOCALEREFERENCEID, MESSAGE, CREATEDBYID, UPDATEDBYID, DATECREATED, DATEUPDATED) VALUES (12, 'applicationUserDetailsUpdateIssueMessage', 'en', 11000, 'We could not update this record! We have highlighted the inputs that need your attention.', 1, 1, current_date, current_date);
INSERT INTO MESSAGERESOURCE(VIEWID, MESSAGEKEY, LOCALE, LOCALEREFERENCEID, MESSAGE, CREATEDBYID, UPDATEDBYID, DATECREATED, DATEUPDATED) VALUES (12, 'applicationuserdetails.form.header', 'fr', 11001, 'Au propos de vous', 1, 1, current_date, current_date);
INSERT INTO MESSAGERESOURCE(VIEWID, MESSAGEKEY, LOCALE, LOCALEREFERENCEID, MESSAGE, CREATEDBYID, UPDATEDBYID, DATECREATED, DATEUPDATED) VALUES (12, 'applicationUserDetailsAddedSuccessMessage', 'fr', 11001, 'A new record has been added.', 1, 1, current_date, current_date);
INSERT INTO MESSAGERESOURCE(VIEWID, MESSAGEKEY, LOCALE, LOCALEREFERENCEID, MESSAGE, CREATEDBYID, UPDATEDBYID, DATECREATED, DATEUPDATED) VALUES (12, 'applicationUserDetailsUpdateSuccessMessage', 'fr', 11001, 'The record has been updated.', 1, 1, current_date, current_date);
INSERT INTO MESSAGERESOURCE(VIEWID, MESSAGEKEY, LOCALE, LOCALEREFERENCEID, MESSAGE, CREATEDBYID, UPDATEDBYID, DATECREATED, DATEUPDATED) VALUES (12, 'applicationUserDetailsUpdateIssueMessage', 'fr', 11001, 'We could not update this record! We have highlighted the inputs that need your attention.', 1, 1, current_date, current_date);
INSERT INTO MESSAGERESOURCE(VIEWID, MESSAGEKEY, LOCALE, LOCALEREFERENCEID, MESSAGE, CREATEDBYID, UPDATEDBYID, DATECREATED, DATEUPDATED) VALUES (12, 'applicationuserdetails.form.header', 'de', 11002, 'ber Sie', 1, 1, current_date, current_date);
INSERT INTO MESSAGERESOURCE(VIEWID, MESSAGEKEY, LOCALE, LOCALEREFERENCEID, MESSAGE, CREATEDBYID, UPDATEDBYID, DATECREATED, DATEUPDATED) VALUES (12, 'applicationUserDetailsAddedSuccessMessage', 'de', 11002, 'A new record has been added.', 1, 1, current_date, current_date);
INSERT INTO MESSAGERESOURCE(VIEWID, MESSAGEKEY, LOCALE, LOCALEREFERENCEID, MESSAGE, CREATEDBYID, UPDATEDBYID, DATECREATED, DATEUPDATED) VALUES (12, 'applicationUserDetailsUpdateSuccessMessage', 'de', 11002, 'The record has been updated.', 1, 1, current_date, current_date);
INSERT INTO MESSAGERESOURCE(VIEWID, MESSAGEKEY, LOCALE, LOCALEREFERENCEID, MESSAGE, CREATEDBYID, UPDATEDBYID, DATECREATED, DATEUPDATED) VALUES (12, 'applicationUserDetailsUpdateIssueMessage', 'de', 11002, 'We could not update this record! We have highlighted the inputs that need your attention.', 1, 1, current_date, current_date);
INSERT INTO MESSAGERESOURCE(VIEWID, MESSAGEKEY, LOCALE, LOCALEREFERENCEID, MESSAGE, CREATEDBYID, UPDATEDBYID, DATECREATED, DATEUPDATED) VALUES (12, 'applicationuserdetails.form.subheader', 'en', 11000, 'Please provide us with the following information', 1, 1, current_date, current_date);
INSERT INTO MESSAGERESOURCE(VIEWID, MESSAGEKEY, LOCALE, LOCALEREFERENCEID, MESSAGE, CREATEDBYID, UPDATEDBYID, DATECREATED, DATEUPDATED) VALUES (12, 'applicationUserDetailsAddedSuccessMessage', 'en', 11000, 'A new record has been added.', 1, 1, current_date, current_date);
INSERT INTO MESSAGERESOURCE(VIEWID, MESSAGEKEY, LOCALE, LOCALEREFERENCEID, MESSAGE, CREATEDBYID, UPDATEDBYID, DATECREATED, DATEUPDATED) VALUES (12, 'applicationUserDetailsUpdateSuccessMessage', 'en', 11000, 'The record has been updated.', 1, 1, current_date, current_date);
INSERT INTO MESSAGERESOURCE(VIEWID, MESSAGEKEY, LOCALE, LOCALEREFERENCEID, MESSAGE, CREATEDBYID, UPDATEDBYID, DATECREATED, DATEUPDATED) VALUES (12, 'applicationUserDetailsUpdateIssueMessage', 'en', 11000, 'We could not update this record! We have highlighted the inputs that need your attention.', 1, 1, current_date, current_date);
INSERT INTO MESSAGERESOURCE(VIEWID, MESSAGEKEY, LOCALE, LOCALEREFERENCEID, MESSAGE, CREATEDBYID, UPDATEDBYID, DATECREATED, DATEUPDATED) VALUES (12, 'applicationuserdetails.form.subheader', 'fr', 11001, 'S''il vous plat nous fournir les informations suivantes', 1, 1, current_date, current_date);
INSERT INTO MESSAGERESOURCE(VIEWID, MESSAGEKEY, LOCALE, LOCALEREFERENCEID, MESSAGE, CREATEDBYID, UPDATEDBYID, DATECREATED, DATEUPDATED) VALUES (12, 'applicationUserDetailsAddedSuccessMessage', 'fr', 11001, 'A new record has been added.', 1, 1, current_date, current_date);
INSERT INTO MESSAGERESOURCE(VIEWID, MESSAGEKEY, LOCALE, LOCALEREFERENCEID, MESSAGE, CREATEDBYID, UPDATEDBYID, DATECREATED, DATEUPDATED) VALUES (12, 'applicationUserDetailsUpdateSuccessMessage', 'fr', 11001, 'The record has been updated.', 1, 1, current_date, current_date);
INSERT INTO MESSAGERESOURCE(VIEWID, MESSAGEKEY, LOCALE, LOCALEREFERENCEID, MESSAGE, CREATEDBYID, UPDATEDBYID, DATECREATED, DATEUPDATED) VALUES (12, 'applicationUserDetailsUpdateIssueMessage', 'fr', 11001, 'We could not update this record! We have highlighted the inputs that need your attention.', 1, 1, current_date, current_date);
INSERT INTO MESSAGERESOURCE(VIEWID, MESSAGEKEY, LOCALE, LOCALEREFERENCEID, MESSAGE, CREATEDBYID, UPDATEDBYID, DATECREATED, DATEUPDATED) VALUES (12, 'applicationuserdetails.form.subheader', 'de', 11002, 'Bitte geben Sie die folgenden Informationen', 1, 1, current_date, current_date);
INSERT INTO MESSAGERESOURCE(VIEWID, MESSAGEKEY, LOCALE, LOCALEREFERENCEID, MESSAGE, CREATEDBYID, UPDATEDBYID, DATECREATED, DATEUPDATED) VALUES (12, 'applicationUserDetailsAddedSuccessMessage', 'de', 11002, 'A new record has been added.', 1, 1, current_date, current_date);
INSERT INTO MESSAGERESOURCE(VIEWID, MESSAGEKEY, LOCALE, LOCALEREFERENCEID, MESSAGE, CREATEDBYID, UPDATEDBYID, DATECREATED, DATEUPDATED) VALUES (12, 'applicationUserDetailsUpdateSuccessMessage', 'de', 11002, 'The record has been updated.', 1, 1, current_date, current_date);
INSERT INTO MESSAGERESOURCE(VIEWID, MESSAGEKEY, LOCALE, LOCALEREFERENCEID, MESSAGE, CREATEDBYID, UPDATEDBYID, DATECREATED, DATEUPDATED) VALUES (12, 'applicationUserDetailsUpdateIssueMessage', 'de', 11002, 'We could not update this record! We have highlighted the inputs that need your attention.', 1, 1, current_date, current_date);
INSERT INTO MESSAGERESOURCE(VIEWID, MESSAGEKEY, LOCALE, LOCALEREFERENCEID, MESSAGE, CREATEDBYID, UPDATEDBYID, DATECREATED, DATEUPDATED) VALUES (12, 'frmApplicationUserDetailsContactInformationInstructionsMessage', 'en', 11000, 'This is the first page of the pledge process. The requirement was to gather the end user''s contact information as early in the process as possible. When the user completes this screen, they will be taken to their pledge profile page. Remember, you do not have to enter your own information here; this system is for demonstration purposes only. Please provide us with the following contact information.', 1, 1, current_date, current_date);
INSERT INTO MESSAGERESOURCE(VIEWID, MESSAGEKEY, LOCALE, LOCALEREFERENCEID, MESSAGE, CREATEDBYID, UPDATEDBYID, DATECREATED, DATEUPDATED) VALUES (12, 'frmApplicationUserDetailsContactInformationInstructionsLabel', 'en', 11000, '', 1, 1, current_date, current_date);
INSERT INTO MESSAGERESOURCE(VIEWID, MESSAGEKEY, LOCALE, LOCALEREFERENCEID, MESSAGE, CREATEDBYID, UPDATEDBYID, DATECREATED, DATEUPDATED) VALUES (12, 'frmApplicationUserDetailsContactInformationInstructionsHelpBlock', 'en', 11000, '', 1, 1, current_date, current_date);
INSERT INTO MESSAGERESOURCE(VIEWID, MESSAGEKEY, LOCALE, LOCALEREFERENCEID, MESSAGE, CREATEDBYID, UPDATEDBYID, DATECREATED, DATEUPDATED) VALUES (12, 'frmApplicationUserDetailsContactInformationInstructionsPlaceHolder', 'en', 11000, '', 1, 1, current_date, current_date);
INSERT INTO MESSAGERESOURCE(VIEWID, MESSAGEKEY, LOCALE, LOCALEREFERENCEID, MESSAGE, CREATEDBYID, UPDATEDBYID, DATECREATED, DATEUPDATED) VALUES (12, 'frmApplicationUserDetailsContactInformationInstructionsMessage', 'fr', 11001, 'S''il vous plat nous fournir les informations suivantes.', 1, 1, current_date, current_date);
INSERT INTO MESSAGERESOURCE(VIEWID, MESSAGEKEY, LOCALE, LOCALEREFERENCEID, MESSAGE, CREATEDBYID, UPDATEDBYID, DATECREATED, DATEUPDATED) VALUES (12, 'frmApplicationUserDetailsContactInformationInstructionsLabel', 'fr', 11001, '', 1, 1, current_date, current_date);
INSERT INTO MESSAGERESOURCE(VIEWID, MESSAGEKEY, LOCALE, LOCALEREFERENCEID, MESSAGE, CREATEDBYID, UPDATEDBYID, DATECREATED, DATEUPDATED) VALUES (12, 'frmApplicationUserDetailsContactInformationInstructionsHelpBlock', 'fr', 11001, '', 1, 1, current_date, current_date);
INSERT INTO MESSAGERESOURCE(VIEWID, MESSAGEKEY, LOCALE, LOCALEREFERENCEID, MESSAGE, CREATEDBYID, UPDATEDBYID, DATECREATED, DATEUPDATED) VALUES (12, 'frmApplicationUserDetailsContactInformationInstructionsPlaceHolder', 'fr', 11001, '', 1, 1, current_date, current_date);
INSERT INTO MESSAGERESOURCE(VIEWID, MESSAGEKEY, LOCALE, LOCALEREFERENCEID, MESSAGE, CREATEDBYID, UPDATEDBYID, DATECREATED, DATEUPDATED) VALUES (12, 'frmApplicationUserDetailsContactInformationInstructionsMessage', 'de', 11002, 'Bitte geben Sie uns die folgenden Kontaktinformationen.', 1, 1, current_date, current_date);
INSERT INTO MESSAGERESOURCE(VIEWID, MESSAGEKEY, LOCALE, LOCALEREFERENCEID, MESSAGE, CREATEDBYID, UPDATEDBYID, DATECREATED, DATEUPDATED) VALUES (12, 'frmApplicationUserDetailsContactInformationInstructionsLabel', 'de', 11002, '', 1, 1, current_date, current_date);
INSERT INTO MESSAGERESOURCE(VIEWID, MESSAGEKEY, LOCALE, LOCALEREFERENCEID, MESSAGE, CREATEDBYID, UPDATEDBYID, DATECREATED, DATEUPDATED) VALUES (12, 'frmApplicationUserDetailsContactInformationInstructionsHelpBlock', 'de', 11002, '', 1, 1, current_date, current_date);
INSERT INTO MESSAGERESOURCE(VIEWID, MESSAGEKEY, LOCALE, LOCALEREFERENCEID, MESSAGE, CREATEDBYID, UPDATEDBYID, DATECREATED, DATEUPDATED) VALUES (12, 'frmApplicationUserDetailsContactInformationInstructionsPlaceHolder', 'de', 11002, '', 1, 1, current_date, current_date);
INSERT INTO MESSAGERESOURCE(VIEWID, MESSAGEKEY, LOCALE, LOCALEREFERENCEID, MESSAGE, CREATEDBYID, UPDATEDBYID, DATECREATED, DATEUPDATED) VALUES (12, 'frmApplicationUserDetailsContactNameLabel', 'en', 11000, 'Contact Name', 1, 1, current_date, current_date);
INSERT INTO MESSAGERESOURCE(VIEWID, MESSAGEKEY, LOCALE, LOCALEREFERENCEID, MESSAGE, CREATEDBYID, UPDATEDBYID, DATECREATED, DATEUPDATED) VALUES (12, 'frmApplicationUserDetailsContactNameHelpBlock', 'en', 11000, 'Who should we contact about this pledge?', 1, 1, current_date, current_date);
INSERT INTO MESSAGERESOURCE(VIEWID, MESSAGEKEY, LOCALE, LOCALEREFERENCEID, MESSAGE, CREATEDBYID, UPDATEDBYID, DATECREATED, DATEUPDATED) VALUES (12, 'frmApplicationUserDetailsContactNamePlaceHolder', 'en', 11000, '', 1, 1, current_date, current_date);
INSERT INTO MESSAGERESOURCE(VIEWID, MESSAGEKEY, LOCALE, LOCALEREFERENCEID, MESSAGE, CREATEDBYID, UPDATEDBYID, DATECREATED, DATEUPDATED) VALUES (12, 'frmApplicationUserDetailsContactNameLabel', 'fr', 11001, 'Nom du contact', 1, 1, current_date, current_date);
INSERT INTO MESSAGERESOURCE(VIEWID, MESSAGEKEY, LOCALE, LOCALEREFERENCEID, MESSAGE, CREATEDBYID, UPDATEDBYID, DATECREATED, DATEUPDATED) VALUES (12, 'frmApplicationUserDetailsContactNameHelpBlock', 'fr', 11001, 'Qui devons-nous contacter  propos de cette promesse?', 1, 1, current_date, current_date);
INSERT INTO MESSAGERESOURCE(VIEWID, MESSAGEKEY, LOCALE, LOCALEREFERENCEID, MESSAGE, CREATEDBYID, UPDATEDBYID, DATECREATED, DATEUPDATED) VALUES (12, 'frmApplicationUserDetailsContactNamePlaceHolder', 'fr', 11001, '', 1, 1, current_date, current_date);
INSERT INTO MESSAGERESOURCE(VIEWID, MESSAGEKEY, LOCALE, LOCALEREFERENCEID, MESSAGE, CREATEDBYID, UPDATEDBYID, DATECREATED, DATEUPDATED) VALUES (12, 'frmApplicationUserDetailsContactNameLabel', 'de', 11002, 'Kontaktname', 1, 1, current_date, current_date);
INSERT INTO MESSAGERESOURCE(VIEWID, MESSAGEKEY, LOCALE, LOCALEREFERENCEID, MESSAGE, CREATEDBYID, UPDATEDBYID, DATECREATED, DATEUPDATED) VALUES (12, 'frmApplicationUserDetailsContactNameHelpBlock', 'de', 11002, 'An wen sollen wir ber dieses Versprechen in Kontakt treten?', 1, 1, current_date, current_date);
INSERT INTO MESSAGERESOURCE(VIEWID, MESSAGEKEY, LOCALE, LOCALEREFERENCEID, MESSAGE, CREATEDBYID, UPDATEDBYID, DATECREATED, DATEUPDATED) VALUES (12, 'frmApplicationUserDetailsContactNamePlaceHolder', 'de', 11002, '', 1, 1, current_date, current_date);
INSERT INTO MESSAGERESOURCE(VIEWID, MESSAGEKEY, LOCALE, LOCALEREFERENCEID, MESSAGE, CREATEDBYID, UPDATEDBYID, DATECREATED, DATEUPDATED) VALUES (12, 'frmApplicationUserDetailsRepresentOrganisationLabel', 'en', 11000, 'Are you pledging on behalf of an organisation?', 1, 1, current_date, current_date);
INSERT INTO MESSAGERESOURCE(VIEWID, MESSAGEKEY, LOCALE, LOCALEREFERENCEID, MESSAGE, CREATEDBYID, UPDATEDBYID, DATECREATED, DATEUPDATED) VALUES (12, 'frmApplicationUserDetailsRepresentOrganisationHelpBlock', 'en', 11000, 'Organisations include clubs, companies, schools, professional societies - any organised group that you are representing.', 1, 1, current_date, current_date);
INSERT INTO MESSAGERESOURCE(VIEWID, MESSAGEKEY, LOCALE, LOCALEREFERENCEID, MESSAGE, CREATEDBYID, UPDATEDBYID, DATECREATED, DATEUPDATED) VALUES (12, 'frmApplicationUserDetailsRepresentOrganisationPlaceHolder', 'en', 11000, 'Please select', 1, 1, current_date, current_date);
INSERT INTO MESSAGERESOURCE(VIEWID, MESSAGEKEY, LOCALE, LOCALEREFERENCEID, MESSAGE, CREATEDBYID, UPDATEDBYID, DATECREATED, DATEUPDATED) VALUES (12, 'frmApplicationUserDetailsRepresentOrganisationLabel', 'fr', 11001, 'tes-vous des donateurs sur le compte d''une organisation?', 1, 1, current_date, current_date);
INSERT INTO MESSAGERESOURCE(VIEWID, MESSAGEKEY, LOCALE, LOCALEREFERENCEID, MESSAGE, CREATEDBYID, UPDATEDBYID, DATECREATED, DATEUPDATED) VALUES (12, 'frmApplicationUserDetailsRepresentOrganisationHelpBlock', 'fr', 11001, 'Organisations comprennent les clubs, les entreprises, les coles, les associations professionnelles - tout groupe organis que vous reprsentez.', 1, 1, current_date, current_date);
INSERT INTO MESSAGERESOURCE(VIEWID, MESSAGEKEY, LOCALE, LOCALEREFERENCEID, MESSAGE, CREATEDBYID, UPDATEDBYID, DATECREATED, DATEUPDATED) VALUES (12, 'frmApplicationUserDetailsRepresentOrganisationPlaceHolder', 'fr', 11001, 'Veuillez choisir', 1, 1, current_date, current_date);
INSERT INTO MESSAGERESOURCE(VIEWID, MESSAGEKEY, LOCALE, LOCALEREFERENCEID, MESSAGE, CREATEDBYID, UPDATEDBYID, DATECREATED, DATEUPDATED) VALUES (12, 'frmApplicationUserDetailsRepresentOrganisationLabel', 'de', 11002, 'Sind Sie auf der Verpfndung im Namen einer Organisation?', 1, 1, current_date, current_date);
INSERT INTO MESSAGERESOURCE(VIEWID, MESSAGEKEY, LOCALE, LOCALEREFERENCEID, MESSAGE, CREATEDBYID, UPDATEDBYID, DATECREATED, DATEUPDATED) VALUES (12, 'frmApplicationUserDetailsRepresentOrganisationHelpBlock', 'de', 11002, 'Organisationen sind Vereine, Firmen, Schulen, Fachgesellschaften - keine organisierte Gruppe, die Sie vertreten.', 1, 1, current_date, current_date);
INSERT INTO MESSAGERESOURCE(VIEWID, MESSAGEKEY, LOCALE, LOCALEREFERENCEID, MESSAGE, CREATEDBYID, UPDATEDBYID, DATECREATED, DATEUPDATED) VALUES (12, 'frmApplicationUserDetailsRepresentOrganisationPlaceHolder', 'de', 11002, 'Bitte auswhlen ', 1, 1, current_date, current_date);
INSERT INTO MESSAGERESOURCE(VIEWID, MESSAGEKEY, LOCALE, LOCALEREFERENCEID, MESSAGE, CREATEDBYID, UPDATEDBYID, DATECREATED, DATEUPDATED) VALUES (12, 'frmApplicationUserDetailsTelephoneNumberLabel', 'en', 11000, 'Phone Number', 1, 1, current_date, current_date);
INSERT INTO MESSAGERESOURCE(VIEWID, MESSAGEKEY, LOCALE, LOCALEREFERENCEID, MESSAGE, CREATEDBYID, UPDATEDBYID, DATECREATED, DATEUPDATED) VALUES (12, 'frmApplicationUserDetailsTelephoneNumberHelpBlock', 'en', 11000, 'International dialling code followed by your phonenumber. For example, +353123456.', 1, 1, current_date, current_date);
INSERT INTO MESSAGERESOURCE(VIEWID, MESSAGEKEY, LOCALE, LOCALEREFERENCEID, MESSAGE, CREATEDBYID, UPDATEDBYID, DATECREATED, DATEUPDATED) VALUES (12, 'frmApplicationUserDetailsTelephoneNumberPlaceHolder', 'en', 11000, '+353123456', 1, 1, current_date, current_date);
INSERT INTO MESSAGERESOURCE(VIEWID, MESSAGEKEY, LOCALE, LOCALEREFERENCEID, MESSAGE, CREATEDBYID, UPDATEDBYID, DATECREATED, DATEUPDATED) VALUES (12, 'frmApplicationUserDetailsTelephoneNumberLabel', 'fr', 11001, 'Numro de tlphone', 1, 1, current_date, current_date);
INSERT INTO MESSAGERESOURCE(VIEWID, MESSAGEKEY, LOCALE, LOCALEREFERENCEID, MESSAGE, CREATEDBYID, UPDATEDBYID, DATECREATED, DATEUPDATED) VALUES (12, 'frmApplicationUserDetailsTelephoneNumberHelpBlock', 'fr', 11001, 'Indicatif international suivi de votre numro de tlphone . Par exemple, +33112345678.', 1, 1, current_date, current_date);
INSERT INTO MESSAGERESOURCE(VIEWID, MESSAGEKEY, LOCALE, LOCALEREFERENCEID, MESSAGE, CREATEDBYID, UPDATEDBYID, DATECREATED, DATEUPDATED) VALUES (12, 'frmApplicationUserDetailsTelephoneNumberPlaceHolder', 'fr', 11001, '+33112345678', 1, 1, current_date, current_date);
INSERT INTO MESSAGERESOURCE(VIEWID, MESSAGEKEY, LOCALE, LOCALEREFERENCEID, MESSAGE, CREATEDBYID, UPDATEDBYID, DATECREATED, DATEUPDATED) VALUES (12, 'frmApplicationUserDetailsTelephoneNumberLabel', 'de', 11002, 'Telefonnummer', 1, 1, current_date, current_date);
INSERT INTO MESSAGERESOURCE(VIEWID, MESSAGEKEY, LOCALE, LOCALEREFERENCEID, MESSAGE, CREATEDBYID, UPDATEDBYID, DATECREATED, DATEUPDATED) VALUES (12, 'frmApplicationUserDetailsTelephoneNumberHelpBlock', 'de', 11002, 'Internationale Vorwahl gefolgt von Ihrer Telefonnummer. Zum Beispiel +4930123456.', 1, 1, current_date, current_date);
INSERT INTO MESSAGERESOURCE(VIEWID, MESSAGEKEY, LOCALE, LOCALEREFERENCEID, MESSAGE, CREATEDBYID, UPDATEDBYID, DATECREATED, DATEUPDATED) VALUES (12, 'frmApplicationUserDetailsTelephoneNumberPlaceHolder', 'de', 11002, '+4930123456', 1, 1, current_date, current_date);
INSERT INTO MESSAGERESOURCE(VIEWID, MESSAGEKEY, LOCALE, LOCALEREFERENCEID, MESSAGE, CREATEDBYID, UPDATEDBYID, DATECREATED, DATEUPDATED) VALUES (12, 'frmApplicationUserDetailsAddressOneLabel', 'en', 11000, 'Address Line 1', 1, 1, current_date, current_date);
INSERT INTO MESSAGERESOURCE(VIEWID, MESSAGEKEY, LOCALE, LOCALEREFERENCEID, MESSAGE, CREATEDBYID, UPDATEDBYID, DATECREATED, DATEUPDATED) VALUES (12, 'frmApplicationUserDetailsAddressOneHelpBlock', 'en', 11000, '', 1, 1, current_date, current_date);
INSERT INTO MESSAGERESOURCE(VIEWID, MESSAGEKEY, LOCALE, LOCALEREFERENCEID, MESSAGE, CREATEDBYID, UPDATEDBYID, DATECREATED, DATEUPDATED) VALUES (12, 'frmApplicationUserDetailsAddressOnePlaceHolder', 'en', 11000, 'Your house/apartment number', 1, 1, current_date, current_date);
INSERT INTO MESSAGERESOURCE(VIEWID, MESSAGEKEY, LOCALE, LOCALEREFERENCEID, MESSAGE, CREATEDBYID, UPDATEDBYID, DATECREATED, DATEUPDATED) VALUES (12, 'frmApplicationUserDetailsAddressOneLabel', 'fr', 11001, 'Adresse Ligne 1', 1, 1, current_date, current_date);
INSERT INTO MESSAGERESOURCE(VIEWID, MESSAGEKEY, LOCALE, LOCALEREFERENCEID, MESSAGE, CREATEDBYID, UPDATEDBYID, DATECREATED, DATEUPDATED) VALUES (12, 'frmApplicationUserDetailsAddressOneHelpBlock', 'fr', 11001, '', 1, 1, current_date, current_date);
INSERT INTO MESSAGERESOURCE(VIEWID, MESSAGEKEY, LOCALE, LOCALEREFERENCEID, MESSAGE, CREATEDBYID, UPDATEDBYID, DATECREATED, DATEUPDATED) VALUES (12, 'frmApplicationUserDetailsAddressOnePlaceHolder', 'fr', 11001, 'Votre maison/numro d''appartement', 1, 1, current_date, current_date);
INSERT INTO MESSAGERESOURCE(VIEWID, MESSAGEKEY, LOCALE, LOCALEREFERENCEID, MESSAGE, CREATEDBYID, UPDATEDBYID, DATECREATED, DATEUPDATED) VALUES (12, 'frmApplicationUserDetailsAddressOneLabel', 'de', 11002, 'Adresszeile 1', 1, 1, current_date, current_date);
INSERT INTO MESSAGERESOURCE(VIEWID, MESSAGEKEY, LOCALE, LOCALEREFERENCEID, MESSAGE, CREATEDBYID, UPDATEDBYID, DATECREATED, DATEUPDATED) VALUES (12, 'frmApplicationUserDetailsAddressOneHelpBlock', 'de', 11002, '', 1, 1, current_date, current_date);
INSERT INTO MESSAGERESOURCE(VIEWID, MESSAGEKEY, LOCALE, LOCALEREFERENCEID, MESSAGE, CREATEDBYID, UPDATEDBYID, DATECREATED, DATEUPDATED) VALUES (12, 'frmApplicationUserDetailsAddressOnePlaceHolder', 'de', 11002, 'Ihr Haus/Wohnung Nummer', 1, 1, current_date, current_date);
INSERT INTO MESSAGERESOURCE(VIEWID, MESSAGEKEY, LOCALE, LOCALEREFERENCEID, MESSAGE, CREATEDBYID, UPDATEDBYID, DATECREATED, DATEUPDATED) VALUES (12, 'frmApplicationUserDetailsAddressTwoLabel', 'en', 11000, 'Address Line 2', 1, 1, current_date, current_date);
INSERT INTO MESSAGERESOURCE(VIEWID, MESSAGEKEY, LOCALE, LOCALEREFERENCEID, MESSAGE, CREATEDBYID, UPDATEDBYID, DATECREATED, DATEUPDATED) VALUES (12, 'frmApplicationUserDetailsAddressTwoHelpBlock', 'en', 11000, '', 1, 1, current_date, current_date);
INSERT INTO MESSAGERESOURCE(VIEWID, MESSAGEKEY, LOCALE, LOCALEREFERENCEID, MESSAGE, CREATEDBYID, UPDATEDBYID, DATECREATED, DATEUPDATED) VALUES (12, 'frmApplicationUserDetailsAddressTwoPlaceHolder', 'en', 11000, 'Your street', 1, 1, current_date, current_date);
INSERT INTO MESSAGERESOURCE(VIEWID, MESSAGEKEY, LOCALE, LOCALEREFERENCEID, MESSAGE, CREATEDBYID, UPDATEDBYID, DATECREATED, DATEUPDATED) VALUES (12, 'frmApplicationUserDetailsAddressTwoLabel', 'fr', 11001, 'Adresse Ligne 2', 1, 1, current_date, current_date);
INSERT INTO MESSAGERESOURCE(VIEWID, MESSAGEKEY, LOCALE, LOCALEREFERENCEID, MESSAGE, CREATEDBYID, UPDATEDBYID, DATECREATED, DATEUPDATED) VALUES (12, 'frmApplicationUserDetailsAddressTwoHelpBlock', 'fr', 11001, '', 1, 1, current_date, current_date);
INSERT INTO MESSAGERESOURCE(VIEWID, MESSAGEKEY, LOCALE, LOCALEREFERENCEID, MESSAGE, CREATEDBYID, UPDATEDBYID, DATECREATED, DATEUPDATED) VALUES (12, 'frmApplicationUserDetailsAddressTwoPlaceHolder', 'fr', 11001, 'Votre rue', 1, 1, current_date, current_date);
INSERT INTO MESSAGERESOURCE(VIEWID, MESSAGEKEY, LOCALE, LOCALEREFERENCEID, MESSAGE, CREATEDBYID, UPDATEDBYID, DATECREATED, DATEUPDATED) VALUES (12, 'frmApplicationUserDetailsAddressTwoLabel', 'de', 11002, 'Adresszeile 2', 1, 1, current_date, current_date);
INSERT INTO MESSAGERESOURCE(VIEWID, MESSAGEKEY, LOCALE, LOCALEREFERENCEID, MESSAGE, CREATEDBYID, UPDATEDBYID, DATECREATED, DATEUPDATED) VALUES (12, 'frmApplicationUserDetailsAddressTwoHelpBlock', 'de', 11002, '', 1, 1, current_date, current_date);
INSERT INTO MESSAGERESOURCE(VIEWID, MESSAGEKEY, LOCALE, LOCALEREFERENCEID, MESSAGE, CREATEDBYID, UPDATEDBYID, DATECREATED, DATEUPDATED) VALUES (12, 'frmApplicationUserDetailsAddressTwoPlaceHolder', 'de', 11002, 'Ihre Strae', 1, 1, current_date, current_date);
INSERT INTO MESSAGERESOURCE(VIEWID, MESSAGEKEY, LOCALE, LOCALEREFERENCEID, MESSAGE, CREATEDBYID, UPDATEDBYID, DATECREATED, DATEUPDATED) VALUES (12, 'frmApplicationUserDetailsCityLabel', 'en', 11000, 'Townland/Town/City', 1, 1, current_date, current_date);
INSERT INTO MESSAGERESOURCE(VIEWID, MESSAGEKEY, LOCALE, LOCALEREFERENCEID, MESSAGE, CREATEDBYID, UPDATEDBYID, DATECREATED, DATEUPDATED) VALUES (12, 'frmApplicationUserDetailsCityHelpBlock', 'en', 11000, '', 1, 1, current_date, current_date);
INSERT INTO MESSAGERESOURCE(VIEWID, MESSAGEKEY, LOCALE, LOCALEREFERENCEID, MESSAGE, CREATEDBYID, UPDATEDBYID, DATECREATED, DATEUPDATED) VALUES (12, 'frmApplicationUserDetailsCityPlaceHolder', 'en', 11000, 'Optional', 1, 1, current_date, current_date);
INSERT INTO MESSAGERESOURCE(VIEWID, MESSAGEKEY, LOCALE, LOCALEREFERENCEID, MESSAGE, CREATEDBYID, UPDATEDBYID, DATECREATED, DATEUPDATED) VALUES (12, 'frmApplicationUserDetailsCityLabel', 'fr', 11001, 'Ville', 1, 1, current_date, current_date);
INSERT INTO MESSAGERESOURCE(VIEWID, MESSAGEKEY, LOCALE, LOCALEREFERENCEID, MESSAGE, CREATEDBYID, UPDATEDBYID, DATECREATED, DATEUPDATED) VALUES (12, 'frmApplicationUserDetailsCityHelpBlock', 'fr', 11001, '', 1, 1, current_date, current_date);
INSERT INTO MESSAGERESOURCE(VIEWID, MESSAGEKEY, LOCALE, LOCALEREFERENCEID, MESSAGE, CREATEDBYID, UPDATEDBYID, DATECREATED, DATEUPDATED) VALUES (12, 'frmApplicationUserDetailsCityPlaceHolder', 'fr', 11001, 'Optionnel', 1, 1, current_date, current_date);
INSERT INTO MESSAGERESOURCE(VIEWID, MESSAGEKEY, LOCALE, LOCALEREFERENCEID, MESSAGE, CREATEDBYID, UPDATEDBYID, DATECREATED, DATEUPDATED) VALUES (12, 'frmApplicationUserDetailsCityLabel', 'de', 11002, 'Stadt', 1, 1, current_date, current_date);
INSERT INTO MESSAGERESOURCE(VIEWID, MESSAGEKEY, LOCALE, LOCALEREFERENCEID, MESSAGE, CREATEDBYID, UPDATEDBYID, DATECREATED, DATEUPDATED) VALUES (12, 'frmApplicationUserDetailsCityHelpBlock', 'de', 11002, '', 1, 1, current_date, current_date);
INSERT INTO MESSAGERESOURCE(VIEWID, MESSAGEKEY, LOCALE, LOCALEREFERENCEID, MESSAGE, CREATEDBYID, UPDATEDBYID, DATECREATED, DATEUPDATED) VALUES (12, 'frmApplicationUserDetailsCityPlaceHolder', 'de', 11002, 'Optional', 1, 1, current_date, current_date);
INSERT INTO MESSAGERESOURCE(VIEWID, MESSAGEKEY, LOCALE, LOCALEREFERENCEID, MESSAGE, CREATEDBYID, UPDATEDBYID, DATECREATED, DATEUPDATED) VALUES (12, 'frmApplicationUserDetailsStateProvinceRegionLabel', 'en', 11000, 'State/Province/Region', 1, 1, current_date, current_date);
INSERT INTO MESSAGERESOURCE(VIEWID, MESSAGEKEY, LOCALE, LOCALEREFERENCEID, MESSAGE, CREATEDBYID, UPDATEDBYID, DATECREATED, DATEUPDATED) VALUES (12, 'frmApplicationUserDetailsStateProvinceRegionHelpBlock', 'en', 11000, '', 1, 1, current_date, current_date);
INSERT INTO MESSAGERESOURCE(VIEWID, MESSAGEKEY, LOCALE, LOCALEREFERENCEID, MESSAGE, CREATEDBYID, UPDATEDBYID, DATECREATED, DATEUPDATED) VALUES (12, 'frmApplicationUserDetailsStateProvinceRegionPlaceHolder', 'en', 11000, 'Optional', 1, 1, current_date, current_date);
INSERT INTO MESSAGERESOURCE(VIEWID, MESSAGEKEY, LOCALE, LOCALEREFERENCEID, MESSAGE, CREATEDBYID, UPDATEDBYID, DATECREATED, DATEUPDATED) VALUES (12, 'frmApplicationUserDetailsStateProvinceRegionLabel', 'fr', 11001, 'Etat/Province/Rgion', 1, 1, current_date, current_date);
INSERT INTO MESSAGERESOURCE(VIEWID, MESSAGEKEY, LOCALE, LOCALEREFERENCEID, MESSAGE, CREATEDBYID, UPDATEDBYID, DATECREATED, DATEUPDATED) VALUES (12, 'frmApplicationUserDetailsStateProvinceRegionHelpBlock', 'fr', 11001, '', 1, 1, current_date, current_date);
INSERT INTO MESSAGERESOURCE(VIEWID, MESSAGEKEY, LOCALE, LOCALEREFERENCEID, MESSAGE, CREATEDBYID, UPDATEDBYID, DATECREATED, DATEUPDATED) VALUES (12, 'frmApplicationUserDetailsStateProvinceRegionPlaceHolder', 'fr', 11001, 'Optionnel', 1, 1, current_date, current_date);
INSERT INTO MESSAGERESOURCE(VIEWID, MESSAGEKEY, LOCALE, LOCALEREFERENCEID, MESSAGE, CREATEDBYID, UPDATEDBYID, DATECREATED, DATEUPDATED) VALUES (12, 'frmApplicationUserDetailsStateProvinceRegionLabel', 'de', 11002, 'Staat/Provinz/Region', 1, 1, current_date, current_date);
INSERT INTO MESSAGERESOURCE(VIEWID, MESSAGEKEY, LOCALE, LOCALEREFERENCEID, MESSAGE, CREATEDBYID, UPDATEDBYID, DATECREATED, DATEUPDATED) VALUES (12, 'frmApplicationUserDetailsStateProvinceRegionHelpBlock', 'de', 11002, '', 1, 1, current_date, current_date);
INSERT INTO MESSAGERESOURCE(VIEWID, MESSAGEKEY, LOCALE, LOCALEREFERENCEID, MESSAGE, CREATEDBYID, UPDATEDBYID, DATECREATED, DATEUPDATED) VALUES (12, 'frmApplicationUserDetailsStateProvinceRegionPlaceHolder', 'de', 11002, 'Optional', 1, 1, current_date, current_date);
INSERT INTO MESSAGERESOURCE(VIEWID, MESSAGEKEY, LOCALE, LOCALEREFERENCEID, MESSAGE, CREATEDBYID, UPDATEDBYID, DATECREATED, DATEUPDATED) VALUES (12, 'frmApplicationUserDetailsPostCodeLabel', 'en', 11000, 'Post Code', 1, 1, current_date, current_date);
INSERT INTO MESSAGERESOURCE(VIEWID, MESSAGEKEY, LOCALE, LOCALEREFERENCEID, MESSAGE, CREATEDBYID, UPDATEDBYID, DATECREATED, DATEUPDATED) VALUES (12, 'frmApplicationUserDetailsPostCodeHelpBlock', 'en', 11000, '', 1, 1, current_date, current_date);
INSERT INTO MESSAGERESOURCE(VIEWID, MESSAGEKEY, LOCALE, LOCALEREFERENCEID, MESSAGE, CREATEDBYID, UPDATEDBYID, DATECREATED, DATEUPDATED) VALUES (12, 'frmApplicationUserDetailsPostCodePlaceHolder', 'en', 11000, '', 1, 1, current_date, current_date);
INSERT INTO MESSAGERESOURCE(VIEWID, MESSAGEKEY, LOCALE, LOCALEREFERENCEID, MESSAGE, CREATEDBYID, UPDATEDBYID, DATECREATED, DATEUPDATED) VALUES (12, 'frmApplicationUserDetailsPostCodeLabel', 'fr', 11001, 'Code Postal', 1, 1, current_date, current_date);
INSERT INTO MESSAGERESOURCE(VIEWID, MESSAGEKEY, LOCALE, LOCALEREFERENCEID, MESSAGE, CREATEDBYID, UPDATEDBYID, DATECREATED, DATEUPDATED) VALUES (12, 'frmApplicationUserDetailsPostCodeHelpBlock', 'fr', 11001, '', 1, 1, current_date, current_date);
INSERT INTO MESSAGERESOURCE(VIEWID, MESSAGEKEY, LOCALE, LOCALEREFERENCEID, MESSAGE, CREATEDBYID, UPDATEDBYID, DATECREATED, DATEUPDATED) VALUES (12, 'frmApplicationUserDetailsPostCodePlaceHolder', 'fr', 11001, '', 1, 1, current_date, current_date);
INSERT INTO MESSAGERESOURCE(VIEWID, MESSAGEKEY, LOCALE, LOCALEREFERENCEID, MESSAGE, CREATEDBYID, UPDATEDBYID, DATECREATED, DATEUPDATED) VALUES (12, 'frmApplicationUserDetailsPostCodeLabel', 'de', 11002, 'PLZ', 1, 1, current_date, current_date);
INSERT INTO MESSAGERESOURCE(VIEWID, MESSAGEKEY, LOCALE, LOCALEREFERENCEID, MESSAGE, CREATEDBYID, UPDATEDBYID, DATECREATED, DATEUPDATED) VALUES (12, 'frmApplicationUserDetailsPostCodeHelpBlock', 'de', 11002, '', 1, 1, current_date, current_date);
INSERT INTO MESSAGERESOURCE(VIEWID, MESSAGEKEY, LOCALE, LOCALEREFERENCEID, MESSAGE, CREATEDBYID, UPDATEDBYID, DATECREATED, DATEUPDATED) VALUES (12, 'frmApplicationUserDetailsPostCodePlaceHolder', 'de', 11002, '', 1, 1, current_date, current_date);
INSERT INTO MESSAGERESOURCE(VIEWID, MESSAGEKEY, LOCALE, LOCALEREFERENCEID, MESSAGE, CREATEDBYID, UPDATEDBYID, DATECREATED, DATEUPDATED) VALUES (12, 'frmApplicationUserDetailsCountryLabel', 'en', 11000, 'Country', 1, 1, current_date, current_date);
INSERT INTO MESSAGERESOURCE(VIEWID, MESSAGEKEY, LOCALE, LOCALEREFERENCEID, MESSAGE, CREATEDBYID, UPDATEDBYID, DATECREATED, DATEUPDATED) VALUES (12, 'frmApplicationUserDetailsCountryHelpBlock', 'en', 11000, '', 1, 1, current_date, current_date);
INSERT INTO MESSAGERESOURCE(VIEWID, MESSAGEKEY, LOCALE, LOCALEREFERENCEID, MESSAGE, CREATEDBYID, UPDATEDBYID, DATECREATED, DATEUPDATED) VALUES (12, 'frmApplicationUserDetailsCountryPlaceHolder', 'en', 11000, 'Please select', 1, 1, current_date, current_date);
INSERT INTO MESSAGERESOURCE(VIEWID, MESSAGEKEY, LOCALE, LOCALEREFERENCEID, MESSAGE, CREATEDBYID, UPDATEDBYID, DATECREATED, DATEUPDATED) VALUES (12, 'frmApplicationUserDetailsCountryLabel', 'fr', 11001, 'Pays', 1, 1, current_date, current_date);
INSERT INTO MESSAGERESOURCE(VIEWID, MESSAGEKEY, LOCALE, LOCALEREFERENCEID, MESSAGE, CREATEDBYID, UPDATEDBYID, DATECREATED, DATEUPDATED) VALUES (12, 'frmApplicationUserDetailsCountryHelpBlock', 'fr', 11001, '', 1, 1, current_date, current_date);
INSERT INTO MESSAGERESOURCE(VIEWID, MESSAGEKEY, LOCALE, LOCALEREFERENCEID, MESSAGE, CREATEDBYID, UPDATEDBYID, DATECREATED, DATEUPDATED) VALUES (12, 'frmApplicationUserDetailsCountryPlaceHolder', 'fr', 11001, 'Veuillez choisir', 1, 1, current_date, current_date);
INSERT INTO MESSAGERESOURCE(VIEWID, MESSAGEKEY, LOCALE, LOCALEREFERENCEID, MESSAGE, CREATEDBYID, UPDATEDBYID, DATECREATED, DATEUPDATED) VALUES (12, 'frmApplicationUserDetailsCountryLabel', 'de', 11002, 'Land', 1, 1, current_date, current_date);
INSERT INTO MESSAGERESOURCE(VIEWID, MESSAGEKEY, LOCALE, LOCALEREFERENCEID, MESSAGE, CREATEDBYID, UPDATEDBYID, DATECREATED, DATEUPDATED) VALUES (12, 'frmApplicationUserDetailsCountryHelpBlock', 'de', 11002, '', 1, 1, current_date, current_date);
INSERT INTO MESSAGERESOURCE(VIEWID, MESSAGEKEY, LOCALE, LOCALEREFERENCEID, MESSAGE, CREATEDBYID, UPDATEDBYID, DATECREATED, DATEUPDATED) VALUES (12, 'frmApplicationUserDetailsCountryPlaceHolder', 'de', 11002, 'Bitte auswhlen ', 1, 1, current_date, current_date);
INSERT INTO MESSAGERESOURCE(VIEWID, MESSAGEKEY, LOCALE, LOCALEREFERENCEID, MESSAGE, CREATEDBYID, UPDATEDBYID, DATECREATED, DATEUPDATED) VALUES (12, 'frmApplicationUserDetailsEmailAddressLabel', 'en', 11000, 'Email Address', 1, 1, current_date, current_date);
INSERT INTO MESSAGERESOURCE(VIEWID, MESSAGEKEY, LOCALE, LOCALEREFERENCEID, MESSAGE, CREATEDBYID, UPDATEDBYID, DATECREATED, DATEUPDATED) VALUES (12, 'frmApplicationUserDetailsEmailAddressHelpBlock', 'en', 11000, '', 1, 1, current_date, current_date);
INSERT INTO MESSAGERESOURCE(VIEWID, MESSAGEKEY, LOCALE, LOCALEREFERENCEID, MESSAGE, CREATEDBYID, UPDATEDBYID, DATECREATED, DATEUPDATED) VALUES (12, 'frmApplicationUserDetailsEmailAddressPlaceHolder', 'en', 11000, '', 1, 1, current_date, current_date);
INSERT INTO MESSAGERESOURCE(VIEWID, MESSAGEKEY, LOCALE, LOCALEREFERENCEID, MESSAGE, CREATEDBYID, UPDATEDBYID, DATECREATED, DATEUPDATED) VALUES (12, 'frmApplicationUserDetailsEmailAddressLabel', 'fr', 11001, 'Adresse e-mail', 1, 1, current_date, current_date);
INSERT INTO MESSAGERESOURCE(VIEWID, MESSAGEKEY, LOCALE, LOCALEREFERENCEID, MESSAGE, CREATEDBYID, UPDATEDBYID, DATECREATED, DATEUPDATED) VALUES (12, 'frmApplicationUserDetailsEmailAddressHelpBlock', 'fr', 11001, '', 1, 1, current_date, current_date);
INSERT INTO MESSAGERESOURCE(VIEWID, MESSAGEKEY, LOCALE, LOCALEREFERENCEID, MESSAGE, CREATEDBYID, UPDATEDBYID, DATECREATED, DATEUPDATED) VALUES (12, 'frmApplicationUserDetailsEmailAddressPlaceHolder', 'fr', 11001, '', 1, 1, current_date, current_date);
INSERT INTO MESSAGERESOURCE(VIEWID, MESSAGEKEY, LOCALE, LOCALEREFERENCEID, MESSAGE, CREATEDBYID, UPDATEDBYID, DATECREATED, DATEUPDATED) VALUES (12, 'frmApplicationUserDetailsEmailAddressLabel', 'de', 11002, 'E-Mail-Addresse', 1, 1, current_date, current_date);
INSERT INTO MESSAGERESOURCE(VIEWID, MESSAGEKEY, LOCALE, LOCALEREFERENCEID, MESSAGE, CREATEDBYID, UPDATEDBYID, DATECREATED, DATEUPDATED) VALUES (12, 'frmApplicationUserDetailsEmailAddressHelpBlock', 'de', 11002, '', 1, 1, current_date, current_date);
INSERT INTO MESSAGERESOURCE(VIEWID, MESSAGEKEY, LOCALE, LOCALEREFERENCEID, MESSAGE, CREATEDBYID, UPDATEDBYID, DATECREATED, DATEUPDATED) VALUES (12, 'frmApplicationUserDetailsEmailAddressPlaceHolder', 'de', 11002, '', 1, 1, current_date, current_date);
INSERT INTO MESSAGERESOURCE(VIEWID, MESSAGEKEY, LOCALE, LOCALEREFERENCEID, MESSAGE, CREATEDBYID, UPDATEDBYID, DATECREATED, DATEUPDATED) VALUES (12, 'frmApplicationUserDetailsSaveButtonLabel', 'en', 11000, 'Save', 1, 1, current_date, current_date);
INSERT INTO MESSAGERESOURCE(VIEWID, MESSAGEKEY, LOCALE, LOCALEREFERENCEID, MESSAGE, CREATEDBYID, UPDATEDBYID, DATECREATED, DATEUPDATED) VALUES (12, 'frmApplicationUserDetailsSaveButtonHelpBlock', 'en', 11000, '', 1, 1, current_date, current_date);
INSERT INTO MESSAGERESOURCE(VIEWID, MESSAGEKEY, LOCALE, LOCALEREFERENCEID, MESSAGE, CREATEDBYID, UPDATEDBYID, DATECREATED, DATEUPDATED) VALUES (12, 'frmApplicationUserDetailsSaveButtonPlaceHolder', 'en', 11000, '', 1, 1, current_date, current_date);
INSERT INTO MESSAGERESOURCE(VIEWID, MESSAGEKEY, LOCALE, LOCALEREFERENCEID, MESSAGE, CREATEDBYID, UPDATEDBYID, DATECREATED, DATEUPDATED) VALUES (12, 'frmApplicationUserDetailsSaveButtonLabel', 'fr', 11001, 'Enregistrer', 1, 1, current_date, current_date);
INSERT INTO MESSAGERESOURCE(VIEWID, MESSAGEKEY, LOCALE, LOCALEREFERENCEID, MESSAGE, CREATEDBYID, UPDATEDBYID, DATECREATED, DATEUPDATED) VALUES (12, 'frmApplicationUserDetailsSaveButtonHelpBlock', 'fr', 11001, '', 1, 1, current_date, current_date);
INSERT INTO MESSAGERESOURCE(VIEWID, MESSAGEKEY, LOCALE, LOCALEREFERENCEID, MESSAGE, CREATEDBYID, UPDATEDBYID, DATECREATED, DATEUPDATED) VALUES (12, 'frmApplicationUserDetailsSaveButtonPlaceHolder', 'fr', 11001, '', 1, 1, current_date, current_date);
INSERT INTO MESSAGERESOURCE(VIEWID, MESSAGEKEY, LOCALE, LOCALEREFERENCEID, MESSAGE, CREATEDBYID, UPDATEDBYID, DATECREATED, DATEUPDATED) VALUES (12, 'frmApplicationUserDetailsSaveButtonLabel', 'de', 11002, 'Rekord', 1, 1, current_date, current_date);
INSERT INTO MESSAGERESOURCE(VIEWID, MESSAGEKEY, LOCALE, LOCALEREFERENCEID, MESSAGE, CREATEDBYID, UPDATEDBYID, DATECREATED, DATEUPDATED) VALUES (12, 'frmApplicationUserDetailsSaveButtonHelpBlock', 'de', 11002, '', 1, 1, current_date, current_date);
INSERT INTO MESSAGERESOURCE(VIEWID, MESSAGEKEY, LOCALE, LOCALEREFERENCEID, MESSAGE, CREATEDBYID, UPDATEDBYID, DATECREATED, DATEUPDATED) VALUES (12, 'frmApplicationUserDetailsSaveButtonPlaceHolder', 'de', 11002, '', 1, 1, current_date, current_date);
INSERT INTO MESSAGERESOURCE(VIEWID, MESSAGEKEY, LOCALE, LOCALEREFERENCEID, MESSAGE, CREATEDBYID, UPDATEDBYID, DATECREATED, DATEUPDATED) VALUES (7, 'referenceValueCounty1', 'en', 11000, 'Antrim', 1, 1, current_date, current_date);
INSERT INTO MESSAGERESOURCE(VIEWID, MESSAGEKEY, LOCALE, LOCALEREFERENCEID, MESSAGE, CREATEDBYID, UPDATEDBYID, DATECREATED, DATEUPDATED) VALUES (7, 'referenceValueCounty2', 'en', 11000, 'Armagh', 1, 1, current_date, current_date);
INSERT INTO MESSAGERESOURCE(VIEWID, MESSAGEKEY, LOCALE, LOCALEREFERENCEID, MESSAGE, CREATEDBYID, UPDATEDBYID, DATECREATED, DATEUPDATED) VALUES (7, 'referenceValueCounty3', 'en', 11000, 'Carlow', 1, 1, current_date, current_date);
INSERT INTO MESSAGERESOURCE(VIEWID, MESSAGEKEY, LOCALE, LOCALEREFERENCEID, MESSAGE, CREATEDBYID, UPDATEDBYID, DATECREATED, DATEUPDATED) VALUES (7, 'referenceValueCounty4', 'en', 11000, 'Cavan', 1, 1, current_date, current_date);
INSERT INTO MESSAGERESOURCE(VIEWID, MESSAGEKEY, LOCALE, LOCALEREFERENCEID, MESSAGE, CREATEDBYID, UPDATEDBYID, DATECREATED, DATEUPDATED) VALUES (7, 'referenceValueCounty5', 'en', 11000, 'Clare', 1, 1, current_date, current_date);
INSERT INTO MESSAGERESOURCE(VIEWID, MESSAGEKEY, LOCALE, LOCALEREFERENCEID, MESSAGE, CREATEDBYID, UPDATEDBYID, DATECREATED, DATEUPDATED) VALUES (7, 'referenceValueCounty6', 'en', 11000, 'Cork', 1, 1, current_date, current_date);
INSERT INTO MESSAGERESOURCE(VIEWID, MESSAGEKEY, LOCALE, LOCALEREFERENCEID, MESSAGE, CREATEDBYID, UPDATEDBYID, DATECREATED, DATEUPDATED) VALUES (7, 'referenceValueCounty7', 'en', 11000, 'Derry', 1, 1, current_date, current_date);
INSERT INTO MESSAGERESOURCE(VIEWID, MESSAGEKEY, LOCALE, LOCALEREFERENCEID, MESSAGE, CREATEDBYID, UPDATEDBYID, DATECREATED, DATEUPDATED) VALUES (7, 'referenceValueCounty8', 'en', 11000, 'Donegal', 1, 1, current_date, current_date);
INSERT INTO MESSAGERESOURCE(VIEWID, MESSAGEKEY, LOCALE, LOCALEREFERENCEID, MESSAGE, CREATEDBYID, UPDATEDBYID, DATECREATED, DATEUPDATED) VALUES (7, 'referenceValueCounty9', 'en', 11000, 'Down', 1, 1, current_date, current_date);
INSERT INTO MESSAGERESOURCE(VIEWID, MESSAGEKEY, LOCALE, LOCALEREFERENCEID, MESSAGE, CREATEDBYID, UPDATEDBYID, DATECREATED, DATEUPDATED) VALUES (7, 'referenceValueCounty10', 'en', 11000, 'Dublin', 1, 1, current_date, current_date);
INSERT INTO MESSAGERESOURCE(VIEWID, MESSAGEKEY, LOCALE, LOCALEREFERENCEID, MESSAGE, CREATEDBYID, UPDATEDBYID, DATECREATED, DATEUPDATED) VALUES (7, 'referenceValueCounty11', 'en', 11000, 'Fermanagh', 1, 1, current_date, current_date);
INSERT INTO MESSAGERESOURCE(VIEWID, MESSAGEKEY, LOCALE, LOCALEREFERENCEID, MESSAGE, CREATEDBYID, UPDATEDBYID, DATECREATED, DATEUPDATED) VALUES (7, 'referenceValueCounty12', 'en', 11000, 'Galway', 1, 1, current_date, current_date);
INSERT INTO MESSAGERESOURCE(VIEWID, MESSAGEKEY, LOCALE, LOCALEREFERENCEID, MESSAGE, CREATEDBYID, UPDATEDBYID, DATECREATED, DATEUPDATED) VALUES (7, 'referenceValueCounty13', 'en', 11000, 'Kerry', 1, 1, current_date, current_date);
INSERT INTO MESSAGERESOURCE(VIEWID, MESSAGEKEY, LOCALE, LOCALEREFERENCEID, MESSAGE, CREATEDBYID, UPDATEDBYID, DATECREATED, DATEUPDATED) VALUES (7, 'referenceValueCounty14', 'en', 11000, 'Kildare', 1, 1, current_date, current_date);
INSERT INTO MESSAGERESOURCE(VIEWID, MESSAGEKEY, LOCALE, LOCALEREFERENCEID, MESSAGE, CREATEDBYID, UPDATEDBYID, DATECREATED, DATEUPDATED) VALUES (7, 'referenceValueCounty15', 'en', 11000, 'Kilkenny', 1, 1, current_date, current_date);
INSERT INTO MESSAGERESOURCE(VIEWID, MESSAGEKEY, LOCALE, LOCALEREFERENCEID, MESSAGE, CREATEDBYID, UPDATEDBYID, DATECREATED, DATEUPDATED) VALUES (7, 'referenceValueCounty16', 'en', 11000, 'Laois', 1, 1, current_date, current_date);
INSERT INTO MESSAGERESOURCE(VIEWID, MESSAGEKEY, LOCALE, LOCALEREFERENCEID, MESSAGE, CREATEDBYID, UPDATEDBYID, DATECREATED, DATEUPDATED) VALUES (7, 'referenceValueCounty17', 'en', 11000, 'Leitrim', 1, 1, current_date, current_date);
INSERT INTO MESSAGERESOURCE(VIEWID, MESSAGEKEY, LOCALE, LOCALEREFERENCEID, MESSAGE, CREATEDBYID, UPDATEDBYID, DATECREATED, DATEUPDATED) VALUES (7, 'referenceValueCounty18', 'en', 11000, 'Limerick', 1, 1, current_date, current_date);
INSERT INTO MESSAGERESOURCE(VIEWID, MESSAGEKEY, LOCALE, LOCALEREFERENCEID, MESSAGE, CREATEDBYID, UPDATEDBYID, DATECREATED, DATEUPDATED) VALUES (7, 'referenceValueCounty19', 'en', 11000, 'Longford', 1, 1, current_date, current_date);
INSERT INTO MESSAGERESOURCE(VIEWID, MESSAGEKEY, LOCALE, LOCALEREFERENCEID, MESSAGE, CREATEDBYID, UPDATEDBYID, DATECREATED, DATEUPDATED) VALUES (7, 'referenceValueCounty20', 'en', 11000, 'Louth', 1, 1, current_date, current_date);
INSERT INTO MESSAGERESOURCE(VIEWID, MESSAGEKEY, LOCALE, LOCALEREFERENCEID, MESSAGE, CREATEDBYID, UPDATEDBYID, DATECREATED, DATEUPDATED) VALUES (7, 'referenceValueCounty21', 'en', 11000, 'Mayo', 1, 1, current_date, current_date);
INSERT INTO MESSAGERESOURCE(VIEWID, MESSAGEKEY, LOCALE, LOCALEREFERENCEID, MESSAGE, CREATEDBYID, UPDATEDBYID, DATECREATED, DATEUPDATED) VALUES (7, 'referenceValueCounty22', 'en', 11000, 'Meath', 1, 1, current_date, current_date);
INSERT INTO MESSAGERESOURCE(VIEWID, MESSAGEKEY, LOCALE, LOCALEREFERENCEID, MESSAGE, CREATEDBYID, UPDATEDBYID, DATECREATED, DATEUPDATED) VALUES (7, 'referenceValueCounty23', 'en', 11000, 'Monaghan', 1, 1, current_date, current_date);
INSERT INTO MESSAGERESOURCE(VIEWID, MESSAGEKEY, LOCALE, LOCALEREFERENCEID, MESSAGE, CREATEDBYID, UPDATEDBYID, DATECREATED, DATEUPDATED) VALUES (7, 'referenceValueCounty24', 'en', 11000, 'Offaly', 1, 1, current_date, current_date);
INSERT INTO MESSAGERESOURCE(VIEWID, MESSAGEKEY, LOCALE, LOCALEREFERENCEID, MESSAGE, CREATEDBYID, UPDATEDBYID, DATECREATED, DATEUPDATED) VALUES (7, 'referenceValueCounty25', 'en', 11000, 'Roscommon', 1, 1, current_date, current_date);
INSERT INTO MESSAGERESOURCE(VIEWID, MESSAGEKEY, LOCALE, LOCALEREFERENCEID, MESSAGE, CREATEDBYID, UPDATEDBYID, DATECREATED, DATEUPDATED) VALUES (7, 'referenceValueCounty26', 'en', 11000, 'Sligo', 1, 1, current_date, current_date);
INSERT INTO MESSAGERESOURCE(VIEWID, MESSAGEKEY, LOCALE, LOCALEREFERENCEID, MESSAGE, CREATEDBYID, UPDATEDBYID, DATECREATED, DATEUPDATED) VALUES (7, 'referenceValueCounty27', 'en', 11000, 'Tipperary', 1, 1, current_date, current_date);
INSERT INTO MESSAGERESOURCE(VIEWID, MESSAGEKEY, LOCALE, LOCALEREFERENCEID, MESSAGE, CREATEDBYID, UPDATEDBYID, DATECREATED, DATEUPDATED) VALUES (7, 'referenceValueCounty28', 'en', 11000, 'Tyrone', 1, 1, current_date, current_date);
INSERT INTO MESSAGERESOURCE(VIEWID, MESSAGEKEY, LOCALE, LOCALEREFERENCEID, MESSAGE, CREATEDBYID, UPDATEDBYID, DATECREATED, DATEUPDATED) VALUES (7, 'referenceValueCounty29', 'en', 11000, 'Waterford', 1, 1, current_date, current_date);
INSERT INTO MESSAGERESOURCE(VIEWID, MESSAGEKEY, LOCALE, LOCALEREFERENCEID, MESSAGE, CREATEDBYID, UPDATEDBYID, DATECREATED, DATEUPDATED) VALUES (7, 'referenceValueCounty30', 'en', 11000, 'Westmeath', 1, 1, current_date, current_date);
INSERT INTO MESSAGERESOURCE(VIEWID, MESSAGEKEY, LOCALE, LOCALEREFERENCEID, MESSAGE, CREATEDBYID, UPDATEDBYID, DATECREATED, DATEUPDATED) VALUES (7, 'referenceValueCounty31', 'en', 11000, 'Wexford', 1, 1, current_date, current_date);
INSERT INTO MESSAGERESOURCE(VIEWID, MESSAGEKEY, LOCALE, LOCALEREFERENCEID, MESSAGE, CREATEDBYID, UPDATEDBYID, DATECREATED, DATEUPDATED) VALUES (7, 'referenceValueCounty32', 'en', 11000, 'Wicklow', 1, 1, current_date, current_date);
INSERT INTO MESSAGERESOURCE(VIEWID, MESSAGEKEY, LOCALE, LOCALEREFERENCEID, MESSAGE, CREATEDBYID, UPDATEDBYID, DATECREATED, DATEUPDATED) VALUES (7, 'referenceValueAccommodationType75', 'en', 11000, 'Mult-room Building', 1, 1, current_date, current_date);
INSERT INTO MESSAGERESOURCE(VIEWID, MESSAGEKEY, LOCALE, LOCALEREFERENCEID, MESSAGE, CREATEDBYID, UPDATEDBYID, DATECREATED, DATEUPDATED) VALUES (7, 'referenceValueAccommodationType76', 'en', 11000, 'House', 1, 1, current_date, current_date);
INSERT INTO MESSAGERESOURCE(VIEWID, MESSAGEKEY, LOCALE, LOCALEREFERENCEID, MESSAGE, CREATEDBYID, UPDATEDBYID, DATECREATED, DATEUPDATED) VALUES (7, 'referenceValueAccommodationType77', 'en', 11000, 'Duplex', 1, 1, current_date, current_date);
INSERT INTO MESSAGERESOURCE(VIEWID, MESSAGEKEY, LOCALE, LOCALEREFERENCEID, MESSAGE, CREATEDBYID, UPDATEDBYID, DATECREATED, DATEUPDATED) VALUES (7, 'referenceValueAccommodationType78', 'en', 11000, 'Apartment', 1, 1, current_date, current_date);
INSERT INTO MESSAGERESOURCE(VIEWID, MESSAGEKEY, LOCALE, LOCALEREFERENCEID, MESSAGE, CREATEDBYID, UPDATEDBYID, DATECREATED, DATEUPDATED) VALUES (7, 'referenceValueAccommodationType79', 'en', 11000, 'Single Room', 1, 1, current_date, current_date);
INSERT INTO MESSAGERESOURCE(VIEWID, MESSAGEKEY, LOCALE, LOCALEREFERENCEID, MESSAGE, CREATEDBYID, UPDATEDBYID, DATECREATED, DATEUPDATED) VALUES (7, 'referenceValueAccommodationType80', 'en', 11000, 'Other', 1, 1, current_date, current_date);
INSERT INTO MESSAGERESOURCE(VIEWID, MESSAGEKEY, LOCALE, LOCALEREFERENCEID, MESSAGE, CREATEDBYID, UPDATEDBYID, DATECREATED, DATEUPDATED) VALUES (7, 'referenceValueAccommodationCondition81', 'en', 11000, 'Usable', 1, 1, current_date, current_date);
INSERT INTO MESSAGERESOURCE(VIEWID, MESSAGEKEY, LOCALE, LOCALEREFERENCEID, MESSAGE, CREATEDBYID, UPDATEDBYID, DATECREATED, DATEUPDATED) VALUES (7, 'referenceValueAccommodationCondition82', 'en', 11000, 'Needs minor repairs', 1, 1, current_date, current_date);
INSERT INTO MESSAGERESOURCE(VIEWID, MESSAGEKEY, LOCALE, LOCALEREFERENCEID, MESSAGE, CREATEDBYID, UPDATEDBYID, DATECREATED, DATEUPDATED) VALUES (7, 'referenceValueAccommodationCondition83', 'en', 11000, 'Needs major repairs', 1, 1, current_date, current_date);
INSERT INTO MESSAGERESOURCE(VIEWID, MESSAGEKEY, LOCALE, LOCALEREFERENCEID, MESSAGE, CREATEDBYID, UPDATEDBYID, DATECREATED, DATEUPDATED) VALUES (7, 'referenceValueNumberOfBeds84', 'en', 11000, '1', 1, 1, current_date, current_date);
INSERT INTO MESSAGERESOURCE(VIEWID, MESSAGEKEY, LOCALE, LOCALEREFERENCEID, MESSAGE, CREATEDBYID, UPDATEDBYID, DATECREATED, DATEUPDATED) VALUES (7, 'referenceValueNumberOfBeds85', 'en', 11000, '2', 1, 1, current_date, current_date);
INSERT INTO MESSAGERESOURCE(VIEWID, MESSAGEKEY, LOCALE, LOCALEREFERENCEID, MESSAGE, CREATEDBYID, UPDATEDBYID, DATECREATED, DATEUPDATED) VALUES (7, 'referenceValueNumberOfBeds86', 'en', 11000, '3', 1, 1, current_date, current_date);
INSERT INTO MESSAGERESOURCE(VIEWID, MESSAGEKEY, LOCALE, LOCALEREFERENCEID, MESSAGE, CREATEDBYID, UPDATEDBYID, DATECREATED, DATEUPDATED) VALUES (7, 'referenceValueNumberOfBeds87', 'en', 11000, '4', 1, 1, current_date, current_date);
INSERT INTO MESSAGERESOURCE(VIEWID, MESSAGEKEY, LOCALE, LOCALEREFERENCEID, MESSAGE, CREATEDBYID, UPDATEDBYID, DATECREATED, DATEUPDATED) VALUES (7, 'referenceValueNumberOfBeds88', 'en', 11000, '5+', 1, 1, current_date, current_date);
INSERT INTO MESSAGERESOURCE(VIEWID, MESSAGEKEY, LOCALE, LOCALEREFERENCEID, MESSAGE, CREATEDBYID, UPDATEDBYID, DATECREATED, DATEUPDATED) VALUES (7, 'referenceValueNumberOfBeds89', 'en', 11000, '10+', 1, 1, current_date, current_date);
INSERT INTO MESSAGERESOURCE(VIEWID, MESSAGEKEY, LOCALE, LOCALEREFERENCEID, MESSAGE, CREATEDBYID, UPDATEDBYID, DATECREATED, DATEUPDATED) VALUES (7, 'referenceValueNumberOfBeds90', 'en', 11000, '15+', 1, 1, current_date, current_date);
INSERT INTO MESSAGERESOURCE(VIEWID, MESSAGEKEY, LOCALE, LOCALEREFERENCEID, MESSAGE, CREATEDBYID, UPDATEDBYID, DATECREATED, DATEUPDATED) VALUES (7, 'referenceValueVacantOrShared91', 'en', 11000, 'Vacant', 1, 1, current_date, current_date);
INSERT INTO MESSAGERESOURCE(VIEWID, MESSAGEKEY, LOCALE, LOCALEREFERENCEID, MESSAGE, CREATEDBYID, UPDATEDBYID, DATECREATED, DATEUPDATED) VALUES (7, 'referenceValueVacantOrShared92', 'en', 11000, 'Shared', 1, 1, current_date, current_date);
INSERT INTO MESSAGERESOURCE(VIEWID, MESSAGEKEY, LOCALE, LOCALEREFERENCEID, MESSAGE, CREATEDBYID, UPDATEDBYID, DATECREATED, DATEUPDATED) VALUES (7, 'referenceValueYouCanAccommodate99', 'en', 11000, 'Family', 1, 1, current_date, current_date);
INSERT INTO MESSAGERESOURCE(VIEWID, MESSAGEKEY, LOCALE, LOCALEREFERENCEID, MESSAGE, CREATEDBYID, UPDATEDBYID, DATECREATED, DATEUPDATED) VALUES (7, 'referenceValueYouCanAccommodate100', 'en', 11000, 'Couple', 1, 1, current_date, current_date);
INSERT INTO MESSAGERESOURCE(VIEWID, MESSAGEKEY, LOCALE, LOCALEREFERENCEID, MESSAGE, CREATEDBYID, UPDATEDBYID, DATECREATED, DATEUPDATED) VALUES (7, 'referenceValueYouCanAccommodate101', 'en', 11000, 'One adult male only', 1, 1, current_date, current_date);
INSERT INTO MESSAGERESOURCE(VIEWID, MESSAGEKEY, LOCALE, LOCALEREFERENCEID, MESSAGE, CREATEDBYID, UPDATEDBYID, DATECREATED, DATEUPDATED) VALUES (7, 'referenceValueYouCanAccommodate102', 'en', 11000, 'One adult female only', 1, 1, current_date, current_date);
INSERT INTO MESSAGERESOURCE(VIEWID, MESSAGEKEY, LOCALE, LOCALEREFERENCEID, MESSAGE, CREATEDBYID, UPDATEDBYID, DATECREATED, DATEUPDATED) VALUES (7, 'referenceValueMonthRange111', 'en', 11000, '1 month', 1, 1, current_date, current_date);
INSERT INTO MESSAGERESOURCE(VIEWID, MESSAGEKEY, LOCALE, LOCALEREFERENCEID, MESSAGE, CREATEDBYID, UPDATEDBYID, DATECREATED, DATEUPDATED) VALUES (7, 'referenceValueMonthRange112', 'en', 11000, '2 months', 1, 1, current_date, current_date);
INSERT INTO MESSAGERESOURCE(VIEWID, MESSAGEKEY, LOCALE, LOCALEREFERENCEID, MESSAGE, CREATEDBYID, UPDATEDBYID, DATECREATED, DATEUPDATED) VALUES (7, 'referenceValueMonthRange113', 'en', 11000, '3 months', 1, 1, current_date, current_date);
INSERT INTO MESSAGERESOURCE(VIEWID, MESSAGEKEY, LOCALE, LOCALEREFERENCEID, MESSAGE, CREATEDBYID, UPDATEDBYID, DATECREATED, DATEUPDATED) VALUES (7, 'referenceValueMonthRange114', 'en', 11000, '4 months', 1, 1, current_date, current_date);
INSERT INTO MESSAGERESOURCE(VIEWID, MESSAGEKEY, LOCALE, LOCALEREFERENCEID, MESSAGE, CREATEDBYID, UPDATEDBYID, DATECREATED, DATEUPDATED) VALUES (7, 'referenceValueMonthRange116', 'en', 11000, '5 months', 1, 1, current_date, current_date);
INSERT INTO MESSAGERESOURCE(VIEWID, MESSAGEKEY, LOCALE, LOCALEREFERENCEID, MESSAGE, CREATEDBYID, UPDATEDBYID, DATECREATED, DATEUPDATED) VALUES (7, 'referenceValueMonthRange117', 'en', 11000, '6 months', 1, 1, current_date, current_date);
INSERT INTO MESSAGERESOURCE(VIEWID, MESSAGEKEY, LOCALE, LOCALEREFERENCEID, MESSAGE, CREATEDBYID, UPDATEDBYID, DATECREATED, DATEUPDATED) VALUES (7, 'referenceValueMonthRange118', 'en', 11000, '7 months', 1, 1, current_date, current_date);
INSERT INTO MESSAGERESOURCE(VIEWID, MESSAGEKEY, LOCALE, LOCALEREFERENCEID, MESSAGE, CREATEDBYID, UPDATEDBYID, DATECREATED, DATEUPDATED) VALUES (7, 'referenceValueMonthRange119', 'en', 11000, '8 months', 1, 1, current_date, current_date);
INSERT INTO MESSAGERESOURCE(VIEWID, MESSAGEKEY, LOCALE, LOCALEREFERENCEID, MESSAGE, CREATEDBYID, UPDATEDBYID, DATECREATED, DATEUPDATED) VALUES (7, 'referenceValueMonthRange120', 'en', 11000, '9 months', 1, 1, current_date, current_date);
INSERT INTO MESSAGERESOURCE(VIEWID, MESSAGEKEY, LOCALE, LOCALEREFERENCEID, MESSAGE, CREATEDBYID, UPDATEDBYID, DATECREATED, DATEUPDATED) VALUES (7, 'referenceValueMonthRange121', 'en', 11000, '10 months', 1, 1, current_date, current_date);
INSERT INTO MESSAGERESOURCE(VIEWID, MESSAGEKEY, LOCALE, LOCALEREFERENCEID, MESSAGE, CREATEDBYID, UPDATEDBYID, DATECREATED, DATEUPDATED) VALUES (7, 'referenceValueMonthRange122', 'en', 11000, '11 months', 1, 1, current_date, current_date);
INSERT INTO MESSAGERESOURCE(VIEWID, MESSAGEKEY, LOCALE, LOCALEREFERENCEID, MESSAGE, CREATEDBYID, UPDATEDBYID, DATECREATED, DATEUPDATED) VALUES (7, 'referenceValueMonthRange123', 'en', 11000, '12 months', 1, 1, current_date, current_date);
INSERT INTO MESSAGERESOURCE(VIEWID, MESSAGEKEY, LOCALE, LOCALEREFERENCEID, MESSAGE, CREATEDBYID, UPDATEDBYID, DATECREATED, DATEUPDATED) VALUES (7, 'referenceValueMonthRange124', 'en', 11000, '13 months', 1, 1, current_date, current_date);
INSERT INTO MESSAGERESOURCE(VIEWID, MESSAGEKEY, LOCALE, LOCALEREFERENCEID, MESSAGE, CREATEDBYID, UPDATEDBYID, DATECREATED, DATEUPDATED) VALUES (7, 'referenceValueMonthRange125', 'en', 11000, '14 months', 1, 1, current_date, current_date);
INSERT INTO MESSAGERESOURCE(VIEWID, MESSAGEKEY, LOCALE, LOCALEREFERENCEID, MESSAGE, CREATEDBYID, UPDATEDBYID, DATECREATED, DATEUPDATED) VALUES (7, 'referenceValueMonthRange126', 'en', 11000, '15 months', 1, 1, current_date, current_date);
INSERT INTO MESSAGERESOURCE(VIEWID, MESSAGEKEY, LOCALE, LOCALEREFERENCEID, MESSAGE, CREATEDBYID, UPDATEDBYID, DATECREATED, DATEUPDATED) VALUES (7, 'referenceValueMonthRange127', 'en', 11000, '16 months', 1, 1, current_date, current_date);
INSERT INTO MESSAGERESOURCE(VIEWID, MESSAGEKEY, LOCALE, LOCALEREFERENCEID, MESSAGE, CREATEDBYID, UPDATEDBYID, DATECREATED, DATEUPDATED) VALUES (7, 'referenceValueMonthRange128', 'en', 11000, '17 months', 1, 1, current_date, current_date);
INSERT INTO MESSAGERESOURCE(VIEWID, MESSAGEKEY, LOCALE, LOCALEREFERENCEID, MESSAGE, CREATEDBYID, UPDATEDBYID, DATECREATED, DATEUPDATED) VALUES (7, 'referenceValueMonthRange129', 'en', 11000, '18 months', 1, 1, current_date, current_date);
INSERT INTO MESSAGERESOURCE(VIEWID, MESSAGEKEY, LOCALE, LOCALEREFERENCEID, MESSAGE, CREATEDBYID, UPDATEDBYID, DATECREATED, DATEUPDATED) VALUES (7, 'referenceValueMonthRange130', 'en', 11000, '18+ months', 1, 1, current_date, current_date);
INSERT INTO MESSAGERESOURCE(VIEWID, MESSAGEKEY, LOCALE, LOCALEREFERENCEID, MESSAGE, CREATEDBYID, UPDATEDBYID, DATECREATED, DATEUPDATED) VALUES (7, 'referenceValueYes_No131', 'en', 11000, 'Yes', 1, 1, current_date, current_date);
INSERT INTO MESSAGERESOURCE(VIEWID, MESSAGEKEY, LOCALE, LOCALEREFERENCEID, MESSAGE, CREATEDBYID, UPDATEDBYID, DATECREATED, DATEUPDATED) VALUES (7, 'referenceValueYes_No131', 'fr', 11001, 'Oui', 1, 1, current_date, current_date);
INSERT INTO MESSAGERESOURCE(VIEWID, MESSAGEKEY, LOCALE, LOCALEREFERENCEID, MESSAGE, CREATEDBYID, UPDATEDBYID, DATECREATED, DATEUPDATED) VALUES (7, 'referenceValueYes_No131', 'de', 11002, 'Ja', 1, 1, current_date, current_date);
INSERT INTO MESSAGERESOURCE(VIEWID, MESSAGEKEY, LOCALE, LOCALEREFERENCEID, MESSAGE, CREATEDBYID, UPDATEDBYID, DATECREATED, DATEUPDATED) VALUES (7, 'referenceValueYes_No132', 'en', 11000, 'No', 1, 1, current_date, current_date);
INSERT INTO MESSAGERESOURCE(VIEWID, MESSAGEKEY, LOCALE, LOCALEREFERENCEID, MESSAGE, CREATEDBYID, UPDATEDBYID, DATECREATED, DATEUPDATED) VALUES (7, 'referenceValueYes_No132', 'fr', 11001, 'Non', 1, 1, current_date, current_date);
INSERT INTO MESSAGERESOURCE(VIEWID, MESSAGEKEY, LOCALE, LOCALEREFERENCEID, MESSAGE, CREATEDBYID, UPDATEDBYID, DATECREATED, DATEUPDATED) VALUES (7, 'referenceValueYes_No132', 'de', 11002, 'Nein', 1, 1, current_date, current_date);
INSERT INTO MESSAGERESOURCE(VIEWID, MESSAGEKEY, LOCALE, LOCALEREFERENCEID, MESSAGE, CREATEDBYID, UPDATEDBYID, DATECREATED, DATEUPDATED) VALUES (7, 'referenceValueEuropeCountry138', 'en', 11000, 'Albania', 1, 1, current_date, current_date);
INSERT INTO MESSAGERESOURCE(VIEWID, MESSAGEKEY, LOCALE, LOCALEREFERENCEID, MESSAGE, CREATEDBYID, UPDATEDBYID, DATECREATED, DATEUPDATED) VALUES (7, 'referenceValueEuropeCountry139', 'en', 11000, 'Andorra', 1, 1, current_date, current_date);
INSERT INTO MESSAGERESOURCE(VIEWID, MESSAGEKEY, LOCALE, LOCALEREFERENCEID, MESSAGE, CREATEDBYID, UPDATEDBYID, DATECREATED, DATEUPDATED) VALUES (7, 'referenceValueEuropeCountry140', 'en', 11000, 'Armenia', 1, 1, current_date, current_date);
INSERT INTO MESSAGERESOURCE(VIEWID, MESSAGEKEY, LOCALE, LOCALEREFERENCEID, MESSAGE, CREATEDBYID, UPDATEDBYID, DATECREATED, DATEUPDATED) VALUES (7, 'referenceValueEuropeCountry141', 'en', 11000, 'Austria', 1, 1, current_date, current_date);
INSERT INTO MESSAGERESOURCE(VIEWID, MESSAGEKEY, LOCALE, LOCALEREFERENCEID, MESSAGE, CREATEDBYID, UPDATEDBYID, DATECREATED, DATEUPDATED) VALUES (7, 'referenceValueEuropeCountry142', 'en', 11000, 'Azerbaijan', 1, 1, current_date, current_date);
INSERT INTO MESSAGERESOURCE(VIEWID, MESSAGEKEY, LOCALE, LOCALEREFERENCEID, MESSAGE, CREATEDBYID, UPDATEDBYID, DATECREATED, DATEUPDATED) VALUES (7, 'referenceValueEuropeCountry143', 'en', 11000, 'Belarus', 1, 1, current_date, current_date);
INSERT INTO MESSAGERESOURCE(VIEWID, MESSAGEKEY, LOCALE, LOCALEREFERENCEID, MESSAGE, CREATEDBYID, UPDATEDBYID, DATECREATED, DATEUPDATED) VALUES (7, 'referenceValueEuropeCountry144', 'en', 11000, 'Belgium', 1, 1, current_date, current_date);
INSERT INTO MESSAGERESOURCE(VIEWID, MESSAGEKEY, LOCALE, LOCALEREFERENCEID, MESSAGE, CREATEDBYID, UPDATEDBYID, DATECREATED, DATEUPDATED) VALUES (7, 'referenceValueEuropeCountry145', 'en', 11000, 'Bosnia and Herzegovina', 1, 1, current_date, current_date);
INSERT INTO MESSAGERESOURCE(VIEWID, MESSAGEKEY, LOCALE, LOCALEREFERENCEID, MESSAGE, CREATEDBYID, UPDATEDBYID, DATECREATED, DATEUPDATED) VALUES (7, 'referenceValueEuropeCountry146', 'en', 11000, 'Bulgaria', 1, 1, current_date, current_date);
INSERT INTO MESSAGERESOURCE(VIEWID, MESSAGEKEY, LOCALE, LOCALEREFERENCEID, MESSAGE, CREATEDBYID, UPDATEDBYID, DATECREATED, DATEUPDATED) VALUES (7, 'referenceValueEuropeCountry147', 'en', 11000, 'Croatia', 1, 1, current_date, current_date);
INSERT INTO MESSAGERESOURCE(VIEWID, MESSAGEKEY, LOCALE, LOCALEREFERENCEID, MESSAGE, CREATEDBYID, UPDATEDBYID, DATECREATED, DATEUPDATED) VALUES (7, 'referenceValueEuropeCountry148', 'en', 11000, 'Cyprus', 1, 1, current_date, current_date);
INSERT INTO MESSAGERESOURCE(VIEWID, MESSAGEKEY, LOCALE, LOCALEREFERENCEID, MESSAGE, CREATEDBYID, UPDATEDBYID, DATECREATED, DATEUPDATED) VALUES (7, 'referenceValueEuropeCountry149', 'en', 11000, 'Czech Republic', 1, 1, current_date, current_date);
INSERT INTO MESSAGERESOURCE(VIEWID, MESSAGEKEY, LOCALE, LOCALEREFERENCEID, MESSAGE, CREATEDBYID, UPDATEDBYID, DATECREATED, DATEUPDATED) VALUES (7, 'referenceValueEuropeCountry150', 'en', 11000, 'Denmark', 1, 1, current_date, current_date);
INSERT INTO MESSAGERESOURCE(VIEWID, MESSAGEKEY, LOCALE, LOCALEREFERENCEID, MESSAGE, CREATEDBYID, UPDATEDBYID, DATECREATED, DATEUPDATED) VALUES (7, 'referenceValueEuropeCountry151', 'en', 11000, 'Estonia', 1, 1, current_date, current_date);
INSERT INTO MESSAGERESOURCE(VIEWID, MESSAGEKEY, LOCALE, LOCALEREFERENCEID, MESSAGE, CREATEDBYID, UPDATEDBYID, DATECREATED, DATEUPDATED) VALUES (7, 'referenceValueEuropeCountry152', 'en', 11000, 'Finland', 1, 1, current_date, current_date);
INSERT INTO MESSAGERESOURCE(VIEWID, MESSAGEKEY, LOCALE, LOCALEREFERENCEID, MESSAGE, CREATEDBYID, UPDATEDBYID, DATECREATED, DATEUPDATED) VALUES (7, 'referenceValueEuropeCountry153', 'en', 11000, 'France', 1, 1, current_date, current_date);
INSERT INTO MESSAGERESOURCE(VIEWID, MESSAGEKEY, LOCALE, LOCALEREFERENCEID, MESSAGE, CREATEDBYID, UPDATEDBYID, DATECREATED, DATEUPDATED) VALUES (7, 'referenceValueEuropeCountry154', 'en', 11000, 'Georgia', 1, 1, current_date, current_date);
INSERT INTO MESSAGERESOURCE(VIEWID, MESSAGEKEY, LOCALE, LOCALEREFERENCEID, MESSAGE, CREATEDBYID, UPDATEDBYID, DATECREATED, DATEUPDATED) VALUES (7, 'referenceValueEuropeCountry155', 'en', 11000, 'Germany', 1, 1, current_date, current_date);
INSERT INTO MESSAGERESOURCE(VIEWID, MESSAGEKEY, LOCALE, LOCALEREFERENCEID, MESSAGE, CREATEDBYID, UPDATEDBYID, DATECREATED, DATEUPDATED) VALUES (7, 'referenceValueEuropeCountry156', 'en', 11000, 'Greece', 1, 1, current_date, current_date);
INSERT INTO MESSAGERESOURCE(VIEWID, MESSAGEKEY, LOCALE, LOCALEREFERENCEID, MESSAGE, CREATEDBYID, UPDATEDBYID, DATECREATED, DATEUPDATED) VALUES (7, 'referenceValueEuropeCountry157', 'en', 11000, 'Hungary', 1, 1, current_date, current_date);
INSERT INTO MESSAGERESOURCE(VIEWID, MESSAGEKEY, LOCALE, LOCALEREFERENCEID, MESSAGE, CREATEDBYID, UPDATEDBYID, DATECREATED, DATEUPDATED) VALUES (7, 'referenceValueEuropeCountry158', 'en', 11000, 'Iceland', 1, 1, current_date, current_date);
INSERT INTO MESSAGERESOURCE(VIEWID, MESSAGEKEY, LOCALE, LOCALEREFERENCEID, MESSAGE, CREATEDBYID, UPDATEDBYID, DATECREATED, DATEUPDATED) VALUES (7, 'referenceValueEuropeCountry159', 'en', 11000, 'Ireland', 1, 1, current_date, current_date);
INSERT INTO MESSAGERESOURCE(VIEWID, MESSAGEKEY, LOCALE, LOCALEREFERENCEID, MESSAGE, CREATEDBYID, UPDATEDBYID, DATECREATED, DATEUPDATED) VALUES (7, 'referenceValueEuropeCountry160', 'en', 11000, 'Italy', 1, 1, current_date, current_date);
INSERT INTO MESSAGERESOURCE(VIEWID, MESSAGEKEY, LOCALE, LOCALEREFERENCEID, MESSAGE, CREATEDBYID, UPDATEDBYID, DATECREATED, DATEUPDATED) VALUES (7, 'referenceValueEuropeCountry161', 'en', 11000, 'Kazakhstan', 1, 1, current_date, current_date);
INSERT INTO MESSAGERESOURCE(VIEWID, MESSAGEKEY, LOCALE, LOCALEREFERENCEID, MESSAGE, CREATEDBYID, UPDATEDBYID, DATECREATED, DATEUPDATED) VALUES (7, 'referenceValueEuropeCountry162', 'en', 11000, 'Kosovo', 1, 1, current_date, current_date);
INSERT INTO MESSAGERESOURCE(VIEWID, MESSAGEKEY, LOCALE, LOCALEREFERENCEID, MESSAGE, CREATEDBYID, UPDATEDBYID, DATECREATED, DATEUPDATED) VALUES (7, 'referenceValueEuropeCountry163', 'en', 11000, 'Latvia', 1, 1, current_date, current_date);
INSERT INTO MESSAGERESOURCE(VIEWID, MESSAGEKEY, LOCALE, LOCALEREFERENCEID, MESSAGE, CREATEDBYID, UPDATEDBYID, DATECREATED, DATEUPDATED) VALUES (7, 'referenceValueEuropeCountry164', 'en', 11000, 'Liechtenstein', 1, 1, current_date, current_date);
INSERT INTO MESSAGERESOURCE(VIEWID, MESSAGEKEY, LOCALE, LOCALEREFERENCEID, MESSAGE, CREATEDBYID, UPDATEDBYID, DATECREATED, DATEUPDATED) VALUES (7, 'referenceValueEuropeCountry165', 'en', 11000, 'Lithuania', 1, 1, current_date, current_date);
INSERT INTO MESSAGERESOURCE(VIEWID, MESSAGEKEY, LOCALE, LOCALEREFERENCEID, MESSAGE, CREATEDBYID, UPDATEDBYID, DATECREATED, DATEUPDATED) VALUES (7, 'referenceValueEuropeCountry166', 'en', 11000, 'Luxembourg', 1, 1, current_date, current_date);
INSERT INTO MESSAGERESOURCE(VIEWID, MESSAGEKEY, LOCALE, LOCALEREFERENCEID, MESSAGE, CREATEDBYID, UPDATEDBYID, DATECREATED, DATEUPDATED) VALUES (7, 'referenceValueEuropeCountry167', 'en', 11000, 'Macedonia', 1, 1, current_date, current_date);
INSERT INTO MESSAGERESOURCE(VIEWID, MESSAGEKEY, LOCALE, LOCALEREFERENCEID, MESSAGE, CREATEDBYID, UPDATEDBYID, DATECREATED, DATEUPDATED) VALUES (7, 'referenceValueEuropeCountry168', 'en', 11000, 'Malta', 1, 1, current_date, current_date);
INSERT INTO MESSAGERESOURCE(VIEWID, MESSAGEKEY, LOCALE, LOCALEREFERENCEID, MESSAGE, CREATEDBYID, UPDATEDBYID, DATECREATED, DATEUPDATED) VALUES (7, 'referenceValueEuropeCountry169', 'en', 11000, 'Moldova', 1, 1, current_date, current_date);
INSERT INTO MESSAGERESOURCE(VIEWID, MESSAGEKEY, LOCALE, LOCALEREFERENCEID, MESSAGE, CREATEDBYID, UPDATEDBYID, DATECREATED, DATEUPDATED) VALUES (7, 'referenceValueEuropeCountry170', 'en', 11000, 'Monaco', 1, 1, current_date, current_date);
INSERT INTO MESSAGERESOURCE(VIEWID, MESSAGEKEY, LOCALE, LOCALEREFERENCEID, MESSAGE, CREATEDBYID, UPDATEDBYID, DATECREATED, DATEUPDATED) VALUES (7, 'referenceValueEuropeCountry171', 'en', 11000, 'Montenegro', 1, 1, current_date, current_date);
INSERT INTO MESSAGERESOURCE(VIEWID, MESSAGEKEY, LOCALE, LOCALEREFERENCEID, MESSAGE, CREATEDBYID, UPDATEDBYID, DATECREATED, DATEUPDATED) VALUES (7, 'referenceValueEuropeCountry172', 'en', 11000, 'Netherlands', 1, 1, current_date, current_date);
INSERT INTO MESSAGERESOURCE(VIEWID, MESSAGEKEY, LOCALE, LOCALEREFERENCEID, MESSAGE, CREATEDBYID, UPDATEDBYID, DATECREATED, DATEUPDATED) VALUES (7, 'referenceValueEuropeCountry173', 'en', 11000, 'Norway', 1, 1, current_date, current_date);
INSERT INTO MESSAGERESOURCE(VIEWID, MESSAGEKEY, LOCALE, LOCALEREFERENCEID, MESSAGE, CREATEDBYID, UPDATEDBYID, DATECREATED, DATEUPDATED) VALUES (7, 'referenceValueEuropeCountry174', 'en', 11000, 'Poland', 1, 1, current_date, current_date);
INSERT INTO MESSAGERESOURCE(VIEWID, MESSAGEKEY, LOCALE, LOCALEREFERENCEID, MESSAGE, CREATEDBYID, UPDATEDBYID, DATECREATED, DATEUPDATED) VALUES (7, 'referenceValueEuropeCountry175', 'en', 11000, 'Portugal', 1, 1, current_date, current_date);
INSERT INTO MESSAGERESOURCE(VIEWID, MESSAGEKEY, LOCALE, LOCALEREFERENCEID, MESSAGE, CREATEDBYID, UPDATEDBYID, DATECREATED, DATEUPDATED) VALUES (7, 'referenceValueEuropeCountry176', 'en', 11000, 'Romania', 1, 1, current_date, current_date);
INSERT INTO MESSAGERESOURCE(VIEWID, MESSAGEKEY, LOCALE, LOCALEREFERENCEID, MESSAGE, CREATEDBYID, UPDATEDBYID, DATECREATED, DATEUPDATED) VALUES (7, 'referenceValueEuropeCountry177', 'en', 11000, 'Russia', 1, 1, current_date, current_date);
INSERT INTO MESSAGERESOURCE(VIEWID, MESSAGEKEY, LOCALE, LOCALEREFERENCEID, MESSAGE, CREATEDBYID, UPDATEDBYID, DATECREATED, DATEUPDATED) VALUES (7, 'referenceValueEuropeCountry178', 'en', 11000, 'San Marino', 1, 1, current_date, current_date);
INSERT INTO MESSAGERESOURCE(VIEWID, MESSAGEKEY, LOCALE, LOCALEREFERENCEID, MESSAGE, CREATEDBYID, UPDATEDBYID, DATECREATED, DATEUPDATED) VALUES (7, 'referenceValueEuropeCountry179', 'en', 11000, 'Serbia', 1, 1, current_date, current_date);
INSERT INTO MESSAGERESOURCE(VIEWID, MESSAGEKEY, LOCALE, LOCALEREFERENCEID, MESSAGE, CREATEDBYID, UPDATEDBYID, DATECREATED, DATEUPDATED) VALUES (7, 'referenceValueEuropeCountry180', 'en', 11000, 'Slovakia', 1, 1, current_date, current_date);
INSERT INTO MESSAGERESOURCE(VIEWID, MESSAGEKEY, LOCALE, LOCALEREFERENCEID, MESSAGE, CREATEDBYID, UPDATEDBYID, DATECREATED, DATEUPDATED) VALUES (7, 'referenceValueEuropeCountry181', 'en', 11000, 'Slovenia', 1, 1, current_date, current_date);
INSERT INTO MESSAGERESOURCE(VIEWID, MESSAGEKEY, LOCALE, LOCALEREFERENCEID, MESSAGE, CREATEDBYID, UPDATEDBYID, DATECREATED, DATEUPDATED) VALUES (7, 'referenceValueEuropeCountry182', 'en', 11000, 'Spain', 1, 1, current_date, current_date);
INSERT INTO MESSAGERESOURCE(VIEWID, MESSAGEKEY, LOCALE, LOCALEREFERENCEID, MESSAGE, CREATEDBYID, UPDATEDBYID, DATECREATED, DATEUPDATED) VALUES (7, 'referenceValueEuropeCountry183', 'en', 11000, 'Sweden', 1, 1, current_date, current_date);
INSERT INTO MESSAGERESOURCE(VIEWID, MESSAGEKEY, LOCALE, LOCALEREFERENCEID, MESSAGE, CREATEDBYID, UPDATEDBYID, DATECREATED, DATEUPDATED) VALUES (7, 'referenceValueEuropeCountry184', 'en', 11000, 'Switzerland', 1, 1, current_date, current_date);
INSERT INTO MESSAGERESOURCE(VIEWID, MESSAGEKEY, LOCALE, LOCALEREFERENCEID, MESSAGE, CREATEDBYID, UPDATEDBYID, DATECREATED, DATEUPDATED) VALUES (7, 'referenceValueEuropeCountry185', 'en', 11000, 'Turkey', 1, 1, current_date, current_date);
INSERT INTO MESSAGERESOURCE(VIEWID, MESSAGEKEY, LOCALE, LOCALEREFERENCEID, MESSAGE, CREATEDBYID, UPDATEDBYID, DATECREATED, DATEUPDATED) VALUES (7, 'referenceValueEuropeCountry186', 'en', 11000, 'Ukraine', 1, 1, current_date, current_date);
INSERT INTO MESSAGERESOURCE(VIEWID, MESSAGEKEY, LOCALE, LOCALEREFERENCEID, MESSAGE, CREATEDBYID, UPDATEDBYID, DATECREATED, DATEUPDATED) VALUES (7, 'referenceValueEuropeCountry187', 'en', 11000, 'United Kingdom', 1, 1, current_date, current_date);
INSERT INTO MESSAGERESOURCE(VIEWID, MESSAGEKEY, LOCALE, LOCALEREFERENCEID, MESSAGE, CREATEDBYID, UPDATEDBYID, DATECREATED, DATEUPDATED) VALUES (7, 'referenceValueEuropeCountry188', 'en', 11000, 'Vatican City (Holy See)', 1, 1, current_date, current_date);
INSERT INTO MESSAGERESOURCE(VIEWID, MESSAGEKEY, LOCALE, LOCALEREFERENCEID, MESSAGE, CREATEDBYID, UPDATEDBYID, DATECREATED, DATEUPDATED) VALUES (7, 'referenceValueFacilities190', 'en', 11000, 'Reception rooms 1', 1, 1, current_date, current_date);
INSERT INTO MESSAGERESOURCE(VIEWID, MESSAGEKEY, LOCALE, LOCALEREFERENCEID, MESSAGE, CREATEDBYID, UPDATEDBYID, DATECREATED, DATEUPDATED) VALUES (7, 'referenceValueFacilities191', 'en', 11000, 'Reception rooms 2', 1, 1, current_date, current_date);
INSERT INTO MESSAGERESOURCE(VIEWID, MESSAGEKEY, LOCALE, LOCALEREFERENCEID, MESSAGE, CREATEDBYID, UPDATEDBYID, DATECREATED, DATEUPDATED) VALUES (7, 'referenceValueFacilities192', 'en', 11000, 'Reception rooms 3+', 1, 1, current_date, current_date);
INSERT INTO MESSAGERESOURCE(VIEWID, MESSAGEKEY, LOCALE, LOCALEREFERENCEID, MESSAGE, CREATEDBYID, UPDATEDBYID, DATECREATED, DATEUPDATED) VALUES (7, 'referenceValueFacilities193', 'en', 11000, 'Kitchen', 1, 1, current_date, current_date);
INSERT INTO MESSAGERESOURCE(VIEWID, MESSAGEKEY, LOCALE, LOCALEREFERENCEID, MESSAGE, CREATEDBYID, UPDATEDBYID, DATECREATED, DATEUPDATED) VALUES (7, 'referenceValueFacilities194', 'en', 11000, 'En suite', 1, 1, current_date, current_date);
INSERT INTO MESSAGERESOURCE(VIEWID, MESSAGEKEY, LOCALE, LOCALEREFERENCEID, MESSAGE, CREATEDBYID, UPDATEDBYID, DATECREATED, DATEUPDATED) VALUES (7, 'referenceValueFacilities195', 'en', 11000, 'Garden', 1, 1, current_date, current_date);
INSERT INTO MESSAGERESOURCE(VIEWID, MESSAGEKEY, LOCALE, LOCALEREFERENCEID, MESSAGE, CREATEDBYID, UPDATEDBYID, DATECREATED, DATEUPDATED) VALUES (7, 'referenceValueFacilities196', 'en', 11000, 'Musical instruments', 1, 1, current_date, current_date);
INSERT INTO MESSAGERESOURCE(VIEWID, MESSAGEKEY, LOCALE, LOCALEREFERENCEID, MESSAGE, CREATEDBYID, UPDATEDBYID, DATECREATED, DATEUPDATED) VALUES (7, 'referenceValueFacilities197', 'en', 11000, 'Sports facilities', 1, 1, current_date, current_date);
INSERT INTO MESSAGERESOURCE(VIEWID, MESSAGEKEY, LOCALE, LOCALEREFERENCEID, MESSAGE, CREATEDBYID, UPDATEDBYID, DATECREATED, DATEUPDATED) VALUES (7, 'referenceValueFacilities198', 'en', 11000, 'Seaside location', 1, 1, current_date, current_date);
INSERT INTO MESSAGERESOURCE(VIEWID, MESSAGEKEY, LOCALE, LOCALEREFERENCEID, MESSAGE, CREATEDBYID, UPDATEDBYID, DATECREATED, DATEUPDATED) VALUES (7, 'referenceValueFacilities199', 'en', 11000, 'Countryside location', 1, 1, current_date, current_date);
INSERT INTO MESSAGERESOURCE(VIEWID, MESSAGEKEY, LOCALE, LOCALEREFERENCEID, MESSAGE, CREATEDBYID, UPDATEDBYID, DATECREATED, DATEUPDATED) VALUES (7, 'referenceValueFacilities199', 'en', 11000, '', 1, 1, current_date, current_date);
INSERT INTO MESSAGERESOURCE(VIEWID, MESSAGEKEY, LOCALE, LOCALEREFERENCEID, MESSAGE, CREATEDBYID, UPDATEDBYID, DATECREATED, DATEUPDATED) VALUES (7, 'referenceValueFacilities200', 'en', 11000, 'City location', 1, 1, current_date, current_date);
INSERT INTO MESSAGERESOURCE(VIEWID, MESSAGEKEY, LOCALE, LOCALEREFERENCEID, MESSAGE, CREATEDBYID, UPDATEDBYID, DATECREATED, DATEUPDATED) VALUES (7, 'referenceValueIntegerCount1to40201', 'en', 11000, '1', 1, 1, current_date, current_date);
INSERT INTO MESSAGERESOURCE(VIEWID, MESSAGEKEY, LOCALE, LOCALEREFERENCEID, MESSAGE, CREATEDBYID, UPDATEDBYID, DATECREATED, DATEUPDATED) VALUES (7, 'referenceValueIntegerCount1to40202', 'en', 11000, '2', 1, 1, current_date, current_date);
INSERT INTO MESSAGERESOURCE(VIEWID, MESSAGEKEY, LOCALE, LOCALEREFERENCEID, MESSAGE, CREATEDBYID, UPDATEDBYID, DATECREATED, DATEUPDATED) VALUES (7, 'referenceValueIntegerCount1to40203', 'en', 11000, '3', 1, 1, current_date, current_date);
INSERT INTO MESSAGERESOURCE(VIEWID, MESSAGEKEY, LOCALE, LOCALEREFERENCEID, MESSAGE, CREATEDBYID, UPDATEDBYID, DATECREATED, DATEUPDATED) VALUES (7, 'referenceValueIntegerCount1to40204', 'en', 11000, '4', 1, 1, current_date, current_date);
INSERT INTO MESSAGERESOURCE(VIEWID, MESSAGEKEY, LOCALE, LOCALEREFERENCEID, MESSAGE, CREATEDBYID, UPDATEDBYID, DATECREATED, DATEUPDATED) VALUES (7, 'referenceValueIntegerCount1to40205', 'en', 11000, '5', 1, 1, current_date, current_date);
INSERT INTO MESSAGERESOURCE(VIEWID, MESSAGEKEY, LOCALE, LOCALEREFERENCEID, MESSAGE, CREATEDBYID, UPDATEDBYID, DATECREATED, DATEUPDATED) VALUES (7, 'referenceValueIntegerCount1to40206', 'en', 11000, '6', 1, 1, current_date, current_date);
INSERT INTO MESSAGERESOURCE(VIEWID, MESSAGEKEY, LOCALE, LOCALEREFERENCEID, MESSAGE, CREATEDBYID, UPDATEDBYID, DATECREATED, DATEUPDATED) VALUES (7, 'referenceValueIntegerCount1to40207', 'en', 11000, '7', 1, 1, current_date, current_date);
INSERT INTO MESSAGERESOURCE(VIEWID, MESSAGEKEY, LOCALE, LOCALEREFERENCEID, MESSAGE, CREATEDBYID, UPDATEDBYID, DATECREATED, DATEUPDATED) VALUES (7, 'referenceValueIntegerCount1to40208', 'en', 11000, '8', 1, 1, current_date, current_date);
INSERT INTO MESSAGERESOURCE(VIEWID, MESSAGEKEY, LOCALE, LOCALEREFERENCEID, MESSAGE, CREATEDBYID, UPDATEDBYID, DATECREATED, DATEUPDATED) VALUES (7, 'referenceValueIntegerCount1to40209', 'en', 11000, '9', 1, 1, current_date, current_date);
INSERT INTO MESSAGERESOURCE(VIEWID, MESSAGEKEY, LOCALE, LOCALEREFERENCEID, MESSAGE, CREATEDBYID, UPDATEDBYID, DATECREATED, DATEUPDATED) VALUES (7, 'referenceValueIntegerCount1to40210', 'en', 11000, '10', 1, 1, current_date, current_date);
INSERT INTO MESSAGERESOURCE(VIEWID, MESSAGEKEY, LOCALE, LOCALEREFERENCEID, MESSAGE, CREATEDBYID, UPDATEDBYID, DATECREATED, DATEUPDATED) VALUES (7, 'referenceValueIntegerCount1to40211', 'en', 11000, '11', 1, 1, current_date, current_date);
INSERT INTO MESSAGERESOURCE(VIEWID, MESSAGEKEY, LOCALE, LOCALEREFERENCEID, MESSAGE, CREATEDBYID, UPDATEDBYID, DATECREATED, DATEUPDATED) VALUES (7, 'referenceValueIntegerCount1to40212', 'en', 11000, '12', 1, 1, current_date, current_date);
INSERT INTO MESSAGERESOURCE(VIEWID, MESSAGEKEY, LOCALE, LOCALEREFERENCEID, MESSAGE, CREATEDBYID, UPDATEDBYID, DATECREATED, DATEUPDATED) VALUES (7, 'referenceValueIntegerCount1to40213', 'en', 11000, '13', 1, 1, current_date, current_date);
INSERT INTO MESSAGERESOURCE(VIEWID, MESSAGEKEY, LOCALE, LOCALEREFERENCEID, MESSAGE, CREATEDBYID, UPDATEDBYID, DATECREATED, DATEUPDATED) VALUES (7, 'referenceValueIntegerCount1to40214', 'en', 11000, '14', 1, 1, current_date, current_date);
INSERT INTO MESSAGERESOURCE(VIEWID, MESSAGEKEY, LOCALE, LOCALEREFERENCEID, MESSAGE, CREATEDBYID, UPDATEDBYID, DATECREATED, DATEUPDATED) VALUES (7, 'referenceValueIntegerCount1to40215', 'en', 11000, '15', 1, 1, current_date, current_date);
INSERT INTO MESSAGERESOURCE(VIEWID, MESSAGEKEY, LOCALE, LOCALEREFERENCEID, MESSAGE, CREATEDBYID, UPDATEDBYID, DATECREATED, DATEUPDATED) VALUES (7, 'referenceValueIntegerCount1to40216', 'en', 11000, '16', 1, 1, current_date, current_date);
INSERT INTO MESSAGERESOURCE(VIEWID, MESSAGEKEY, LOCALE, LOCALEREFERENCEID, MESSAGE, CREATEDBYID, UPDATEDBYID, DATECREATED, DATEUPDATED) VALUES (7, 'referenceValueIntegerCount1to40217', 'en', 11000, '17', 1, 1, current_date, current_date);
INSERT INTO MESSAGERESOURCE(VIEWID, MESSAGEKEY, LOCALE, LOCALEREFERENCEID, MESSAGE, CREATEDBYID, UPDATEDBYID, DATECREATED, DATEUPDATED) VALUES (7, 'referenceValueIntegerCount1to40218', 'en', 11000, '18', 1, 1, current_date, current_date);
INSERT INTO MESSAGERESOURCE(VIEWID, MESSAGEKEY, LOCALE, LOCALEREFERENCEID, MESSAGE, CREATEDBYID, UPDATEDBYID, DATECREATED, DATEUPDATED) VALUES (7, 'referenceValueIntegerCount1to40219', 'en', 11000, '19', 1, 1, current_date, current_date);
INSERT INTO MESSAGERESOURCE(VIEWID, MESSAGEKEY, LOCALE, LOCALEREFERENCEID, MESSAGE, CREATEDBYID, UPDATEDBYID, DATECREATED, DATEUPDATED) VALUES (7, 'referenceValueIntegerCount1to40220', 'en', 11000, '20', 1, 1, current_date, current_date);
INSERT INTO MESSAGERESOURCE(VIEWID, MESSAGEKEY, LOCALE, LOCALEREFERENCEID, MESSAGE, CREATEDBYID, UPDATEDBYID, DATECREATED, DATEUPDATED) VALUES (7, 'referenceValueIntegerCount1to40221', 'en', 11000, '21', 1, 1, current_date, current_date);
INSERT INTO MESSAGERESOURCE(VIEWID, MESSAGEKEY, LOCALE, LOCALEREFERENCEID, MESSAGE, CREATEDBYID, UPDATEDBYID, DATECREATED, DATEUPDATED) VALUES (7, 'referenceValueIntegerCount1to40222', 'en', 11000, '22', 1, 1, current_date, current_date);
INSERT INTO MESSAGERESOURCE(VIEWID, MESSAGEKEY, LOCALE, LOCALEREFERENCEID, MESSAGE, CREATEDBYID, UPDATEDBYID, DATECREATED, DATEUPDATED) VALUES (7, 'referenceValueIntegerCount1to40223', 'en', 11000, '23', 1, 1, current_date, current_date);
INSERT INTO MESSAGERESOURCE(VIEWID, MESSAGEKEY, LOCALE, LOCALEREFERENCEID, MESSAGE, CREATEDBYID, UPDATEDBYID, DATECREATED, DATEUPDATED) VALUES (7, 'referenceValueIntegerCount1to40224', 'en', 11000, '24', 1, 1, current_date, current_date);
INSERT INTO MESSAGERESOURCE(VIEWID, MESSAGEKEY, LOCALE, LOCALEREFERENCEID, MESSAGE, CREATEDBYID, UPDATEDBYID, DATECREATED, DATEUPDATED) VALUES (7, 'referenceValueIntegerCount1to40225', 'en', 11000, '15', 1, 1, current_date, current_date);
INSERT INTO MESSAGERESOURCE(VIEWID, MESSAGEKEY, LOCALE, LOCALEREFERENCEID, MESSAGE, CREATEDBYID, UPDATEDBYID, DATECREATED, DATEUPDATED) VALUES (7, 'referenceValueIntegerCount1to40226', 'en', 11000, '26', 1, 1, current_date, current_date);
INSERT INTO MESSAGERESOURCE(VIEWID, MESSAGEKEY, LOCALE, LOCALEREFERENCEID, MESSAGE, CREATEDBYID, UPDATEDBYID, DATECREATED, DATEUPDATED) VALUES (7, 'referenceValueIntegerCount1to40227', 'en', 11000, '27', 1, 1, current_date, current_date);
INSERT INTO MESSAGERESOURCE(VIEWID, MESSAGEKEY, LOCALE, LOCALEREFERENCEID, MESSAGE, CREATEDBYID, UPDATEDBYID, DATECREATED, DATEUPDATED) VALUES (7, 'referenceValueIntegerCount1to40228', 'en', 11000, '28', 1, 1, current_date, current_date);
INSERT INTO MESSAGERESOURCE(VIEWID, MESSAGEKEY, LOCALE, LOCALEREFERENCEID, MESSAGE, CREATEDBYID, UPDATEDBYID, DATECREATED, DATEUPDATED) VALUES (7, 'referenceValueIntegerCount1to40229', 'en', 11000, '29', 1, 1, current_date, current_date);
INSERT INTO MESSAGERESOURCE(VIEWID, MESSAGEKEY, LOCALE, LOCALEREFERENCEID, MESSAGE, CREATEDBYID, UPDATEDBYID, DATECREATED, DATEUPDATED) VALUES (7, 'referenceValueIntegerCount1to40230', 'en', 11000, '30', 1, 1, current_date, current_date);
INSERT INTO MESSAGERESOURCE(VIEWID, MESSAGEKEY, LOCALE, LOCALEREFERENCEID, MESSAGE, CREATEDBYID, UPDATEDBYID, DATECREATED, DATEUPDATED) VALUES (7, 'referenceValueIntegerCount1to40231', 'en', 11000, '31', 1, 1, current_date, current_date);
INSERT INTO MESSAGERESOURCE(VIEWID, MESSAGEKEY, LOCALE, LOCALEREFERENCEID, MESSAGE, CREATEDBYID, UPDATEDBYID, DATECREATED, DATEUPDATED) VALUES (7, 'referenceValueIntegerCount1to40232', 'en', 11000, '32', 1, 1, current_date, current_date);
INSERT INTO MESSAGERESOURCE(VIEWID, MESSAGEKEY, LOCALE, LOCALEREFERENCEID, MESSAGE, CREATEDBYID, UPDATEDBYID, DATECREATED, DATEUPDATED) VALUES (7, 'referenceValueIntegerCount1to40233', 'en', 11000, '33', 1, 1, current_date, current_date);
INSERT INTO MESSAGERESOURCE(VIEWID, MESSAGEKEY, LOCALE, LOCALEREFERENCEID, MESSAGE, CREATEDBYID, UPDATEDBYID, DATECREATED, DATEUPDATED) VALUES (7, 'referenceValueIntegerCount1to40234', 'en', 11000, '34', 1, 1, current_date, current_date);
INSERT INTO MESSAGERESOURCE(VIEWID, MESSAGEKEY, LOCALE, LOCALEREFERENCEID, MESSAGE, CREATEDBYID, UPDATEDBYID, DATECREATED, DATEUPDATED) VALUES (7, 'referenceValueIntegerCount1to40235', 'en', 11000, '35', 1, 1, current_date, current_date);
INSERT INTO MESSAGERESOURCE(VIEWID, MESSAGEKEY, LOCALE, LOCALEREFERENCEID, MESSAGE, CREATEDBYID, UPDATEDBYID, DATECREATED, DATEUPDATED) VALUES (7, 'referenceValueIntegerCount1to40236', 'en', 11000, '36', 1, 1, current_date, current_date);
INSERT INTO MESSAGERESOURCE(VIEWID, MESSAGEKEY, LOCALE, LOCALEREFERENCEID, MESSAGE, CREATEDBYID, UPDATEDBYID, DATECREATED, DATEUPDATED) VALUES (7, 'referenceValueIntegerCount1to40237', 'en', 11000, '37', 1, 1, current_date, current_date);
INSERT INTO MESSAGERESOURCE(VIEWID, MESSAGEKEY, LOCALE, LOCALEREFERENCEID, MESSAGE, CREATEDBYID, UPDATEDBYID, DATECREATED, DATEUPDATED) VALUES (7, 'referenceValueIntegerCount1to40238', 'en', 11000, '38', 1, 1, current_date, current_date);
INSERT INTO MESSAGERESOURCE(VIEWID, MESSAGEKEY, LOCALE, LOCALEREFERENCEID, MESSAGE, CREATEDBYID, UPDATEDBYID, DATECREATED, DATEUPDATED) VALUES (7, 'referenceValueIntegerCount1to40239', 'en', 11000, '39', 1, 1, current_date, current_date);
INSERT INTO MESSAGERESOURCE(VIEWID, MESSAGEKEY, LOCALE, LOCALEREFERENCEID, MESSAGE, CREATEDBYID, UPDATEDBYID, DATECREATED, DATEUPDATED) VALUES (7, 'referenceValueIntegerCount1to40240', 'en', 11000, '40', 1, 1, current_date, current_date);
INSERT INTO MESSAGERESOURCE(VIEWID, MESSAGEKEY, LOCALE, LOCALEREFERENCEID, MESSAGE, CREATEDBYID, UPDATEDBYID, DATECREATED, DATEUPDATED) VALUES (7, 'referenceValueGoodsCondition309', 'en', 11000, 'Full working order', 1, 1, current_date, current_date);
INSERT INTO MESSAGERESOURCE(VIEWID, MESSAGEKEY, LOCALE, LOCALEREFERENCEID, MESSAGE, CREATEDBYID, UPDATEDBYID, DATECREATED, DATEUPDATED) VALUES (7, 'referenceValueGoodsCondition310', 'en', 11000, 'Minor repairs', 1, 1, current_date, current_date);
INSERT INTO MESSAGERESOURCE(VIEWID, MESSAGEKEY, LOCALE, LOCALEREFERENCEID, MESSAGE, CREATEDBYID, UPDATEDBYID, DATECREATED, DATEUPDATED) VALUES (7, 'referenceValueGoodsCondition311', 'en', 11000, 'Major repairs', 1, 1, current_date, current_date);
INSERT INTO MESSAGERESOURCE(VIEWID, MESSAGEKEY, LOCALE, LOCALEREFERENCEID, MESSAGE, CREATEDBYID, UPDATEDBYID, DATECREATED, DATEUPDATED) VALUES (7, 'referenceValueOwnerOccupierType313', 'en', 11000, 'Owner', 1, 1, current_date, current_date);
INSERT INTO MESSAGERESOURCE(VIEWID, MESSAGEKEY, LOCALE, LOCALEREFERENCEID, MESSAGE, CREATEDBYID, UPDATEDBYID, DATECREATED, DATEUPDATED) VALUES (7, 'referenceValueOwnerOccupierType314', 'en', 11000, 'Occupier', 1, 1, current_date, current_date);
INSERT INTO MESSAGERESOURCE(VIEWID, MESSAGEKEY, LOCALE, LOCALEREFERENCEID, MESSAGE, CREATEDBYID, UPDATEDBYID, DATECREATED, DATEUPDATED) VALUES (7, 'referenceValueOwnerOccupierType315', 'en', 11000, 'Both', 1, 1, current_date, current_date);
INSERT INTO MESSAGERESOURCE(VIEWID, MESSAGEKEY, LOCALE, LOCALEREFERENCEID, MESSAGE, CREATEDBYID, UPDATEDBYID, DATECREATED, DATEUPDATED) VALUES (7, 'referenceValueUserRole319', 'en', 11000, 'ROLE_USER', 1, 1, current_date, current_date);
INSERT INTO MESSAGERESOURCE(VIEWID, MESSAGEKEY, LOCALE, LOCALEREFERENCEID, MESSAGE, CREATEDBYID, UPDATEDBYID, DATECREATED, DATEUPDATED) VALUES (7, 'referenceValueUserRole320', 'en', 11000, 'ROLE_ADMIN', 1, 1, current_date, current_date);
INSERT INTO MESSAGERESOURCE(VIEWID, MESSAGEKEY, LOCALE, LOCALEREFERENCEID, MESSAGE, CREATEDBYID, UPDATEDBYID, DATECREATED, DATEUPDATED) VALUES (7, 'referenceValueUserRole321', 'en', 11000, 'ROLE_LOCALIZE_ADMIN', 1, 1, current_date, current_date);
INSERT INTO MESSAGERESOURCE(VIEWID, MESSAGEKEY, LOCALE, LOCALEREFERENCEID, MESSAGE, CREATEDBYID, UPDATEDBYID, DATECREATED, DATEUPDATED) VALUES (7, 'referenceValueUserRole322', 'en', 11000, 'ROLE_CLIENT', 1, 1, current_date, current_date);
INSERT INTO MESSAGERESOURCE(VIEWID, MESSAGEKEY, LOCALE, LOCALEREFERENCEID, MESSAGE, CREATEDBYID, UPDATEDBYID, DATECREATED, DATEUPDATED) VALUES (7, 'referenceValueLocalAmenity400', 'en', 11000, 'Secondary school', 1, 1, current_date, current_date);
INSERT INTO MESSAGERESOURCE(VIEWID, MESSAGEKEY, LOCALE, LOCALEREFERENCEID, MESSAGE, CREATEDBYID, UPDATEDBYID, DATECREATED, DATEUPDATED) VALUES (7, 'referenceValueLocalAmenity401', 'en', 11000, 'Primary school', 1, 1, current_date, current_date);
INSERT INTO MESSAGERESOURCE(VIEWID, MESSAGEKEY, LOCALE, LOCALEREFERENCEID, MESSAGE, CREATEDBYID, UPDATEDBYID, DATECREATED, DATEUPDATED) VALUES (7, 'referenceValueLocalAmenity402', 'en', 11000, 'Pre-school', 1, 1, current_date, current_date);
INSERT INTO MESSAGERESOURCE(VIEWID, MESSAGEKEY, LOCALE, LOCALEREFERENCEID, MESSAGE, CREATEDBYID, UPDATEDBYID, DATECREATED, DATEUPDATED) VALUES (7, 'referenceValueLocalAmenity403', 'en', 11000, 'Recreation areas', 1, 1, current_date, current_date);
INSERT INTO MESSAGERESOURCE(VIEWID, MESSAGEKEY, LOCALE, LOCALEREFERENCEID, MESSAGE, CREATEDBYID, UPDATEDBYID, DATECREATED, DATEUPDATED) VALUES (7, 'referenceValueLocalAmenity404', 'en', 11000, 'Shops', 1, 1, current_date, current_date);
INSERT INTO MESSAGERESOURCE(VIEWID, MESSAGEKEY, LOCALE, LOCALEREFERENCEID, MESSAGE, CREATEDBYID, UPDATEDBYID, DATECREATED, DATEUPDATED) VALUES (7, 'referenceValueLocalAmenity405', 'en', 11000, 'Health centre', 1, 1, current_date, current_date);
INSERT INTO MESSAGERESOURCE(VIEWID, MESSAGEKEY, LOCALE, LOCALEREFERENCEID, MESSAGE, CREATEDBYID, UPDATEDBYID, DATECREATED, DATEUPDATED) VALUES (7, 'referenceValueLocalAmenity406', 'en', 11000, 'Public transport', 1, 1, current_date, current_date);
INSERT INTO MESSAGERESOURCE(VIEWID, MESSAGEKEY, LOCALE, LOCALEREFERENCEID, MESSAGE, CREATEDBYID, UPDATEDBYID, DATECREATED, DATEUPDATED) VALUES (7, 'referenceValueLocalAmenity407', 'en', 11000, 'Intreo/social welfare office', 1, 1, current_date, current_date);
INSERT INTO MESSAGERESOURCE(VIEWID, MESSAGEKEY, LOCALE, LOCALEREFERENCEID, MESSAGE, CREATEDBYID, UPDATEDBYID, DATECREATED, DATEUPDATED) VALUES (7, 'referenceValuePledgeServiceLevelOne450', 'en', 11000, 'Medical Professional', 1, 1, current_date, current_date);
INSERT INTO MESSAGERESOURCE(VIEWID, MESSAGEKEY, LOCALE, LOCALEREFERENCEID, MESSAGE, CREATEDBYID, UPDATEDBYID, DATECREATED, DATEUPDATED) VALUES (7, 'referenceValuePledgeServiceLevelOne451', 'en', 11000, 'Mental Health Professional', 1, 1, current_date, current_date);
INSERT INTO MESSAGERESOURCE(VIEWID, MESSAGEKEY, LOCALE, LOCALEREFERENCEID, MESSAGE, CREATEDBYID, UPDATEDBYID, DATECREATED, DATEUPDATED) VALUES (7, 'referenceValuePledgeServiceLevelOne452', 'en', 11000, 'Complimentary Therapies and Wellness', 1, 1, current_date, current_date);
INSERT INTO MESSAGERESOURCE(VIEWID, MESSAGEKEY, LOCALE, LOCALEREFERENCEID, MESSAGE, CREATEDBYID, UPDATEDBYID, DATECREATED, DATEUPDATED) VALUES (7, 'referenceValuePledgeServiceLevelOne453', 'en', 11000, 'Translators', 1, 1, current_date, current_date);
INSERT INTO MESSAGERESOURCE(VIEWID, MESSAGEKEY, LOCALE, LOCALEREFERENCEID, MESSAGE, CREATEDBYID, UPDATEDBYID, DATECREATED, DATEUPDATED) VALUES (7, 'referenceValuePledgeServiceLevelOne454', 'en', 11000, 'Other Professional', 1, 1, current_date, current_date);
INSERT INTO MESSAGERESOURCE(VIEWID, MESSAGEKEY, LOCALE, LOCALEREFERENCEID, MESSAGE, CREATEDBYID, UPDATEDBYID, DATECREATED, DATEUPDATED) VALUES (7, 'referenceValuePledgeServiceLevelOne455', 'en', 11000, 'Trade', 1, 1, current_date, current_date);
INSERT INTO MESSAGERESOURCE(VIEWID, MESSAGEKEY, LOCALE, LOCALEREFERENCEID, MESSAGE, CREATEDBYID, UPDATEDBYID, DATECREATED, DATEUPDATED) VALUES (7, 'referenceValuePledgeServiceLevelOne456', 'en', 11000, 'Transport', 1, 1, current_date, current_date);
INSERT INTO MESSAGERESOURCE(VIEWID, MESSAGEKEY, LOCALE, LOCALEREFERENCEID, MESSAGE, CREATEDBYID, UPDATEDBYID, DATECREATED, DATEUPDATED) VALUES (7, 'referenceValuePledgeServiceLevelOne457', 'en', 11000, 'Mentoring/Training', 1, 1, current_date, current_date);
INSERT INTO MESSAGERESOURCE(VIEWID, MESSAGEKEY, LOCALE, LOCALEREFERENCEID, MESSAGE, CREATEDBYID, UPDATEDBYID, DATECREATED, DATEUPDATED) VALUES (7, 'referenceValuePledgeServiceLevelOne458', 'en', 11000, 'Befriending', 1, 1, current_date, current_date);
INSERT INTO MESSAGERESOURCE(VIEWID, MESSAGEKEY, LOCALE, LOCALEREFERENCEID, MESSAGE, CREATEDBYID, UPDATEDBYID, DATECREATED, DATEUPDATED) VALUES (7, 'referenceValuePledgeServiceLevelTwo599', 'en', 11000, 'Please select a medical profession', 1, 1, current_date, current_date);
INSERT INTO MESSAGERESOURCE(VIEWID, MESSAGEKEY, LOCALE, LOCALEREFERENCEID, MESSAGE, CREATEDBYID, UPDATEDBYID, DATECREATED, DATEUPDATED) VALUES (7, 'referenceValuePledgeServiceLevelTwo600', 'en', 11000, 'Anesthesiologists', 1, 1, current_date, current_date);
INSERT INTO MESSAGERESOURCE(VIEWID, MESSAGEKEY, LOCALE, LOCALEREFERENCEID, MESSAGE, CREATEDBYID, UPDATEDBYID, DATECREATED, DATEUPDATED) VALUES (7, 'referenceValuePledgeServiceLevelTwo601', 'en', 11000, 'Dentist', 1, 1, current_date, current_date);
INSERT INTO MESSAGERESOURCE(VIEWID, MESSAGEKEY, LOCALE, LOCALEREFERENCEID, MESSAGE, CREATEDBYID, UPDATEDBYID, DATECREATED, DATEUPDATED) VALUES (7, 'referenceValuePledgeServiceLevelTwo602', 'en', 11000, 'Doctor', 1, 1, current_date, current_date);
INSERT INTO MESSAGERESOURCE(VIEWID, MESSAGEKEY, LOCALE, LOCALEREFERENCEID, MESSAGE, CREATEDBYID, UPDATEDBYID, DATECREATED, DATEUPDATED) VALUES (7, 'referenceValuePledgeServiceLevelTwo603', 'en', 11000, 'Midwife', 1, 1, current_date, current_date);
INSERT INTO MESSAGERESOURCE(VIEWID, MESSAGEKEY, LOCALE, LOCALEREFERENCEID, MESSAGE, CREATEDBYID, UPDATEDBYID, DATECREATED, DATEUPDATED) VALUES (7, 'referenceValuePledgeServiceLevelTwo604', 'en', 11000, 'Nurse', 1, 1, current_date, current_date);
INSERT INTO MESSAGERESOURCE(VIEWID, MESSAGEKEY, LOCALE, LOCALEREFERENCEID, MESSAGE, CREATEDBYID, UPDATEDBYID, DATECREATED, DATEUPDATED) VALUES (7, 'referenceValuePledgeServiceLevelTwo605', 'en', 11000, 'Optomotrists', 1, 1, current_date, current_date);
INSERT INTO MESSAGERESOURCE(VIEWID, MESSAGEKEY, LOCALE, LOCALEREFERENCEID, MESSAGE, CREATEDBYID, UPDATEDBYID, DATECREATED, DATEUPDATED) VALUES (7, 'referenceValuePledgeServiceLevelTwo606', 'en', 11000, 'Paramedic', 1, 1, current_date, current_date);
INSERT INTO MESSAGERESOURCE(VIEWID, MESSAGEKEY, LOCALE, LOCALEREFERENCEID, MESSAGE, CREATEDBYID, UPDATEDBYID, DATECREATED, DATEUPDATED) VALUES (7, 'referenceValuePledgeServiceLevelTwo607', 'en', 11000, 'Pharmacists', 1, 1, current_date, current_date);
INSERT INTO MESSAGERESOURCE(VIEWID, MESSAGEKEY, LOCALE, LOCALEREFERENCEID, MESSAGE, CREATEDBYID, UPDATEDBYID, DATECREATED, DATEUPDATED) VALUES (7, 'referenceValuePledgeServiceLevelTwo608', 'en', 11000, 'Physical Therapist', 1, 1, current_date, current_date);
INSERT INTO MESSAGERESOURCE(VIEWID, MESSAGEKEY, LOCALE, LOCALEREFERENCEID, MESSAGE, CREATEDBYID, UPDATEDBYID, DATECREATED, DATEUPDATED) VALUES (7, 'referenceValuePledgeServiceLevelTwo609', 'en', 11000, 'Surgeon', 1, 1, current_date, current_date);
INSERT INTO MESSAGERESOURCE(VIEWID, MESSAGEKEY, LOCALE, LOCALEREFERENCEID, MESSAGE, CREATEDBYID, UPDATEDBYID, DATECREATED, DATEUPDATED) VALUES (7, 'referenceValuePledgeServiceLevelTwo610', 'en', 11000, 'Radiologist', 1, 1, current_date, current_date);
INSERT INTO MESSAGERESOURCE(VIEWID, MESSAGEKEY, LOCALE, LOCALEREFERENCEID, MESSAGE, CREATEDBYID, UPDATEDBYID, DATECREATED, DATEUPDATED) VALUES (7, 'referenceValuePledgeServiceLevelTwo611', 'en', 11000, 'Radiographer', 1, 1, current_date, current_date);
INSERT INTO MESSAGERESOURCE(VIEWID, MESSAGEKEY, LOCALE, LOCALEREFERENCEID, MESSAGE, CREATEDBYID, UPDATEDBYID, DATECREATED, DATEUPDATED) VALUES (7, 'referenceValuePledgeServiceLevelTwo630', 'en', 11000, 'Please select a mental health profession', 1, 1, current_date, current_date);
INSERT INTO MESSAGERESOURCE(VIEWID, MESSAGEKEY, LOCALE, LOCALEREFERENCEID, MESSAGE, CREATEDBYID, UPDATEDBYID, DATECREATED, DATEUPDATED) VALUES (7, 'referenceValuePledgeServiceLevelTwo631', 'en', 11000, 'Bereavment Counsellor', 1, 1, current_date, current_date);
INSERT INTO MESSAGERESOURCE(VIEWID, MESSAGEKEY, LOCALE, LOCALEREFERENCEID, MESSAGE, CREATEDBYID, UPDATEDBYID, DATECREATED, DATEUPDATED) VALUES (7, 'referenceValuePledgeServiceLevelTwo632', 'en', 11000, 'Cognitive Behavioral Therapist', 1, 1, current_date, current_date);
INSERT INTO MESSAGERESOURCE(VIEWID, MESSAGEKEY, LOCALE, LOCALEREFERENCEID, MESSAGE, CREATEDBYID, UPDATEDBYID, DATECREATED, DATEUPDATED) VALUES (7, 'referenceValuePledgeServiceLevelTwo633', 'en', 11000, 'Counsellor', 1, 1, current_date, current_date);
INSERT INTO MESSAGERESOURCE(VIEWID, MESSAGEKEY, LOCALE, LOCALEREFERENCEID, MESSAGE, CREATEDBYID, UPDATEDBYID, DATECREATED, DATEUPDATED) VALUES (7, 'referenceValuePledgeServiceLevelTwo634', 'en', 11000, 'Hypnotist', 1, 1, current_date, current_date);
INSERT INTO MESSAGERESOURCE(VIEWID, MESSAGEKEY, LOCALE, LOCALEREFERENCEID, MESSAGE, CREATEDBYID, UPDATEDBYID, DATECREATED, DATEUPDATED) VALUES (7, 'referenceValuePledgeServiceLevelTwo635', 'en', 11000, 'Psychiatrist', 1, 1, current_date, current_date);
INSERT INTO MESSAGERESOURCE(VIEWID, MESSAGEKEY, LOCALE, LOCALEREFERENCEID, MESSAGE, CREATEDBYID, UPDATEDBYID, DATECREATED, DATEUPDATED) VALUES (7, 'referenceValuePledgeServiceLevelTwo636', 'en', 11000, 'Psychiatric Nurse', 1, 1, current_date, current_date);
INSERT INTO MESSAGERESOURCE(VIEWID, MESSAGEKEY, LOCALE, LOCALEREFERENCEID, MESSAGE, CREATEDBYID, UPDATEDBYID, DATECREATED, DATEUPDATED) VALUES (7, 'referenceValuePledgeServiceLevelTwo637', 'en', 11000, 'Psychologist', 1, 1, current_date, current_date);
INSERT INTO MESSAGERESOURCE(VIEWID, MESSAGEKEY, LOCALE, LOCALEREFERENCEID, MESSAGE, CREATEDBYID, UPDATEDBYID, DATECREATED, DATEUPDATED) VALUES (7, 'referenceValuePledgeServiceLevelTwo638', 'en', 11000, 'Psychotherapist', 1, 1, current_date, current_date);
INSERT INTO MESSAGERESOURCE(VIEWID, MESSAGEKEY, LOCALE, LOCALEREFERENCEID, MESSAGE, CREATEDBYID, UPDATEDBYID, DATECREATED, DATEUPDATED) VALUES (7, 'referenceValuePledgeServiceLevelTwo639', 'en', 11000, 'Social Worker', 1, 1, current_date, current_date);
INSERT INTO MESSAGERESOURCE(VIEWID, MESSAGEKEY, LOCALE, LOCALEREFERENCEID, MESSAGE, CREATEDBYID, UPDATEDBYID, DATECREATED, DATEUPDATED) VALUES (7, 'referenceValuePledgeServiceLevelTwo650', 'en', 11000, 'Please select your area of expertise', 1, 1, current_date, current_date);
INSERT INTO MESSAGERESOURCE(VIEWID, MESSAGEKEY, LOCALE, LOCALEREFERENCEID, MESSAGE, CREATEDBYID, UPDATEDBYID, DATECREATED, DATEUPDATED) VALUES (7, 'referenceValuePledgeServiceLevelTwo651', 'en', 11000, 'Acupuncture', 1, 1, current_date, current_date);
INSERT INTO MESSAGERESOURCE(VIEWID, MESSAGEKEY, LOCALE, LOCALEREFERENCEID, MESSAGE, CREATEDBYID, UPDATEDBYID, DATECREATED, DATEUPDATED) VALUES (7, 'referenceValuePledgeServiceLevelTwo652', 'en', 11000, 'Art Therapy', 1, 1, current_date, current_date);
INSERT INTO MESSAGERESOURCE(VIEWID, MESSAGEKEY, LOCALE, LOCALEREFERENCEID, MESSAGE, CREATEDBYID, UPDATEDBYID, DATECREATED, DATEUPDATED) VALUES (7, 'referenceValuePledgeServiceLevelTwo653', 'en', 11000, 'Beauty', 1, 1, current_date, current_date);
INSERT INTO MESSAGERESOURCE(VIEWID, MESSAGEKEY, LOCALE, LOCALEREFERENCEID, MESSAGE, CREATEDBYID, UPDATEDBYID, DATECREATED, DATEUPDATED) VALUES (7, 'referenceValuePledgeServiceLevelTwo654', 'en', 11000, 'Osteopathy', 1, 1, current_date, current_date);
INSERT INTO MESSAGERESOURCE(VIEWID, MESSAGEKEY, LOCALE, LOCALEREFERENCEID, MESSAGE, CREATEDBYID, UPDATEDBYID, DATECREATED, DATEUPDATED) VALUES (7, 'referenceValuePledgeServiceLevelTwo655', 'en', 11000, 'Music Therapy', 1, 1, current_date, current_date);
INSERT INTO MESSAGERESOURCE(VIEWID, MESSAGEKEY, LOCALE, LOCALEREFERENCEID, MESSAGE, CREATEDBYID, UPDATEDBYID, DATECREATED, DATEUPDATED) VALUES (7, 'referenceValuePledgeServiceLevelTwo656', 'en', 11000, 'Pilates', 1, 1, current_date, current_date);
INSERT INTO MESSAGERESOURCE(VIEWID, MESSAGEKEY, LOCALE, LOCALEREFERENCEID, MESSAGE, CREATEDBYID, UPDATEDBYID, DATECREATED, DATEUPDATED) VALUES (7, 'referenceValuePledgeServiceLevelTwo657', 'en', 11000, 'Reflexology', 1, 1, current_date, current_date);
INSERT INTO MESSAGERESOURCE(VIEWID, MESSAGEKEY, LOCALE, LOCALEREFERENCEID, MESSAGE, CREATEDBYID, UPDATEDBYID, DATECREATED, DATEUPDATED) VALUES (7, 'referenceValuePledgeServiceLevelTwo658', 'en', 11000, 'Aromatherapy Therapy', 1, 1, current_date, current_date);
INSERT INTO MESSAGERESOURCE(VIEWID, MESSAGEKEY, LOCALE, LOCALEREFERENCEID, MESSAGE, CREATEDBYID, UPDATEDBYID, DATECREATED, DATEUPDATED) VALUES (7, 'referenceValuePledgeServiceLevelTwo659', 'en', 11000, 'Reiki', 1, 1, current_date, current_date);
INSERT INTO MESSAGERESOURCE(VIEWID, MESSAGEKEY, LOCALE, LOCALEREFERENCEID, MESSAGE, CREATEDBYID, UPDATEDBYID, DATECREATED, DATEUPDATED) VALUES (7, 'referenceValuePledgeServiceLevelTwo660', 'en', 11000, 'Massage', 1, 1, current_date, current_date);
INSERT INTO MESSAGERESOURCE(VIEWID, MESSAGEKEY, LOCALE, LOCALEREFERENCEID, MESSAGE, CREATEDBYID, UPDATEDBYID, DATECREATED, DATEUPDATED) VALUES (7, 'referenceValuePledgeServiceLevelTwo661', 'en', 11000, 'Meditation', 1, 1, current_date, current_date);
INSERT INTO MESSAGERESOURCE(VIEWID, MESSAGEKEY, LOCALE, LOCALEREFERENCEID, MESSAGE, CREATEDBYID, UPDATEDBYID, DATECREATED, DATEUPDATED) VALUES (7, 'referenceValuePledgeServiceLevelTwo662', 'en', 11000, 'Shiatsu', 1, 1, current_date, current_date);
INSERT INTO MESSAGERESOURCE(VIEWID, MESSAGEKEY, LOCALE, LOCALEREFERENCEID, MESSAGE, CREATEDBYID, UPDATEDBYID, DATECREATED, DATEUPDATED) VALUES (7, 'referenceValuePledgeServiceLevelTwo663', 'en', 11000, 'Sports Therapy', 1, 1, current_date, current_date);
INSERT INTO MESSAGERESOURCE(VIEWID, MESSAGEKEY, LOCALE, LOCALEREFERENCEID, MESSAGE, CREATEDBYID, UPDATEDBYID, DATECREATED, DATEUPDATED) VALUES (7, 'referenceValuePledgeServiceLevelTwo664', 'en', 11000, 'Tai Chi', 1, 1, current_date, current_date);
INSERT INTO MESSAGERESOURCE(VIEWID, MESSAGEKEY, LOCALE, LOCALEREFERENCEID, MESSAGE, CREATEDBYID, UPDATEDBYID, DATECREATED, DATEUPDATED) VALUES (7, 'referenceValuePledgeServiceLevelTwo665', 'en', 11000, 'Yoga', 1, 1, current_date, current_date);
INSERT INTO MESSAGERESOURCE(VIEWID, MESSAGEKEY, LOCALE, LOCALEREFERENCEID, MESSAGE, CREATEDBYID, UPDATEDBYID, DATECREATED, DATEUPDATED) VALUES (7, 'referenceValuePledgeServiceLevelTwo700', 'en', 11000, 'Please select a language', 1, 1, current_date, current_date);
INSERT INTO MESSAGERESOURCE(VIEWID, MESSAGEKEY, LOCALE, LOCALEREFERENCEID, MESSAGE, CREATEDBYID, UPDATEDBYID, DATECREATED, DATEUPDATED) VALUES (7, 'referenceValuePledgeServiceLevelTwo701', 'en', 11000, 'Albanian', 1, 1, current_date, current_date);
INSERT INTO MESSAGERESOURCE(VIEWID, MESSAGEKEY, LOCALE, LOCALEREFERENCEID, MESSAGE, CREATEDBYID, UPDATEDBYID, DATECREATED, DATEUPDATED) VALUES (7, 'referenceValuePledgeServiceLevelTwo702', 'en', 11000, 'Algerian', 1, 1, current_date, current_date);
INSERT INTO MESSAGERESOURCE(VIEWID, MESSAGEKEY, LOCALE, LOCALEREFERENCEID, MESSAGE, CREATEDBYID, UPDATEDBYID, DATECREATED, DATEUPDATED) VALUES (7, 'referenceValuePledgeServiceLevelTwo703', 'en', 11000, 'Arabic', 1, 1, current_date, current_date);
INSERT INTO MESSAGERESOURCE(VIEWID, MESSAGEKEY, LOCALE, LOCALEREFERENCEID, MESSAGE, CREATEDBYID, UPDATEDBYID, DATECREATED, DATEUPDATED) VALUES (7, 'referenceValuePledgeServiceLevelTwo704', 'en', 11000, 'Badawi', 1, 1, current_date, current_date);
INSERT INTO MESSAGERESOURCE(VIEWID, MESSAGEKEY, LOCALE, LOCALEREFERENCEID, MESSAGE, CREATEDBYID, UPDATEDBYID, DATECREATED, DATEUPDATED) VALUES (7, 'referenceValuePledgeServiceLevelTwo705', 'en', 11000, 'Bahrani', 1, 1, current_date, current_date);
INSERT INTO MESSAGERESOURCE(VIEWID, MESSAGEKEY, LOCALE, LOCALEREFERENCEID, MESSAGE, CREATEDBYID, UPDATEDBYID, DATECREATED, DATEUPDATED) VALUES (7, 'referenceValuePledgeServiceLevelTwo706', 'en', 11000, 'Belarusian', 1, 1, current_date, current_date);
INSERT INTO MESSAGERESOURCE(VIEWID, MESSAGEKEY, LOCALE, LOCALEREFERENCEID, MESSAGE, CREATEDBYID, UPDATEDBYID, DATECREATED, DATEUPDATED) VALUES (7, 'referenceValuePledgeServiceLevelTwo707', 'en', 11000, 'Bengali', 1, 1, current_date, current_date);
INSERT INTO MESSAGERESOURCE(VIEWID, MESSAGEKEY, LOCALE, LOCALEREFERENCEID, MESSAGE, CREATEDBYID, UPDATEDBYID, DATECREATED, DATEUPDATED) VALUES (7, 'referenceValuePledgeServiceLevelTwo708', 'en', 11000, 'Burmese', 1, 1, current_date, current_date);
INSERT INTO MESSAGERESOURCE(VIEWID, MESSAGEKEY, LOCALE, LOCALEREFERENCEID, MESSAGE, CREATEDBYID, UPDATEDBYID, DATECREATED, DATEUPDATED) VALUES (7, 'referenceValuePledgeServiceLevelTwo709', 'en', 11000, 'Chadic and Shuwa', 1, 1, current_date, current_date);
INSERT INTO MESSAGERESOURCE(VIEWID, MESSAGEKEY, LOCALE, LOCALEREFERENCEID, MESSAGE, CREATEDBYID, UPDATEDBYID, DATECREATED, DATEUPDATED) VALUES (7, 'referenceValuePledgeServiceLevelTwo710', 'en', 11000, 'Chinese(Mandarin)', 1, 1, current_date, current_date);
INSERT INTO MESSAGERESOURCE(VIEWID, MESSAGEKEY, LOCALE, LOCALEREFERENCEID, MESSAGE, CREATEDBYID, UPDATEDBYID, DATECREATED, DATEUPDATED) VALUES (7, 'referenceValuePledgeServiceLevelTwo711', 'en', 11000, 'Chinese(Traditional)', 1, 1, current_date, current_date);
INSERT INTO MESSAGERESOURCE(VIEWID, MESSAGEKEY, LOCALE, LOCALEREFERENCEID, MESSAGE, CREATEDBYID, UPDATEDBYID, DATECREATED, DATEUPDATED) VALUES (7, 'referenceValuePledgeServiceLevelTwo712', 'en', 11000, 'Cypriot(Arabic)', 1, 1, current_date, current_date);
INSERT INTO MESSAGERESOURCE(VIEWID, MESSAGEKEY, LOCALE, LOCALEREFERENCEID, MESSAGE, CREATEDBYID, UPDATEDBYID, DATECREATED, DATEUPDATED) VALUES (7, 'referenceValuePledgeServiceLevelTwo713', 'en', 11000, 'Czech', 1, 1, current_date, current_date);
INSERT INTO MESSAGERESOURCE(VIEWID, MESSAGEKEY, LOCALE, LOCALEREFERENCEID, MESSAGE, CREATEDBYID, UPDATEDBYID, DATECREATED, DATEUPDATED) VALUES (7, 'referenceValuePledgeServiceLevelTwo714', 'en', 11000, 'Deccan', 1, 1, current_date, current_date);
INSERT INTO MESSAGERESOURCE(VIEWID, MESSAGEKEY, LOCALE, LOCALEREFERENCEID, MESSAGE, CREATEDBYID, UPDATEDBYID, DATECREATED, DATEUPDATED) VALUES (7, 'referenceValuePledgeServiceLevelTwo715', 'en', 11000, 'Dhofari', 1, 1, current_date, current_date);
INSERT INTO MESSAGERESOURCE(VIEWID, MESSAGEKEY, LOCALE, LOCALEREFERENCEID, MESSAGE, CREATEDBYID, UPDATEDBYID, DATECREATED, DATEUPDATED) VALUES (7, 'referenceValuePledgeServiceLevelTwo716', 'en', 11000, 'Dhundhari', 1, 1, current_date, current_date);
INSERT INTO MESSAGERESOURCE(VIEWID, MESSAGEKEY, LOCALE, LOCALEREFERENCEID, MESSAGE, CREATEDBYID, UPDATEDBYID, DATECREATED, DATEUPDATED) VALUES (7, 'referenceValuePledgeServiceLevelTwo717', 'en', 11000, 'Dutch', 1, 1, current_date, current_date);
INSERT INTO MESSAGERESOURCE(VIEWID, MESSAGEKEY, LOCALE, LOCALEREFERENCEID, MESSAGE, CREATEDBYID, UPDATEDBYID, DATECREATED, DATEUPDATED) VALUES (7, 'referenceValuePledgeServiceLevelTwo718', 'en', 11000, 'Egyptian', 1, 1, current_date, current_date);
INSERT INTO MESSAGERESOURCE(VIEWID, MESSAGEKEY, LOCALE, LOCALEREFERENCEID, MESSAGE, CREATEDBYID, UPDATEDBYID, DATECREATED, DATEUPDATED) VALUES (7, 'referenceValuePledgeServiceLevelTwo719', 'en', 11000, 'English', 1, 1, current_date, current_date);
INSERT INTO MESSAGERESOURCE(VIEWID, MESSAGEKEY, LOCALE, LOCALEREFERENCEID, MESSAGE, CREATEDBYID, UPDATEDBYID, DATECREATED, DATEUPDATED) VALUES (7, 'referenceValuePledgeServiceLevelTwo720', 'en', 11000, 'French', 1, 1, current_date, current_date);
INSERT INTO MESSAGERESOURCE(VIEWID, MESSAGEKEY, LOCALE, LOCALEREFERENCEID, MESSAGE, CREATEDBYID, UPDATEDBYID, DATECREATED, DATEUPDATED) VALUES (7, 'referenceValuePledgeServiceLevelTwo721', 'en', 11000, 'German', 1, 1, current_date, current_date);
INSERT INTO MESSAGERESOURCE(VIEWID, MESSAGEKEY, LOCALE, LOCALEREFERENCEID, MESSAGE, CREATEDBYID, UPDATEDBYID, DATECREATED, DATEUPDATED) VALUES (7, 'referenceValuePledgeServiceLevelTwo722', 'en', 11000, 'Greek', 1, 1, current_date, current_date);
INSERT INTO MESSAGERESOURCE(VIEWID, MESSAGEKEY, LOCALE, LOCALEREFERENCEID, MESSAGE, CREATEDBYID, UPDATEDBYID, DATECREATED, DATEUPDATED) VALUES (7, 'referenceValuePledgeServiceLevelTwo723', 'en', 11000, 'Gulf Arabic', 1, 1, current_date, current_date);
INSERT INTO MESSAGERESOURCE(VIEWID, MESSAGEKEY, LOCALE, LOCALEREFERENCEID, MESSAGE, CREATEDBYID, UPDATEDBYID, DATECREATED, DATEUPDATED) VALUES (7, 'referenceValuePledgeServiceLevelTwo724', 'en', 11000, 'Hassaniya', 1, 1, current_date, current_date);
INSERT INTO MESSAGERESOURCE(VIEWID, MESSAGEKEY, LOCALE, LOCALEREFERENCEID, MESSAGE, CREATEDBYID, UPDATEDBYID, DATECREATED, DATEUPDATED) VALUES (7, 'referenceValuePledgeServiceLevelTwo725', 'en', 11000, 'Hindi', 1, 1, current_date, current_date);
INSERT INTO MESSAGERESOURCE(VIEWID, MESSAGEKEY, LOCALE, LOCALEREFERENCEID, MESSAGE, CREATEDBYID, UPDATEDBYID, DATECREATED, DATEUPDATED) VALUES (7, 'referenceValuePledgeServiceLevelTwo726', 'en', 11000, 'Hungarian', 1, 1, current_date, current_date);
INSERT INTO MESSAGERESOURCE(VIEWID, MESSAGEKEY, LOCALE, LOCALEREFERENCEID, MESSAGE, CREATEDBYID, UPDATEDBYID, DATECREATED, DATEUPDATED) VALUES (7, 'referenceValuePledgeServiceLevelTwo727', 'en', 11000, 'Iraqi', 1, 1, current_date, current_date);
INSERT INTO MESSAGERESOURCE(VIEWID, MESSAGEKEY, LOCALE, LOCALEREFERENCEID, MESSAGE, CREATEDBYID, UPDATEDBYID, DATECREATED, DATEUPDATED) VALUES (7, 'referenceValuePledgeServiceLevelTwo728', 'en', 11000, 'Italian', 1, 1, current_date, current_date);
INSERT INTO MESSAGERESOURCE(VIEWID, MESSAGEKEY, LOCALE, LOCALEREFERENCEID, MESSAGE, CREATEDBYID, UPDATEDBYID, DATECREATED, DATEUPDATED) VALUES (7, 'referenceValuePledgeServiceLevelTwo729', 'en', 11000, 'Japanese', 1, 1, current_date, current_date);
INSERT INTO MESSAGERESOURCE(VIEWID, MESSAGEKEY, LOCALE, LOCALEREFERENCEID, MESSAGE, CREATEDBYID, UPDATEDBYID, DATECREATED, DATEUPDATED) VALUES (7, 'referenceValuePledgeServiceLevelTwo730', 'en', 11000, 'Juba', 1, 1, current_date, current_date);
INSERT INTO MESSAGERESOURCE(VIEWID, MESSAGEKEY, LOCALE, LOCALEREFERENCEID, MESSAGE, CREATEDBYID, UPDATEDBYID, DATECREATED, DATEUPDATED) VALUES (7, 'referenceValuePledgeServiceLevelTwo731', 'en', 11000, 'Judeo Arabic', 1, 1, current_date, current_date);
INSERT INTO MESSAGERESOURCE(VIEWID, MESSAGEKEY, LOCALE, LOCALEREFERENCEID, MESSAGE, CREATEDBYID, UPDATEDBYID, DATECREATED, DATEUPDATED) VALUES (7, 'referenceValuePledgeServiceLevelTwo732', 'en', 11000, 'Korean', 1, 1, current_date, current_date);
INSERT INTO MESSAGERESOURCE(VIEWID, MESSAGEKEY, LOCALE, LOCALEREFERENCEID, MESSAGE, CREATEDBYID, UPDATEDBYID, DATECREATED, DATEUPDATED) VALUES (7, 'referenceValuePledgeServiceLevelTwo733', 'en', 11000, 'Kurdish', 1, 1, current_date, current_date);
INSERT INTO MESSAGERESOURCE(VIEWID, MESSAGEKEY, LOCALE, LOCALEREFERENCEID, MESSAGE, CREATEDBYID, UPDATEDBYID, DATECREATED, DATEUPDATED) VALUES (7, 'referenceValuePledgeServiceLevelTwo734', 'en', 11000, 'Levantine', 1, 1, current_date, current_date);
INSERT INTO MESSAGERESOURCE(VIEWID, MESSAGEKEY, LOCALE, LOCALEREFERENCEID, MESSAGE, CREATEDBYID, UPDATEDBYID, DATECREATED, DATEUPDATED) VALUES (7, 'referenceValuePledgeServiceLevelTwo735', 'en', 11000, 'Libyan', 1, 1, current_date, current_date);
INSERT INTO MESSAGERESOURCE(VIEWID, MESSAGEKEY, LOCALE, LOCALEREFERENCEID, MESSAGE, CREATEDBYID, UPDATEDBYID, DATECREATED, DATEUPDATED) VALUES (7, 'referenceValuePledgeServiceLevelTwo736', 'en', 11000, 'Malay/Indonesian', 1, 1, current_date, current_date);
INSERT INTO MESSAGERESOURCE(VIEWID, MESSAGEKEY, LOCALE, LOCALEREFERENCEID, MESSAGE, CREATEDBYID, UPDATEDBYID, DATECREATED, DATEUPDATED) VALUES (7, 'referenceValuePledgeServiceLevelTwo737', 'en', 11000, 'Moroccan', 1, 1, current_date, current_date);
INSERT INTO MESSAGERESOURCE(VIEWID, MESSAGEKEY, LOCALE, LOCALEREFERENCEID, MESSAGE, CREATEDBYID, UPDATEDBYID, DATECREATED, DATEUPDATED) VALUES (7, 'referenceValuePledgeServiceLevelTwo738', 'en', 11000, 'Najdi', 1, 1, current_date, current_date);
INSERT INTO MESSAGERESOURCE(VIEWID, MESSAGEKEY, LOCALE, LOCALEREFERENCEID, MESSAGE, CREATEDBYID, UPDATEDBYID, DATECREATED, DATEUPDATED) VALUES (7, 'referenceValuePledgeServiceLevelTwo739', 'en', 11000, 'Nepali', 1, 1, current_date, current_date);
INSERT INTO MESSAGERESOURCE(VIEWID, MESSAGEKEY, LOCALE, LOCALEREFERENCEID, MESSAGE, CREATEDBYID, UPDATEDBYID, DATECREATED, DATEUPDATED) VALUES (7, 'referenceValuePledgeServiceLevelTwo740', 'en', 11000, 'North Mesopotamian', 1, 1, current_date, current_date);
INSERT INTO MESSAGERESOURCE(VIEWID, MESSAGEKEY, LOCALE, LOCALEREFERENCEID, MESSAGE, CREATEDBYID, UPDATEDBYID, DATECREATED, DATEUPDATED) VALUES (7, 'referenceValuePledgeServiceLevelTwo741', 'en', 11000, 'Nubi', 1, 1, current_date, current_date);
INSERT INTO MESSAGERESOURCE(VIEWID, MESSAGEKEY, LOCALE, LOCALEREFERENCEID, MESSAGE, CREATEDBYID, UPDATEDBYID, DATECREATED, DATEUPDATED) VALUES (7, 'referenceValuePledgeServiceLevelTwo742', 'en', 11000, 'Omani', 1, 1, current_date, current_date);
INSERT INTO MESSAGERESOURCE(VIEWID, MESSAGEKEY, LOCALE, LOCALEREFERENCEID, MESSAGE, CREATEDBYID, UPDATEDBYID, DATECREATED, DATEUPDATED) VALUES (7, 'referenceValuePledgeServiceLevelTwo743', 'en', 11000, 'Pashto', 1, 1, current_date, current_date);
INSERT INTO MESSAGERESOURCE(VIEWID, MESSAGEKEY, LOCALE, LOCALEREFERENCEID, MESSAGE, CREATEDBYID, UPDATEDBYID, DATECREATED, DATEUPDATED) VALUES (7, 'referenceValuePledgeServiceLevelTwo744', 'en', 11000, 'Persian', 1, 1, current_date, current_date);
INSERT INTO MESSAGERESOURCE(VIEWID, MESSAGEKEY, LOCALE, LOCALEREFERENCEID, MESSAGE, CREATEDBYID, UPDATEDBYID, DATECREATED, DATEUPDATED) VALUES (7, 'referenceValuePledgeServiceLevelTwo745', 'en', 11000, 'Polish', 1, 1, current_date, current_date);
INSERT INTO MESSAGERESOURCE(VIEWID, MESSAGEKEY, LOCALE, LOCALEREFERENCEID, MESSAGE, CREATEDBYID, UPDATEDBYID, DATECREATED, DATEUPDATED) VALUES (7, 'referenceValuePledgeServiceLevelTwo746', 'en', 11000, 'Portuguese', 1, 1, current_date, current_date);
INSERT INTO MESSAGERESOURCE(VIEWID, MESSAGEKEY, LOCALE, LOCALEREFERENCEID, MESSAGE, CREATEDBYID, UPDATEDBYID, DATECREATED, DATEUPDATED) VALUES (7, 'referenceValuePledgeServiceLevelTwo747', 'en', 11000, 'Punjabi', 1, 1, current_date, current_date);
INSERT INTO MESSAGERESOURCE(VIEWID, MESSAGEKEY, LOCALE, LOCALEREFERENCEID, MESSAGE, CREATEDBYID, UPDATEDBYID, DATECREATED, DATEUPDATED) VALUES (7, 'referenceValuePledgeServiceLevelTwo748', 'en', 11000, 'Romanian', 1, 1, current_date, current_date);
INSERT INTO MESSAGERESOURCE(VIEWID, MESSAGEKEY, LOCALE, LOCALEREFERENCEID, MESSAGE, CREATEDBYID, UPDATEDBYID, DATECREATED, DATEUPDATED) VALUES (7, 'referenceValuePledgeServiceLevelTwo749', 'en', 11000, 'Russian', 1, 1, current_date, current_date);
INSERT INTO MESSAGERESOURCE(VIEWID, MESSAGEKEY, LOCALE, LOCALEREFERENCEID, MESSAGE, CREATEDBYID, UPDATEDBYID, DATECREATED, DATEUPDATED) VALUES (7, 'referenceValuePledgeServiceLevelTwo750', 'en', 11000, 'Saharans', 1, 1, current_date, current_date);
INSERT INTO MESSAGERESOURCE(VIEWID, MESSAGEKEY, LOCALE, LOCALEREFERENCEID, MESSAGE, CREATEDBYID, UPDATEDBYID, DATECREATED, DATEUPDATED) VALUES (7, 'referenceValuePledgeServiceLevelTwo751', 'en', 11000, 'Sa''idi', 1, 1, current_date, current_date);
INSERT INTO MESSAGERESOURCE(VIEWID, MESSAGEKEY, LOCALE, LOCALEREFERENCEID, MESSAGE, CREATEDBYID, UPDATEDBYID, DATECREATED, DATEUPDATED) VALUES (7, 'referenceValuePledgeServiceLevelTwo752', 'en', 11000, 'Serbo-Croatian', 1, 1, current_date, current_date);
INSERT INTO MESSAGERESOURCE(VIEWID, MESSAGEKEY, LOCALE, LOCALEREFERENCEID, MESSAGE, CREATEDBYID, UPDATEDBYID, DATECREATED, DATEUPDATED) VALUES (7, 'referenceValuePledgeServiceLevelTwo753', 'en', 11000, 'Shihhi', 1, 1, current_date, current_date);
INSERT INTO MESSAGERESOURCE(VIEWID, MESSAGEKEY, LOCALE, LOCALEREFERENCEID, MESSAGE, CREATEDBYID, UPDATEDBYID, DATECREATED, DATEUPDATED) VALUES (7, 'referenceValuePledgeServiceLevelTwo754', 'en', 11000, 'Somali', 1, 1, current_date, current_date);
INSERT INTO MESSAGERESOURCE(VIEWID, MESSAGEKEY, LOCALE, LOCALEREFERENCEID, MESSAGE, CREATEDBYID, UPDATEDBYID, DATECREATED, DATEUPDATED) VALUES (7, 'referenceValuePledgeServiceLevelTwo755', 'en', 11000, 'Spanish', 1, 1, current_date, current_date);
INSERT INTO MESSAGERESOURCE(VIEWID, MESSAGEKEY, LOCALE, LOCALEREFERENCEID, MESSAGE, CREATEDBYID, UPDATEDBYID, DATECREATED, DATEUPDATED) VALUES (7, 'referenceValuePledgeServiceLevelTwo756', 'en', 11000, 'Sundanese', 1, 1, current_date, current_date);
INSERT INTO MESSAGERESOURCE(VIEWID, MESSAGEKEY, LOCALE, LOCALEREFERENCEID, MESSAGE, CREATEDBYID, UPDATEDBYID, DATECREATED, DATEUPDATED) VALUES (7, 'referenceValuePledgeServiceLevelTwo757', 'en', 11000, 'Sudanese', 1, 1, current_date, current_date);
INSERT INTO MESSAGERESOURCE(VIEWID, MESSAGEKEY, LOCALE, LOCALEREFERENCEID, MESSAGE, CREATEDBYID, UPDATEDBYID, DATECREATED, DATEUPDATED) VALUES (7, 'referenceValuePledgeServiceLevelTwo758', 'en', 11000, 'Swahili', 1, 1, current_date, current_date);
INSERT INTO MESSAGERESOURCE(VIEWID, MESSAGEKEY, LOCALE, LOCALEREFERENCEID, MESSAGE, CREATEDBYID, UPDATEDBYID, DATECREATED, DATEUPDATED) VALUES (7, 'referenceValuePledgeServiceLevelTwo759', 'en', 11000, 'Swedish', 1, 1, current_date, current_date);
INSERT INTO MESSAGERESOURCE(VIEWID, MESSAGEKEY, LOCALE, LOCALEREFERENCEID, MESSAGE, CREATEDBYID, UPDATEDBYID, DATECREATED, DATEUPDATED) VALUES (7, 'referenceValuePledgeServiceLevelTwo760', 'en', 11000, 'Thai', 1, 1, current_date, current_date);
INSERT INTO MESSAGERESOURCE(VIEWID, MESSAGEKEY, LOCALE, LOCALEREFERENCEID, MESSAGE, CREATEDBYID, UPDATEDBYID, DATECREATED, DATEUPDATED) VALUES (7, 'referenceValuePledgeServiceLevelTwo761', 'en', 11000, 'Tunisian', 1, 1, current_date, current_date);
INSERT INTO MESSAGERESOURCE(VIEWID, MESSAGEKEY, LOCALE, LOCALEREFERENCEID, MESSAGE, CREATEDBYID, UPDATEDBYID, DATECREATED, DATEUPDATED) VALUES (7, 'referenceValuePledgeServiceLevelTwo762', 'en', 11000, 'Turkish', 1, 1, current_date, current_date);
INSERT INTO MESSAGERESOURCE(VIEWID, MESSAGEKEY, LOCALE, LOCALEREFERENCEID, MESSAGE, CREATEDBYID, UPDATEDBYID, DATECREATED, DATEUPDATED) VALUES (7, 'referenceValuePledgeServiceLevelTwo763', 'en', 11000, 'Turkmen', 1, 1, current_date, current_date);
INSERT INTO MESSAGERESOURCE(VIEWID, MESSAGEKEY, LOCALE, LOCALEREFERENCEID, MESSAGE, CREATEDBYID, UPDATEDBYID, DATECREATED, DATEUPDATED) VALUES (7, 'referenceValuePledgeServiceLevelTwo764', 'en', 11000, 'Ukrainian', 1, 1, current_date, current_date);
INSERT INTO MESSAGERESOURCE(VIEWID, MESSAGEKEY, LOCALE, LOCALEREFERENCEID, MESSAGE, CREATEDBYID, UPDATEDBYID, DATECREATED, DATEUPDATED) VALUES (7, 'referenceValuePledgeServiceLevelTwo765', 'en', 11000, 'Urdu', 1, 1, current_date, current_date);
INSERT INTO MESSAGERESOURCE(VIEWID, MESSAGEKEY, LOCALE, LOCALEREFERENCEID, MESSAGE, CREATEDBYID, UPDATEDBYID, DATECREATED, DATEUPDATED) VALUES (7, 'referenceValuePledgeServiceLevelTwo766', 'en', 11000, 'Uyghur', 1, 1, current_date, current_date);
INSERT INTO MESSAGERESOURCE(VIEWID, MESSAGEKEY, LOCALE, LOCALEREFERENCEID, MESSAGE, CREATEDBYID, UPDATEDBYID, DATECREATED, DATEUPDATED) VALUES (7, 'referenceValuePledgeServiceLevelTwo767', 'en', 11000, 'Uzbek', 1, 1, current_date, current_date);
INSERT INTO MESSAGERESOURCE(VIEWID, MESSAGEKEY, LOCALE, LOCALEREFERENCEID, MESSAGE, CREATEDBYID, UPDATEDBYID, DATECREATED, DATEUPDATED) VALUES (7, 'referenceValuePledgeServiceLevelTwo768', 'en', 11000, 'Vietnamese', 1, 1, current_date, current_date);
INSERT INTO MESSAGERESOURCE(VIEWID, MESSAGEKEY, LOCALE, LOCALEREFERENCEID, MESSAGE, CREATEDBYID, UPDATEDBYID, DATECREATED, DATEUPDATED) VALUES (7, 'referenceValuePledgeServiceLevelTwo769', 'en', 11000, 'Yemeni', 1, 1, current_date, current_date);
INSERT INTO MESSAGERESOURCE(VIEWID, MESSAGEKEY, LOCALE, LOCALEREFERENCEID, MESSAGE, CREATEDBYID, UPDATEDBYID, DATECREATED, DATEUPDATED) VALUES (7, 'referenceValuePledgeServiceLevelTwo770', 'en', 11000, 'Zulu', 1, 1, current_date, current_date);
INSERT INTO MESSAGERESOURCE(VIEWID, MESSAGEKEY, LOCALE, LOCALEREFERENCEID, MESSAGE, CREATEDBYID, UPDATEDBYID, DATECREATED, DATEUPDATED) VALUES (7, 'referenceValuePledgeServiceLevelTwo800', 'en', 11000, 'Please select a profession', 1, 1, current_date, current_date);
INSERT INTO MESSAGERESOURCE(VIEWID, MESSAGEKEY, LOCALE, LOCALEREFERENCEID, MESSAGE, CREATEDBYID, UPDATEDBYID, DATECREATED, DATEUPDATED) VALUES (7, 'referenceValuePledgeServiceLevelTwo801', 'en', 11000, 'Accounting', 1, 1, current_date, current_date);
INSERT INTO MESSAGERESOURCE(VIEWID, MESSAGEKEY, LOCALE, LOCALEREFERENCEID, MESSAGE, CREATEDBYID, UPDATEDBYID, DATECREATED, DATEUPDATED) VALUES (7, 'referenceValuePledgeServiceLevelTwo802', 'en', 11000, 'Administration', 1, 1, current_date, current_date);
INSERT INTO MESSAGERESOURCE(VIEWID, MESSAGEKEY, LOCALE, LOCALEREFERENCEID, MESSAGE, CREATEDBYID, UPDATEDBYID, DATECREATED, DATEUPDATED) VALUES (7, 'referenceValuePledgeServiceLevelTwo803', 'en', 11000, 'Design', 1, 1, current_date, current_date);
INSERT INTO MESSAGERESOURCE(VIEWID, MESSAGEKEY, LOCALE, LOCALEREFERENCEID, MESSAGE, CREATEDBYID, UPDATEDBYID, DATECREATED, DATEUPDATED) VALUES (7, 'referenceValuePledgeServiceLevelTwo804', 'en', 11000, 'Information Technology', 1, 1, current_date, current_date);
INSERT INTO MESSAGERESOURCE(VIEWID, MESSAGEKEY, LOCALE, LOCALEREFERENCEID, MESSAGE, CREATEDBYID, UPDATEDBYID, DATECREATED, DATEUPDATED) VALUES (7, 'referenceValuePledgeServiceLevelTwo805', 'en', 11000, 'Legal Skills', 1, 1, current_date, current_date);
INSERT INTO MESSAGERESOURCE(VIEWID, MESSAGEKEY, LOCALE, LOCALEREFERENCEID, MESSAGE, CREATEDBYID, UPDATEDBYID, DATECREATED, DATEUPDATED) VALUES (7, 'referenceValuePledgeServiceLevelTwo806', 'en', 11000, 'Logistician', 1, 1, current_date, current_date);
INSERT INTO MESSAGERESOURCE(VIEWID, MESSAGEKEY, LOCALE, LOCALEREFERENCEID, MESSAGE, CREATEDBYID, UPDATEDBYID, DATECREATED, DATEUPDATED) VALUES (7, 'referenceValuePledgeServiceLevelTwo807', 'en', 11000, 'Marketing', 1, 1, current_date, current_date);
INSERT INTO MESSAGERESOURCE(VIEWID, MESSAGEKEY, LOCALE, LOCALEREFERENCEID, MESSAGE, CREATEDBYID, UPDATEDBYID, DATECREATED, DATEUPDATED) VALUES (7, 'referenceValuePledgeServiceLevelTwo808', 'en', 11000, 'Project Manager', 1, 1, current_date, current_date);
INSERT INTO MESSAGERESOURCE(VIEWID, MESSAGEKEY, LOCALE, LOCALEREFERENCEID, MESSAGE, CREATEDBYID, UPDATEDBYID, DATECREATED, DATEUPDATED) VALUES (7, 'referenceValuePledgeServiceLevelTwo809', 'en', 11000, 'Teacher', 1, 1, current_date, current_date);
INSERT INTO MESSAGERESOURCE(VIEWID, MESSAGEKEY, LOCALE, LOCALEREFERENCEID, MESSAGE, CREATEDBYID, UPDATEDBYID, DATECREATED, DATEUPDATED) VALUES (7, 'referenceValuePledgeServiceLevelTwo900', 'en', 11000, 'Please select a trade', 1, 1, current_date, current_date);
INSERT INTO MESSAGERESOURCE(VIEWID, MESSAGEKEY, LOCALE, LOCALEREFERENCEID, MESSAGE, CREATEDBYID, UPDATEDBYID, DATECREATED, DATEUPDATED) VALUES (7, 'referenceValuePledgeServiceLevelTwo901', 'en', 11000, 'Bricklayer', 1, 1, current_date, current_date);
INSERT INTO MESSAGERESOURCE(VIEWID, MESSAGEKEY, LOCALE, LOCALEREFERENCEID, MESSAGE, CREATEDBYID, UPDATEDBYID, DATECREATED, DATEUPDATED) VALUES (7, 'referenceValuePledgeServiceLevelTwo902', 'en', 11000, 'Carpenter', 1, 1, current_date, current_date);
INSERT INTO MESSAGERESOURCE(VIEWID, MESSAGEKEY, LOCALE, LOCALEREFERENCEID, MESSAGE, CREATEDBYID, UPDATEDBYID, DATECREATED, DATEUPDATED) VALUES (7, 'referenceValuePledgeServiceLevelTwo903', 'en', 11000, 'Electrician', 1, 1, current_date, current_date);
INSERT INTO MESSAGERESOURCE(VIEWID, MESSAGEKEY, LOCALE, LOCALEREFERENCEID, MESSAGE, CREATEDBYID, UPDATEDBYID, DATECREATED, DATEUPDATED) VALUES (7, 'referenceValuePledgeServiceLevelTwo904', 'en', 11000, 'Laborer', 1, 1, current_date, current_date);
INSERT INTO MESSAGERESOURCE(VIEWID, MESSAGEKEY, LOCALE, LOCALEREFERENCEID, MESSAGE, CREATEDBYID, UPDATEDBYID, DATECREATED, DATEUPDATED) VALUES (7, 'referenceValuePledgeServiceLevelTwo905', 'en', 11000, 'Plasterer', 1, 1, current_date, current_date);
INSERT INTO MESSAGERESOURCE(VIEWID, MESSAGEKEY, LOCALE, LOCALEREFERENCEID, MESSAGE, CREATEDBYID, UPDATEDBYID, DATECREATED, DATEUPDATED) VALUES (7, 'referenceValuePledgeServiceLevelTwo906', 'en', 11000, 'Plumber', 1, 1, current_date, current_date);
INSERT INTO MESSAGERESOURCE(VIEWID, MESSAGEKEY, LOCALE, LOCALEREFERENCEID, MESSAGE, CREATEDBYID, UPDATEDBYID, DATECREATED, DATEUPDATED) VALUES (7, 'referenceValuePledgeServiceLevelTwo907', 'en', 11000, 'Stone Mason', 1, 1, current_date, current_date);
INSERT INTO MESSAGERESOURCE(VIEWID, MESSAGEKEY, LOCALE, LOCALEREFERENCEID, MESSAGE, CREATEDBYID, UPDATEDBYID, DATECREATED, DATEUPDATED) VALUES (7, 'referenceValuePledgeServiceLevelTwo908', 'en', 11000, 'Welder', 1, 1, current_date, current_date);
INSERT INTO MESSAGERESOURCE(VIEWID, MESSAGEKEY, LOCALE, LOCALEREFERENCEID, MESSAGE, CREATEDBYID, UPDATEDBYID, DATECREATED, DATEUPDATED) VALUES (7, 'referenceValuePledgeServiceLevelTwo909', 'en', 11000, 'Other', 1, 1, current_date, current_date);
INSERT INTO MESSAGERESOURCE(VIEWID, MESSAGEKEY, LOCALE, LOCALEREFERENCEID, MESSAGE, CREATEDBYID, UPDATEDBYID, DATECREATED, DATEUPDATED) VALUES (7, 'referenceValuePledgeServiceLevelTwo1001', 'en', 11000, 'Liftshare/Giving lifts', 1, 1, current_date, current_date);
INSERT INTO MESSAGERESOURCE(VIEWID, MESSAGEKEY, LOCALE, LOCALEREFERENCEID, MESSAGE, CREATEDBYID, UPDATEDBYID, DATECREATED, DATEUPDATED) VALUES (7, 'referenceValuePledgeServiceLevelTwo1100', 'en', 11000, 'Please select a befriending option', 1, 1, current_date, current_date);
INSERT INTO MESSAGERESOURCE(VIEWID, MESSAGEKEY, LOCALE, LOCALEREFERENCEID, MESSAGE, CREATEDBYID, UPDATEDBYID, DATECREATED, DATEUPDATED) VALUES (7, 'referenceValuePledgeServiceLevelTwo1101', 'en', 11000, 'Bars', 1, 1, current_date, current_date);
INSERT INTO MESSAGERESOURCE(VIEWID, MESSAGEKEY, LOCALE, LOCALEREFERENCEID, MESSAGE, CREATEDBYID, UPDATEDBYID, DATECREATED, DATEUPDATED) VALUES (7, 'referenceValuePledgeServiceLevelTwo1102', 'en', 11000, 'Beach', 1, 1, current_date, current_date);
INSERT INTO MESSAGERESOURCE(VIEWID, MESSAGEKEY, LOCALE, LOCALEREFERENCEID, MESSAGE, CREATEDBYID, UPDATEDBYID, DATECREATED, DATEUPDATED) VALUES (7, 'referenceValuePledgeServiceLevelTwo1103', 'en', 11000, 'Board Games', 1, 1, current_date, current_date);
INSERT INTO MESSAGERESOURCE(VIEWID, MESSAGEKEY, LOCALE, LOCALEREFERENCEID, MESSAGE, CREATEDBYID, UPDATEDBYID, DATECREATED, DATEUPDATED) VALUES (7, 'referenceValuePledgeServiceLevelTwo1104', 'en', 11000, 'Book Club', 1, 1, current_date, current_date);
INSERT INTO MESSAGERESOURCE(VIEWID, MESSAGEKEY, LOCALE, LOCALEREFERENCEID, MESSAGE, CREATEDBYID, UPDATEDBYID, DATECREATED, DATEUPDATED) VALUES (7, 'referenceValuePledgeServiceLevelTwo1105', 'en', 11000, 'Cards', 1, 1, current_date, current_date);
INSERT INTO MESSAGERESOURCE(VIEWID, MESSAGEKEY, LOCALE, LOCALEREFERENCEID, MESSAGE, CREATEDBYID, UPDATEDBYID, DATECREATED, DATEUPDATED) VALUES (7, 'referenceValuePledgeServiceLevelTwo1106', 'en', 11000, 'Cinema', 1, 1, current_date, current_date);
INSERT INTO MESSAGERESOURCE(VIEWID, MESSAGEKEY, LOCALE, LOCALEREFERENCEID, MESSAGE, CREATEDBYID, UPDATEDBYID, DATECREATED, DATEUPDATED) VALUES (7, 'referenceValuePledgeServiceLevelTwo1107', 'en', 11000, 'Coffee', 1, 1, current_date, current_date);
INSERT INTO MESSAGERESOURCE(VIEWID, MESSAGEKEY, LOCALE, LOCALEREFERENCEID, MESSAGE, CREATEDBYID, UPDATEDBYID, DATECREATED, DATEUPDATED) VALUES (7, 'referenceValuePledgeServiceLevelTwo1108', 'en', 11000, 'Dancing', 1, 1, current_date, current_date);
INSERT INTO MESSAGERESOURCE(VIEWID, MESSAGEKEY, LOCALE, LOCALEREFERENCEID, MESSAGE, CREATEDBYID, UPDATEDBYID, DATECREATED, DATEUPDATED) VALUES (7, 'referenceValuePledgeServiceLevelTwo1109', 'en', 11000, 'Day Trips', 1, 1, current_date, current_date);
INSERT INTO MESSAGERESOURCE(VIEWID, MESSAGEKEY, LOCALE, LOCALEREFERENCEID, MESSAGE, CREATEDBYID, UPDATEDBYID, DATECREATED, DATEUPDATED) VALUES (7, 'referenceValuePledgeServiceLevelTwo1110', 'en', 11000, 'Galleries', 1, 1, current_date, current_date);
INSERT INTO MESSAGERESOURCE(VIEWID, MESSAGEKEY, LOCALE, LOCALEREFERENCEID, MESSAGE, CREATEDBYID, UPDATEDBYID, DATECREATED, DATEUPDATED) VALUES (7, 'referenceValuePledgeServiceLevelTwo1111', 'en', 11000, 'Gardening', 1, 1, current_date, current_date);
INSERT INTO MESSAGERESOURCE(VIEWID, MESSAGEKEY, LOCALE, LOCALEREFERENCEID, MESSAGE, CREATEDBYID, UPDATEDBYID, DATECREATED, DATEUPDATED) VALUES (7, 'referenceValuePledgeServiceLevelTwo1112', 'en', 11000, 'Keeping Pets', 1, 1, current_date, current_date);
INSERT INTO MESSAGERESOURCE(VIEWID, MESSAGEKEY, LOCALE, LOCALEREFERENCEID, MESSAGE, CREATEDBYID, UPDATEDBYID, DATECREATED, DATEUPDATED) VALUES (7, 'referenceValuePledgeServiceLevelTwo1113', 'en', 11000, 'Listening to/Playing Music', 1, 1, current_date, current_date);
INSERT INTO MESSAGERESOURCE(VIEWID, MESSAGEKEY, LOCALE, LOCALEREFERENCEID, MESSAGE, CREATEDBYID, UPDATEDBYID, DATECREATED, DATEUPDATED) VALUES (7, 'referenceValuePledgeServiceLevelTwo1114', 'en', 11000, 'Outdoor Activities', 1, 1, current_date, current_date);
INSERT INTO MESSAGERESOURCE(VIEWID, MESSAGEKEY, LOCALE, LOCALEREFERENCEID, MESSAGE, CREATEDBYID, UPDATEDBYID, DATECREATED, DATEUPDATED) VALUES (7, 'referenceValuePledgeServiceLevelTwo1115', 'en', 11000, 'Theatre', 1, 1, current_date, current_date);
INSERT INTO MESSAGERESOURCE(VIEWID, MESSAGEKEY, LOCALE, LOCALEREFERENCEID, MESSAGE, CREATEDBYID, UPDATEDBYID, DATECREATED, DATEUPDATED) VALUES (7, 'referenceValuePledgeServiceLevelTwo1116', 'en', 11000, 'Walking', 1, 1, current_date, current_date);
INSERT INTO MESSAGERESOURCE(VIEWID, MESSAGEKEY, LOCALE, LOCALEREFERENCEID, MESSAGE, CREATEDBYID, UPDATEDBYID, DATECREATED, DATEUPDATED) VALUES (7, 'referenceValuePledgeServiceLevelTwo1117', 'en', 11000, 'Watching Sports/Playing Sports', 1, 1, current_date, current_date);
INSERT INTO MESSAGERESOURCE(VIEWID, MESSAGEKEY, LOCALE, LOCALEREFERENCEID, MESSAGE, CREATEDBYID, UPDATEDBYID, DATECREATED, DATEUPDATED) VALUES (7, 'referenceValuePledgeServiceLevelTwo1118', 'en', 11000, 'Other', 1, 1, current_date, current_date);
INSERT INTO MESSAGERESOURCE(VIEWID, MESSAGEKEY, LOCALE, LOCALEREFERENCEID, MESSAGE, CREATEDBYID, UPDATEDBYID, DATECREATED, DATEUPDATED) VALUES (7, 'referenceValuePledgeServiceLevelTwo1200', 'en', 11000, 'Please select your area of expertise', 1, 1, current_date, current_date);
INSERT INTO MESSAGERESOURCE(VIEWID, MESSAGEKEY, LOCALE, LOCALEREFERENCEID, MESSAGE, CREATEDBYID, UPDATEDBYID, DATECREATED, DATEUPDATED) VALUES (7, 'referenceValuePledgeServiceLevelTwo1201', 'en', 11000, 'Business', 1, 1, current_date, current_date);
INSERT INTO MESSAGERESOURCE(VIEWID, MESSAGEKEY, LOCALE, LOCALEREFERENCEID, MESSAGE, CREATEDBYID, UPDATEDBYID, DATECREATED, DATEUPDATED) VALUES (7, 'referenceValuePledgeServiceLevelTwo1202', 'en', 11000, 'Music', 1, 1, current_date, current_date);
INSERT INTO MESSAGERESOURCE(VIEWID, MESSAGEKEY, LOCALE, LOCALEREFERENCEID, MESSAGE, CREATEDBYID, UPDATEDBYID, DATECREATED, DATEUPDATED) VALUES (7, 'referenceValuePledgeServiceLevelTwo1203', 'en', 11000, 'Performing Arts', 1, 1, current_date, current_date);
INSERT INTO MESSAGERESOURCE(VIEWID, MESSAGEKEY, LOCALE, LOCALEREFERENCEID, MESSAGE, CREATEDBYID, UPDATEDBYID, DATECREATED, DATEUPDATED) VALUES (7, 'referenceValuePledgeServiceLevelTwo1204', 'en', 11000, 'Sports', 1, 1, current_date, current_date);
INSERT INTO MESSAGERESOURCE(VIEWID, MESSAGEKEY, LOCALE, LOCALEREFERENCEID, MESSAGE, CREATEDBYID, UPDATEDBYID, DATECREATED, DATEUPDATED) VALUES (7, 'referenceValuePledgeServiceLevelTwo1205', 'en', 11000, 'Visual Art', 1, 1, current_date, current_date);
INSERT INTO MESSAGERESOURCE(VIEWID, MESSAGEKEY, LOCALE, LOCALEREFERENCEID, MESSAGE, CREATEDBYID, UPDATEDBYID, DATECREATED, DATEUPDATED) VALUES (7, 'referenceValuePledgeServiceLevelThree1400', 'en', 11000, 'Please select a music option', 1, 1, current_date, current_date);
INSERT INTO MESSAGERESOURCE(VIEWID, MESSAGEKEY, LOCALE, LOCALEREFERENCEID, MESSAGE, CREATEDBYID, UPDATEDBYID, DATECREATED, DATEUPDATED) VALUES (7, 'referenceValuePledgeServiceLevelThree1401', 'en', 11000, 'Band', 1, 1, current_date, current_date);
INSERT INTO MESSAGERESOURCE(VIEWID, MESSAGEKEY, LOCALE, LOCALEREFERENCEID, MESSAGE, CREATEDBYID, UPDATEDBYID, DATECREATED, DATEUPDATED) VALUES (7, 'referenceValuePledgeServiceLevelThree1402', 'en', 11000, 'Bass Guitar', 1, 1, current_date, current_date);
INSERT INTO MESSAGERESOURCE(VIEWID, MESSAGEKEY, LOCALE, LOCALEREFERENCEID, MESSAGE, CREATEDBYID, UPDATEDBYID, DATECREATED, DATEUPDATED) VALUES (7, 'referenceValuePledgeServiceLevelThree1403', 'en', 11000, 'Cello', 1, 1, current_date, current_date);
INSERT INTO MESSAGERESOURCE(VIEWID, MESSAGEKEY, LOCALE, LOCALEREFERENCEID, MESSAGE, CREATEDBYID, UPDATEDBYID, DATECREATED, DATEUPDATED) VALUES (7, 'referenceValuePledgeServiceLevelThree1404', 'en', 11000, 'Choir', 1, 1, current_date, current_date);
INSERT INTO MESSAGERESOURCE(VIEWID, MESSAGEKEY, LOCALE, LOCALEREFERENCEID, MESSAGE, CREATEDBYID, UPDATEDBYID, DATECREATED, DATEUPDATED) VALUES (7, 'referenceValuePledgeServiceLevelThree1405', 'en', 11000, 'Clarinet', 1, 1, current_date, current_date);
INSERT INTO MESSAGERESOURCE(VIEWID, MESSAGEKEY, LOCALE, LOCALEREFERENCEID, MESSAGE, CREATEDBYID, UPDATEDBYID, DATECREATED, DATEUPDATED) VALUES (7, 'referenceValuePledgeServiceLevelThree1406', 'en', 11000, 'Double Bass', 1, 1, current_date, current_date);
INSERT INTO MESSAGERESOURCE(VIEWID, MESSAGEKEY, LOCALE, LOCALEREFERENCEID, MESSAGE, CREATEDBYID, UPDATEDBYID, DATECREATED, DATEUPDATED) VALUES (7, 'referenceValuePledgeServiceLevelThree1407', 'en', 11000, 'Drums', 1, 1, current_date, current_date);
INSERT INTO MESSAGERESOURCE(VIEWID, MESSAGEKEY, LOCALE, LOCALEREFERENCEID, MESSAGE, CREATEDBYID, UPDATEDBYID, DATECREATED, DATEUPDATED) VALUES (7, 'referenceValuePledgeServiceLevelThree1408', 'en', 11000, 'DJ', 1, 1, current_date, current_date);
INSERT INTO MESSAGERESOURCE(VIEWID, MESSAGEKEY, LOCALE, LOCALEREFERENCEID, MESSAGE, CREATEDBYID, UPDATEDBYID, DATECREATED, DATEUPDATED) VALUES (7, 'referenceValuePledgeServiceLevelThree1409', 'en', 11000, 'Flute', 1, 1, current_date, current_date);
INSERT INTO MESSAGERESOURCE(VIEWID, MESSAGEKEY, LOCALE, LOCALEREFERENCEID, MESSAGE, CREATEDBYID, UPDATEDBYID, DATECREATED, DATEUPDATED) VALUES (7, 'referenceValuePledgeServiceLevelThree1410', 'en', 11000, 'Guitar', 1, 1, current_date, current_date);
INSERT INTO MESSAGERESOURCE(VIEWID, MESSAGEKEY, LOCALE, LOCALEREFERENCEID, MESSAGE, CREATEDBYID, UPDATEDBYID, DATECREATED, DATEUPDATED) VALUES (7, 'referenceValuePledgeServiceLevelThree1411', 'en', 11000, 'Harmonica', 1, 1, current_date, current_date);
INSERT INTO MESSAGERESOURCE(VIEWID, MESSAGEKEY, LOCALE, LOCALEREFERENCEID, MESSAGE, CREATEDBYID, UPDATEDBYID, DATECREATED, DATEUPDATED) VALUES (7, 'referenceValuePledgeServiceLevelThree1412', 'en', 11000, 'Harp', 1, 1, current_date, current_date);
INSERT INTO MESSAGERESOURCE(VIEWID, MESSAGEKEY, LOCALE, LOCALEREFERENCEID, MESSAGE, CREATEDBYID, UPDATEDBYID, DATECREATED, DATEUPDATED) VALUES (7, 'referenceValuePledgeServiceLevelThree1413', 'en', 11000, 'Harpsichord', 1, 1, current_date, current_date);
INSERT INTO MESSAGERESOURCE(VIEWID, MESSAGEKEY, LOCALE, LOCALEREFERENCEID, MESSAGE, CREATEDBYID, UPDATEDBYID, DATECREATED, DATEUPDATED) VALUES (7, 'referenceValuePledgeServiceLevelThree1414', 'en', 11000, 'Keyboard', 1, 1, current_date, current_date);
INSERT INTO MESSAGERESOURCE(VIEWID, MESSAGEKEY, LOCALE, LOCALEREFERENCEID, MESSAGE, CREATEDBYID, UPDATEDBYID, DATECREATED, DATEUPDATED) VALUES (7, 'referenceValuePledgeServiceLevelThree1415', 'en', 11000, 'Lute', 1, 1, current_date, current_date);
INSERT INTO MESSAGERESOURCE(VIEWID, MESSAGEKEY, LOCALE, LOCALEREFERENCEID, MESSAGE, CREATEDBYID, UPDATEDBYID, DATECREATED, DATEUPDATED) VALUES (7, 'referenceValuePledgeServiceLevelThree1416', 'en', 11000, 'Mandolin', 1, 1, current_date, current_date);
INSERT INTO MESSAGERESOURCE(VIEWID, MESSAGEKEY, LOCALE, LOCALEREFERENCEID, MESSAGE, CREATEDBYID, UPDATEDBYID, DATECREATED, DATEUPDATED) VALUES (7, 'referenceValuePledgeServiceLevelThree1417', 'en', 11000, 'Oboe', 1, 1, current_date, current_date);
INSERT INTO MESSAGERESOURCE(VIEWID, MESSAGEKEY, LOCALE, LOCALEREFERENCEID, MESSAGE, CREATEDBYID, UPDATEDBYID, DATECREATED, DATEUPDATED) VALUES (7, 'referenceValuePledgeServiceLevelThree1418', 'en', 11000, 'Orchestra', 1, 1, current_date, current_date);
INSERT INTO MESSAGERESOURCE(VIEWID, MESSAGEKEY, LOCALE, LOCALEREFERENCEID, MESSAGE, CREATEDBYID, UPDATEDBYID, DATECREATED, DATEUPDATED) VALUES (7, 'referenceValuePledgeServiceLevelThree1419', 'en', 11000, 'Piano', 1, 1, current_date, current_date);
INSERT INTO MESSAGERESOURCE(VIEWID, MESSAGEKEY, LOCALE, LOCALEREFERENCEID, MESSAGE, CREATEDBYID, UPDATEDBYID, DATECREATED, DATEUPDATED) VALUES (7, 'referenceValuePledgeServiceLevelThree1420', 'en', 11000, 'Recorder', 1, 1, current_date, current_date);
INSERT INTO MESSAGERESOURCE(VIEWID, MESSAGEKEY, LOCALE, LOCALEREFERENCEID, MESSAGE, CREATEDBYID, UPDATEDBYID, DATECREATED, DATEUPDATED) VALUES (7, 'referenceValuePledgeServiceLevelThree1421', 'en', 11000, 'Saxophone', 1, 1, current_date, current_date);
INSERT INTO MESSAGERESOURCE(VIEWID, MESSAGEKEY, LOCALE, LOCALEREFERENCEID, MESSAGE, CREATEDBYID, UPDATEDBYID, DATECREATED, DATEUPDATED) VALUES (7, 'referenceValuePledgeServiceLevelThree1422', 'en', 11000, 'Traditional Instruments (Please specify)', 1, 1, current_date, current_date);
INSERT INTO MESSAGERESOURCE(VIEWID, MESSAGEKEY, LOCALE, LOCALEREFERENCEID, MESSAGE, CREATEDBYID, UPDATEDBYID, DATECREATED, DATEUPDATED) VALUES (7, 'referenceValuePledgeServiceLevelThree1423', 'en', 11000, 'Trombone', 1, 1, current_date, current_date);
INSERT INTO MESSAGERESOURCE(VIEWID, MESSAGEKEY, LOCALE, LOCALEREFERENCEID, MESSAGE, CREATEDBYID, UPDATEDBYID, DATECREATED, DATEUPDATED) VALUES (7, 'referenceValuePledgeServiceLevelThree1424', 'en', 11000, 'Trumpet', 1, 1, current_date, current_date);
INSERT INTO MESSAGERESOURCE(VIEWID, MESSAGEKEY, LOCALE, LOCALEREFERENCEID, MESSAGE, CREATEDBYID, UPDATEDBYID, DATECREATED, DATEUPDATED) VALUES (7, 'referenceValuePledgeServiceLevelThree1425', 'en', 11000, 'Tuba', 1, 1, current_date, current_date);
INSERT INTO MESSAGERESOURCE(VIEWID, MESSAGEKEY, LOCALE, LOCALEREFERENCEID, MESSAGE, CREATEDBYID, UPDATEDBYID, DATECREATED, DATEUPDATED) VALUES (7, 'referenceValuePledgeServiceLevelThree1426', 'en', 11000, 'Ukulele', 1, 1, current_date, current_date);
INSERT INTO MESSAGERESOURCE(VIEWID, MESSAGEKEY, LOCALE, LOCALEREFERENCEID, MESSAGE, CREATEDBYID, UPDATEDBYID, DATECREATED, DATEUPDATED) VALUES (7, 'referenceValuePledgeServiceLevelThree1427', 'en', 11000, 'Viola', 1, 1, current_date, current_date);
INSERT INTO MESSAGERESOURCE(VIEWID, MESSAGEKEY, LOCALE, LOCALEREFERENCEID, MESSAGE, CREATEDBYID, UPDATEDBYID, DATECREATED, DATEUPDATED) VALUES (7, 'referenceValuePledgeServiceLevelThree1428', 'en', 11000, 'Violin', 1, 1, current_date, current_date);
INSERT INTO MESSAGERESOURCE(VIEWID, MESSAGEKEY, LOCALE, LOCALEREFERENCEID, MESSAGE, CREATEDBYID, UPDATEDBYID, DATECREATED, DATEUPDATED) VALUES (7, 'referenceValuePledgeServiceLevelThree1429', 'en', 11000, 'Xylophone', 1, 1, current_date, current_date);
INSERT INTO MESSAGERESOURCE(VIEWID, MESSAGEKEY, LOCALE, LOCALEREFERENCEID, MESSAGE, CREATEDBYID, UPDATEDBYID, DATECREATED, DATEUPDATED) VALUES (7, 'referenceValuePledgeServiceLevelThree1430', 'en', 11000, 'Zither', 1, 1, current_date, current_date);
INSERT INTO MESSAGERESOURCE(VIEWID, MESSAGEKEY, LOCALE, LOCALEREFERENCEID, MESSAGE, CREATEDBYID, UPDATEDBYID, DATECREATED, DATEUPDATED) VALUES (7, 'referenceValuePledgeServiceLevelThree1431', 'en', 11000, 'Other (Please specify)', 1, 1, current_date, current_date);
INSERT INTO MESSAGERESOURCE(VIEWID, MESSAGEKEY, LOCALE, LOCALEREFERENCEID, MESSAGE, CREATEDBYID, UPDATEDBYID, DATECREATED, DATEUPDATED) VALUES (7, 'referenceValuePledgeServiceLevelThree1500', 'en', 11000, 'Please select a performing art', 1, 1, current_date, current_date);
INSERT INTO MESSAGERESOURCE(VIEWID, MESSAGEKEY, LOCALE, LOCALEREFERENCEID, MESSAGE, CREATEDBYID, UPDATEDBYID, DATECREATED, DATEUPDATED) VALUES (7, 'referenceValuePledgeServiceLevelThree1501', 'en', 11000, 'Theatre', 1, 1, current_date, current_date);
INSERT INTO MESSAGERESOURCE(VIEWID, MESSAGEKEY, LOCALE, LOCALEREFERENCEID, MESSAGE, CREATEDBYID, UPDATEDBYID, DATECREATED, DATEUPDATED) VALUES (7, 'referenceValuePledgeServiceLevelThree1502', 'en', 11000, 'Dance', 1, 1, current_date, current_date);
INSERT INTO MESSAGERESOURCE(VIEWID, MESSAGEKEY, LOCALE, LOCALEREFERENCEID, MESSAGE, CREATEDBYID, UPDATEDBYID, DATECREATED, DATEUPDATED) VALUES (7, 'referenceValuePledgeServiceLevelThree1600', 'en', 11000, 'Please select a sport', 1, 1, current_date, current_date);
INSERT INTO MESSAGERESOURCE(VIEWID, MESSAGEKEY, LOCALE, LOCALEREFERENCEID, MESSAGE, CREATEDBYID, UPDATEDBYID, DATECREATED, DATEUPDATED) VALUES (7, 'referenceValuePledgeServiceLevelThree1601', 'en', 11000, 'Archery', 1, 1, current_date, current_date);
INSERT INTO MESSAGERESOURCE(VIEWID, MESSAGEKEY, LOCALE, LOCALEREFERENCEID, MESSAGE, CREATEDBYID, UPDATEDBYID, DATECREATED, DATEUPDATED) VALUES (7, 'referenceValuePledgeServiceLevelThree1602', 'en', 11000, 'Athletics', 1, 1, current_date, current_date);
INSERT INTO MESSAGERESOURCE(VIEWID, MESSAGEKEY, LOCALE, LOCALEREFERENCEID, MESSAGE, CREATEDBYID, UPDATEDBYID, DATECREATED, DATEUPDATED) VALUES (7, 'referenceValuePledgeServiceLevelThree1603', 'en', 11000, 'Badminton', 1, 1, current_date, current_date);
INSERT INTO MESSAGERESOURCE(VIEWID, MESSAGEKEY, LOCALE, LOCALEREFERENCEID, MESSAGE, CREATEDBYID, UPDATEDBYID, DATECREATED, DATEUPDATED) VALUES (7, 'referenceValuePledgeServiceLevelThree1604', 'en', 11000, 'Basketball', 1, 1, current_date, current_date);
INSERT INTO MESSAGERESOURCE(VIEWID, MESSAGEKEY, LOCALE, LOCALEREFERENCEID, MESSAGE, CREATEDBYID, UPDATEDBYID, DATECREATED, DATEUPDATED) VALUES (7, 'referenceValuePledgeServiceLevelThree1605', 'en', 11000, 'Boat', 1, 1, current_date, current_date);
INSERT INTO MESSAGERESOURCE(VIEWID, MESSAGEKEY, LOCALE, LOCALEREFERENCEID, MESSAGE, CREATEDBYID, UPDATEDBYID, DATECREATED, DATEUPDATED) VALUES (7, 'referenceValuePledgeServiceLevelThree1606', 'en', 11000, 'Bowling', 1, 1, current_date, current_date);
INSERT INTO MESSAGERESOURCE(VIEWID, MESSAGEKEY, LOCALE, LOCALEREFERENCEID, MESSAGE, CREATEDBYID, UPDATEDBYID, DATECREATED, DATEUPDATED) VALUES (7, 'referenceValuePledgeServiceLevelThree1607', 'en', 11000, 'Boxing', 1, 1, current_date, current_date);
INSERT INTO MESSAGERESOURCE(VIEWID, MESSAGEKEY, LOCALE, LOCALEREFERENCEID, MESSAGE, CREATEDBYID, UPDATEDBYID, DATECREATED, DATEUPDATED) VALUES (7, 'referenceValuePledgeServiceLevelThree1608', 'en', 11000, 'Canoe', 1, 1, current_date, current_date);
INSERT INTO MESSAGERESOURCE(VIEWID, MESSAGEKEY, LOCALE, LOCALEREFERENCEID, MESSAGE, CREATEDBYID, UPDATEDBYID, DATECREATED, DATEUPDATED) VALUES (7, 'referenceValuePledgeServiceLevelThree1609', 'en', 11000, 'Cricket', 1, 1, current_date, current_date);
INSERT INTO MESSAGERESOURCE(VIEWID, MESSAGEKEY, LOCALE, LOCALEREFERENCEID, MESSAGE, CREATEDBYID, UPDATEDBYID, DATECREATED, DATEUPDATED) VALUES (7, 'referenceValuePledgeServiceLevelThree1610', 'en', 11000, 'Cycling', 1, 1, current_date, current_date);
INSERT INTO MESSAGERESOURCE(VIEWID, MESSAGEKEY, LOCALE, LOCALEREFERENCEID, MESSAGE, CREATEDBYID, UPDATEDBYID, DATECREATED, DATEUPDATED) VALUES (7, 'referenceValuePledgeServiceLevelThree1611', 'en', 11000, 'Dodgeball', 1, 1, current_date, current_date);
INSERT INTO MESSAGERESOURCE(VIEWID, MESSAGEKEY, LOCALE, LOCALEREFERENCEID, MESSAGE, CREATEDBYID, UPDATEDBYID, DATECREATED, DATEUPDATED) VALUES (7, 'referenceValuePledgeServiceLevelThree1612', 'en', 11000, 'Falconry', 1, 1, current_date, current_date);
INSERT INTO MESSAGERESOURCE(VIEWID, MESSAGEKEY, LOCALE, LOCALEREFERENCEID, MESSAGE, CREATEDBYID, UPDATEDBYID, DATECREATED, DATEUPDATED) VALUES (7, 'referenceValuePledgeServiceLevelThree1613', 'en', 11000, 'Golf', 1, 1, current_date, current_date);
INSERT INTO MESSAGERESOURCE(VIEWID, MESSAGEKEY, LOCALE, LOCALEREFERENCEID, MESSAGE, CREATEDBYID, UPDATEDBYID, DATECREATED, DATEUPDATED) VALUES (7, 'referenceValuePledgeServiceLevelThree1614', 'en', 11000, 'Gymnastics', 1, 1, current_date, current_date);
INSERT INTO MESSAGERESOURCE(VIEWID, MESSAGEKEY, LOCALE, LOCALEREFERENCEID, MESSAGE, CREATEDBYID, UPDATEDBYID, DATECREATED, DATEUPDATED) VALUES (7, 'referenceValuePledgeServiceLevelThree1615', 'en', 11000, 'Handball', 1, 1, current_date, current_date);
INSERT INTO MESSAGERESOURCE(VIEWID, MESSAGEKEY, LOCALE, LOCALEREFERENCEID, MESSAGE, CREATEDBYID, UPDATEDBYID, DATECREATED, DATEUPDATED) VALUES (7, 'referenceValuePledgeServiceLevelThree1616', 'en', 11000, 'Hockey', 1, 1, current_date, current_date);
INSERT INTO MESSAGERESOURCE(VIEWID, MESSAGEKEY, LOCALE, LOCALEREFERENCEID, MESSAGE, CREATEDBYID, UPDATEDBYID, DATECREATED, DATEUPDATED) VALUES (7, 'referenceValuePledgeServiceLevelThree1617', 'en', 11000, 'Horse-riding', 1, 1, current_date, current_date);
INSERT INTO MESSAGERESOURCE(VIEWID, MESSAGEKEY, LOCALE, LOCALEREFERENCEID, MESSAGE, CREATEDBYID, UPDATEDBYID, DATECREATED, DATEUPDATED) VALUES (7, 'referenceValuePledgeServiceLevelThree1618', 'en', 11000, 'Judo', 1, 1, current_date, current_date);
INSERT INTO MESSAGERESOURCE(VIEWID, MESSAGEKEY, LOCALE, LOCALEREFERENCEID, MESSAGE, CREATEDBYID, UPDATEDBYID, DATECREATED, DATEUPDATED) VALUES (7, 'referenceValuePledgeServiceLevelThree1619', 'en', 11000, 'Karate', 1, 1, current_date, current_date);
INSERT INTO MESSAGERESOURCE(VIEWID, MESSAGEKEY, LOCALE, LOCALEREFERENCEID, MESSAGE, CREATEDBYID, UPDATEDBYID, DATECREATED, DATEUPDATED) VALUES (7, 'referenceValuePledgeServiceLevelThree1620', 'en', 11000, 'Kite', 1, 1, current_date, current_date);
INSERT INTO MESSAGERESOURCE(VIEWID, MESSAGEKEY, LOCALE, LOCALEREFERENCEID, MESSAGE, CREATEDBYID, UPDATEDBYID, DATECREATED, DATEUPDATED) VALUES (7, 'referenceValuePledgeServiceLevelThree1621', 'en', 11000, 'Kung Fu', 1, 1, current_date, current_date);
INSERT INTO MESSAGERESOURCE(VIEWID, MESSAGEKEY, LOCALE, LOCALEREFERENCEID, MESSAGE, CREATEDBYID, UPDATEDBYID, DATECREATED, DATEUPDATED) VALUES (7, 'referenceValuePledgeServiceLevelThree1622', 'en', 11000, 'Lacrosse', 1, 1, current_date, current_date);
INSERT INTO MESSAGERESOURCE(VIEWID, MESSAGEKEY, LOCALE, LOCALEREFERENCEID, MESSAGE, CREATEDBYID, UPDATEDBYID, DATECREATED, DATEUPDATED) VALUES (7, 'referenceValuePledgeServiceLevelThree1623', 'en', 11000, 'Mixed Martial Arts', 1, 1, current_date, current_date);
INSERT INTO MESSAGERESOURCE(VIEWID, MESSAGEKEY, LOCALE, LOCALEREFERENCEID, MESSAGE, CREATEDBYID, UPDATEDBYID, DATECREATED, DATEUPDATED) VALUES (7, 'referenceValuePledgeServiceLevelThree1624', 'en', 11000, 'Mountaineering', 1, 1, current_date, current_date);
INSERT INTO MESSAGERESOURCE(VIEWID, MESSAGEKEY, LOCALE, LOCALEREFERENCEID, MESSAGE, CREATEDBYID, UPDATEDBYID, DATECREATED, DATEUPDATED) VALUES (7, 'referenceValuePledgeServiceLevelThree1625', 'en', 11000, 'Netball', 1, 1, current_date, current_date);
INSERT INTO MESSAGERESOURCE(VIEWID, MESSAGEKEY, LOCALE, LOCALEREFERENCEID, MESSAGE, CREATEDBYID, UPDATEDBYID, DATECREATED, DATEUPDATED) VALUES (7, 'referenceValuePledgeServiceLevelThree1626', 'en', 11000, 'Orienteering', 1, 1, current_date, current_date);
INSERT INTO MESSAGERESOURCE(VIEWID, MESSAGEKEY, LOCALE, LOCALEREFERENCEID, MESSAGE, CREATEDBYID, UPDATEDBYID, DATECREATED, DATEUPDATED) VALUES (7, 'referenceValuePledgeServiceLevelThree1627', 'en', 11000, 'Pool and Snooker', 1, 1, current_date, current_date);
INSERT INTO MESSAGERESOURCE(VIEWID, MESSAGEKEY, LOCALE, LOCALEREFERENCEID, MESSAGE, CREATEDBYID, UPDATEDBYID, DATECREATED, DATEUPDATED) VALUES (7, 'referenceValuePledgeServiceLevelThree1628', 'en', 11000, 'Rugby', 1, 1, current_date, current_date);
INSERT INTO MESSAGERESOURCE(VIEWID, MESSAGEKEY, LOCALE, LOCALEREFERENCEID, MESSAGE, CREATEDBYID, UPDATEDBYID, DATECREATED, DATEUPDATED) VALUES (7, 'referenceValuePledgeServiceLevelThree1629', 'en', 11000, 'Sailing', 1, 1, current_date, current_date);
INSERT INTO MESSAGERESOURCE(VIEWID, MESSAGEKEY, LOCALE, LOCALEREFERENCEID, MESSAGE, CREATEDBYID, UPDATEDBYID, DATECREATED, DATEUPDATED) VALUES (7, 'referenceValuePledgeServiceLevelThree1630', 'en', 11000, 'Snowsports', 1, 1, current_date, current_date);
INSERT INTO MESSAGERESOURCE(VIEWID, MESSAGEKEY, LOCALE, LOCALEREFERENCEID, MESSAGE, CREATEDBYID, UPDATEDBYID, DATECREATED, DATEUPDATED) VALUES (7, 'referenceValuePledgeServiceLevelThree1631', 'en', 11000, 'Soccer', 1, 1, current_date, current_date);
INSERT INTO MESSAGERESOURCE(VIEWID, MESSAGEKEY, LOCALE, LOCALEREFERENCEID, MESSAGE, CREATEDBYID, UPDATEDBYID, DATECREATED, DATEUPDATED) VALUES (7, 'referenceValuePledgeServiceLevelThree1632', 'en', 11000, 'Squash', 1, 1, current_date, current_date);
INSERT INTO MESSAGERESOURCE(VIEWID, MESSAGEKEY, LOCALE, LOCALEREFERENCEID, MESSAGE, CREATEDBYID, UPDATEDBYID, DATECREATED, DATEUPDATED) VALUES (7, 'referenceValuePledgeServiceLevelThree1633', 'en', 11000, 'Surf', 1, 1, current_date, current_date);
INSERT INTO MESSAGERESOURCE(VIEWID, MESSAGEKEY, LOCALE, LOCALEREFERENCEID, MESSAGE, CREATEDBYID, UPDATEDBYID, DATECREATED, DATEUPDATED) VALUES (7, 'referenceValuePledgeServiceLevelThree1634', 'en', 11000, 'Swimming', 1, 1, current_date, current_date);
INSERT INTO MESSAGERESOURCE(VIEWID, MESSAGEKEY, LOCALE, LOCALEREFERENCEID, MESSAGE, CREATEDBYID, UPDATEDBYID, DATECREATED, DATEUPDATED) VALUES (7, 'referenceValuePledgeServiceLevelThree1635', 'en', 11000, 'Table Tennis', 1, 1, current_date, current_date);
INSERT INTO MESSAGERESOURCE(VIEWID, MESSAGEKEY, LOCALE, LOCALEREFERENCEID, MESSAGE, CREATEDBYID, UPDATEDBYID, DATECREATED, DATEUPDATED) VALUES (7, 'referenceValuePledgeServiceLevelThree1636', 'en', 11000, 'Tae Kwon Do', 1, 1, current_date, current_date);
INSERT INTO MESSAGERESOURCE(VIEWID, MESSAGEKEY, LOCALE, LOCALEREFERENCEID, MESSAGE, CREATEDBYID, UPDATEDBYID, DATECREATED, DATEUPDATED) VALUES (7, 'referenceValuePledgeServiceLevelThree1637', 'en', 11000, 'Tennis', 1, 1, current_date, current_date);
INSERT INTO MESSAGERESOURCE(VIEWID, MESSAGEKEY, LOCALE, LOCALEREFERENCEID, MESSAGE, CREATEDBYID, UPDATEDBYID, DATECREATED, DATEUPDATED) VALUES (7, 'referenceValuePledgeServiceLevelThree1638', 'en', 11000, 'Traditional Sports (Please specify)', 1, 1, current_date, current_date);
INSERT INTO MESSAGERESOURCE(VIEWID, MESSAGEKEY, LOCALE, LOCALEREFERENCEID, MESSAGE, CREATEDBYID, UPDATEDBYID, DATECREATED, DATEUPDATED) VALUES (7, 'referenceValuePledgeServiceLevelThree1639', 'en', 11000, 'Trampoline', 1, 1, current_date, current_date);
INSERT INTO MESSAGERESOURCE(VIEWID, MESSAGEKEY, LOCALE, LOCALEREFERENCEID, MESSAGE, CREATEDBYID, UPDATEDBYID, DATECREATED, DATEUPDATED) VALUES (7, 'referenceValuePledgeServiceLevelThree1640', 'en', 11000, 'Volleyball', 1, 1, current_date, current_date);
INSERT INTO MESSAGERESOURCE(VIEWID, MESSAGEKEY, LOCALE, LOCALEREFERENCEID, MESSAGE, CREATEDBYID, UPDATEDBYID, DATECREATED, DATEUPDATED) VALUES (7, 'referenceValuePledgeServiceLevelThree1641', 'en', 11000, 'Windsurfing', 1, 1, current_date, current_date);
INSERT INTO MESSAGERESOURCE(VIEWID, MESSAGEKEY, LOCALE, LOCALEREFERENCEID, MESSAGE, CREATEDBYID, UPDATEDBYID, DATECREATED, DATEUPDATED) VALUES (7, 'referenceValuePledgeServiceLevelThree1642', 'en', 11000, 'Wheelchair Sports', 1, 1, current_date, current_date);
INSERT INTO MESSAGERESOURCE(VIEWID, MESSAGEKEY, LOCALE, LOCALEREFERENCEID, MESSAGE, CREATEDBYID, UPDATEDBYID, DATECREATED, DATEUPDATED) VALUES (7, 'referenceValuePledgeServiceLevelThree1643', 'en', 11000, 'Wrestling', 1, 1, current_date, current_date);
INSERT INTO MESSAGERESOURCE(VIEWID, MESSAGEKEY, LOCALE, LOCALEREFERENCEID, MESSAGE, CREATEDBYID, UPDATEDBYID, DATECREATED, DATEUPDATED) VALUES (7, 'referenceValuePledgeServiceLevelThree1700', 'en', 11000, 'Please select a visual art', 1, 1, current_date, current_date);
INSERT INTO MESSAGERESOURCE(VIEWID, MESSAGEKEY, LOCALE, LOCALEREFERENCEID, MESSAGE, CREATEDBYID, UPDATEDBYID, DATECREATED, DATEUPDATED) VALUES (7, 'referenceValuePledgeServiceLevelThree1701', 'en', 11000, 'Drawing', 1, 1, current_date, current_date);
INSERT INTO MESSAGERESOURCE(VIEWID, MESSAGEKEY, LOCALE, LOCALEREFERENCEID, MESSAGE, CREATEDBYID, UPDATEDBYID, DATECREATED, DATEUPDATED) VALUES (7, 'referenceValuePledgeServiceLevelThree1702', 'en', 11000, 'Painting', 1, 1, current_date, current_date);
INSERT INTO MESSAGERESOURCE(VIEWID, MESSAGEKEY, LOCALE, LOCALEREFERENCEID, MESSAGE, CREATEDBYID, UPDATEDBYID, DATECREATED, DATEUPDATED) VALUES (7, 'referenceValuePledgeServiceLevelThree1703', 'en', 11000, 'Ceramics', 1, 1, current_date, current_date);
INSERT INTO MESSAGERESOURCE(VIEWID, MESSAGEKEY, LOCALE, LOCALEREFERENCEID, MESSAGE, CREATEDBYID, UPDATEDBYID, DATECREATED, DATEUPDATED) VALUES (7, 'referenceValuePledgeServiceLevelThree1704', 'en', 11000, 'Photography', 1, 1, current_date, current_date);
INSERT INTO MESSAGERESOURCE(VIEWID, MESSAGEKEY, LOCALE, LOCALEREFERENCEID, MESSAGE, CREATEDBYID, UPDATEDBYID, DATECREATED, DATEUPDATED) VALUES (7, 'referenceValuePledgeServiceLevelThree1705', 'en', 11000, 'Architecture', 1, 1, current_date, current_date);
INSERT INTO MESSAGERESOURCE(VIEWID, MESSAGEKEY, LOCALE, LOCALEREFERENCEID, MESSAGE, CREATEDBYID, UPDATEDBYID, DATECREATED, DATEUPDATED) VALUES (7, 'referenceValuePledgeServiceLevelThree1706', 'en', 11000, 'Sculpture', 1, 1, current_date, current_date);
INSERT INTO MESSAGERESOURCE(VIEWID, MESSAGEKEY, LOCALE, LOCALEREFERENCEID, MESSAGE, CREATEDBYID, UPDATEDBYID, DATECREATED, DATEUPDATED) VALUES (7, 'referenceValuePledgeServiceLevelThree1707', 'en', 11000, 'Conceptual Art', 1, 1, current_date, current_date);
INSERT INTO MESSAGERESOURCE(VIEWID, MESSAGEKEY, LOCALE, LOCALEREFERENCEID, MESSAGE, CREATEDBYID, UPDATEDBYID, DATECREATED, DATEUPDATED) VALUES (7, 'referenceValueGoodsCategoryOne2999', 'en', 11000, 'Please select a category', 1, 1, current_date, current_date);
INSERT INTO MESSAGERESOURCE(VIEWID, MESSAGEKEY, LOCALE, LOCALEREFERENCEID, MESSAGE, CREATEDBYID, UPDATEDBYID, DATECREATED, DATEUPDATED) VALUES (7, 'referenceValueGoodsCategoryOne3000', 'en', 11000, 'Technology', 1, 1, current_date, current_date);
INSERT INTO MESSAGERESOURCE(VIEWID, MESSAGEKEY, LOCALE, LOCALEREFERENCEID, MESSAGE, CREATEDBYID, UPDATEDBYID, DATECREATED, DATEUPDATED) VALUES (7, 'referenceValueGoodsCategoryOne3001', 'en', 11000, 'Adult Clothing', 1, 1, current_date, current_date);
INSERT INTO MESSAGERESOURCE(VIEWID, MESSAGEKEY, LOCALE, LOCALEREFERENCEID, MESSAGE, CREATEDBYID, UPDATEDBYID, DATECREATED, DATEUPDATED) VALUES (7, 'referenceValueGoodsCategoryOne3002', 'en', 11000, 'Adult Footwear', 1, 1, current_date, current_date);
INSERT INTO MESSAGERESOURCE(VIEWID, MESSAGEKEY, LOCALE, LOCALEREFERENCEID, MESSAGE, CREATEDBYID, UPDATEDBYID, DATECREATED, DATEUPDATED) VALUES (7, 'referenceValueGoodsCategoryOne3003', 'en', 11000, 'Furniture', 1, 1, current_date, current_date);
INSERT INTO MESSAGERESOURCE(VIEWID, MESSAGEKEY, LOCALE, LOCALEREFERENCEID, MESSAGE, CREATEDBYID, UPDATEDBYID, DATECREATED, DATEUPDATED) VALUES (7, 'referenceValueGoodsCategoryOne3004', 'en', 11000, 'Babies and Childrens Clothes', 1, 1, current_date, current_date);
INSERT INTO MESSAGERESOURCE(VIEWID, MESSAGEKEY, LOCALE, LOCALEREFERENCEID, MESSAGE, CREATEDBYID, UPDATEDBYID, DATECREATED, DATEUPDATED) VALUES (7, 'referenceValueGoodsCategoryOne3005', 'en', 11000, 'Babies and Childrens Footwear', 1, 1, current_date, current_date);
INSERT INTO MESSAGERESOURCE(VIEWID, MESSAGEKEY, LOCALE, LOCALEREFERENCEID, MESSAGE, CREATEDBYID, UPDATEDBYID, DATECREATED, DATEUPDATED) VALUES (7, 'referenceValueGoodsCategoryOne3006', 'en', 11000, 'Other Babies and Childrens Items', 1, 1, current_date, current_date);
INSERT INTO MESSAGERESOURCE(VIEWID, MESSAGEKEY, LOCALE, LOCALEREFERENCEID, MESSAGE, CREATEDBYID, UPDATEDBYID, DATECREATED, DATEUPDATED) VALUES (7, 'referenceValueGoodsCategoryOne3007', 'en', 11000, 'Transport', 1, 1, current_date, current_date);
INSERT INTO MESSAGERESOURCE(VIEWID, MESSAGEKEY, LOCALE, LOCALEREFERENCEID, MESSAGE, CREATEDBYID, UPDATEDBYID, DATECREATED, DATEUPDATED) VALUES (7, 'referenceValueGoodsCategoryOne3008', 'en', 11000, 'Outdoor Living', 1, 1, current_date, current_date);
INSERT INTO MESSAGERESOURCE(VIEWID, MESSAGEKEY, LOCALE, LOCALEREFERENCEID, MESSAGE, CREATEDBYID, UPDATEDBYID, DATECREATED, DATEUPDATED) VALUES (7, 'referenceValueGoodsCategoryOne3009', 'en', 11000, 'Personal', 1, 1, current_date, current_date);
INSERT INTO MESSAGERESOURCE(VIEWID, MESSAGEKEY, LOCALE, LOCALEREFERENCEID, MESSAGE, CREATEDBYID, UPDATEDBYID, DATECREATED, DATEUPDATED) VALUES (7, 'referenceValueGoodsCategoryOne3010', 'en', 11000, 'Specialist Items', 1, 1, current_date, current_date);
INSERT INTO MESSAGERESOURCE(VIEWID, MESSAGEKEY, LOCALE, LOCALEREFERENCEID, MESSAGE, CREATEDBYID, UPDATEDBYID, DATECREATED, DATEUPDATED) VALUES (7, 'referenceValueGoodsCategoryTwo4000', 'en', 11000, 'Please select a technology item', 1, 1, current_date, current_date);
INSERT INTO MESSAGERESOURCE(VIEWID, MESSAGEKEY, LOCALE, LOCALEREFERENCEID, MESSAGE, CREATEDBYID, UPDATEDBYID, DATECREATED, DATEUPDATED) VALUES (7, 'referenceValueGoodsCategoryTwo4001', 'en', 11000, 'Mobile Phone (No Internet)', 1, 1, current_date, current_date);
INSERT INTO MESSAGERESOURCE(VIEWID, MESSAGEKEY, LOCALE, LOCALEREFERENCEID, MESSAGE, CREATEDBYID, UPDATEDBYID, DATECREATED, DATEUPDATED) VALUES (7, 'referenceValueGoodsCategoryTwo4002', 'en', 11000, 'Mobile smart phone', 1, 1, current_date, current_date);
INSERT INTO MESSAGERESOURCE(VIEWID, MESSAGEKEY, LOCALE, LOCALEREFERENCEID, MESSAGE, CREATEDBYID, UPDATEDBYID, DATECREATED, DATEUPDATED) VALUES (7, 'referenceValueGoodsCategoryTwo4003', 'en', 11000, 'Laptop', 1, 1, current_date, current_date);
INSERT INTO MESSAGERESOURCE(VIEWID, MESSAGEKEY, LOCALE, LOCALEREFERENCEID, MESSAGE, CREATEDBYID, UPDATEDBYID, DATECREATED, DATEUPDATED) VALUES (7, 'referenceValueGoodsCategoryTwo4004', 'en', 11000, 'Tablet', 1, 1, current_date, current_date);
INSERT INTO MESSAGERESOURCE(VIEWID, MESSAGEKEY, LOCALE, LOCALEREFERENCEID, MESSAGE, CREATEDBYID, UPDATEDBYID, DATECREATED, DATEUPDATED) VALUES (7, 'referenceValueGoodsCategoryTwo4005', 'en', 11000, 'Desktop computer', 1, 1, current_date, current_date);
INSERT INTO MESSAGERESOURCE(VIEWID, MESSAGEKEY, LOCALE, LOCALEREFERENCEID, MESSAGE, CREATEDBYID, UPDATEDBYID, DATECREATED, DATEUPDATED) VALUES (7, 'referenceValueGoodsCategoryTwo4006', 'en', 11000, 'Other (please specify)', 1, 1, current_date, current_date);
INSERT INTO MESSAGERESOURCE(VIEWID, MESSAGEKEY, LOCALE, LOCALEREFERENCEID, MESSAGE, CREATEDBYID, UPDATEDBYID, DATECREATED, DATEUPDATED) VALUES (7, 'referenceValueGoodsCategoryTwo4007', 'en', 11000, 'Please select Mens or Womens', 1, 1, current_date, current_date);
INSERT INTO MESSAGERESOURCE(VIEWID, MESSAGEKEY, LOCALE, LOCALEREFERENCEID, MESSAGE, CREATEDBYID, UPDATEDBYID, DATECREATED, DATEUPDATED) VALUES (7, 'referenceValueGoodsCategoryTwo4008', 'en', 11000, 'Womens Clothes', 1, 1, current_date, current_date);
INSERT INTO MESSAGERESOURCE(VIEWID, MESSAGEKEY, LOCALE, LOCALEREFERENCEID, MESSAGE, CREATEDBYID, UPDATEDBYID, DATECREATED, DATEUPDATED) VALUES (7, 'referenceValueGoodsCategoryTwo4010', 'en', 11000, 'Mens Clothes', 1, 1, current_date, current_date);
INSERT INTO MESSAGERESOURCE(VIEWID, MESSAGEKEY, LOCALE, LOCALEREFERENCEID, MESSAGE, CREATEDBYID, UPDATEDBYID, DATECREATED, DATEUPDATED) VALUES (7, 'referenceValueGoodsCategoryTwo4011', 'en', 11000, 'Please select Mens or Womens', 1, 1, current_date, current_date);
INSERT INTO MESSAGERESOURCE(VIEWID, MESSAGEKEY, LOCALE, LOCALEREFERENCEID, MESSAGE, CREATEDBYID, UPDATEDBYID, DATECREATED, DATEUPDATED) VALUES (7, 'referenceValueGoodsCategoryTwo4012', 'en', 11000, 'Womens Footwear', 1, 1, current_date, current_date);
INSERT INTO MESSAGERESOURCE(VIEWID, MESSAGEKEY, LOCALE, LOCALEREFERENCEID, MESSAGE, CREATEDBYID, UPDATEDBYID, DATECREATED, DATEUPDATED) VALUES (7, 'referenceValueGoodsCategoryTwo4014', 'en', 11000, 'Mens Footwear', 1, 1, current_date, current_date);
INSERT INTO MESSAGERESOURCE(VIEWID, MESSAGEKEY, LOCALE, LOCALEREFERENCEID, MESSAGE, CREATEDBYID, UPDATEDBYID, DATECREATED, DATEUPDATED) VALUES (7, 'referenceValueGoodsCategoryTwo4016', 'en', 11000, 'Please select a room or area of the house', 1, 1, current_date, current_date);
INSERT INTO MESSAGERESOURCE(VIEWID, MESSAGEKEY, LOCALE, LOCALEREFERENCEID, MESSAGE, CREATEDBYID, UPDATEDBYID, DATECREATED, DATEUPDATED) VALUES (7, 'referenceValueGoodsCategoryTwo4017', 'en', 11000, 'Bedroom', 1, 1, current_date, current_date);
INSERT INTO MESSAGERESOURCE(VIEWID, MESSAGEKEY, LOCALE, LOCALEREFERENCEID, MESSAGE, CREATEDBYID, UPDATEDBYID, DATECREATED, DATEUPDATED) VALUES (7, 'referenceValueGoodsCategoryTwo4018', 'en', 11000, 'Kitchen/Utility', 1, 1, current_date, current_date);
INSERT INTO MESSAGERESOURCE(VIEWID, MESSAGEKEY, LOCALE, LOCALEREFERENCEID, MESSAGE, CREATEDBYID, UPDATEDBYID, DATECREATED, DATEUPDATED) VALUES (7, 'referenceValueGoodsCategoryTwo4019', 'en', 11000, 'Living area', 1, 1, current_date, current_date);
INSERT INTO MESSAGERESOURCE(VIEWID, MESSAGEKEY, LOCALE, LOCALEREFERENCEID, MESSAGE, CREATEDBYID, UPDATEDBYID, DATECREATED, DATEUPDATED) VALUES (7, 'referenceValueGoodsCategoryTwo4020', 'en', 11000, 'Please select an item or category', 1, 1, current_date, current_date);
INSERT INTO MESSAGERESOURCE(VIEWID, MESSAGEKEY, LOCALE, LOCALEREFERENCEID, MESSAGE, CREATEDBYID, UPDATEDBYID, DATECREATED, DATEUPDATED) VALUES (7, 'referenceValueGoodsCategoryTwo4021', 'en', 11000, 'Bicycle', 1, 1, current_date, current_date);
INSERT INTO MESSAGERESOURCE(VIEWID, MESSAGEKEY, LOCALE, LOCALEREFERENCEID, MESSAGE, CREATEDBYID, UPDATEDBYID, DATECREATED, DATEUPDATED) VALUES (7, 'referenceValueGoodsCategoryTwo4022', 'en', 11000, 'Buggy', 1, 1, current_date, current_date);
INSERT INTO MESSAGERESOURCE(VIEWID, MESSAGEKEY, LOCALE, LOCALEREFERENCEID, MESSAGE, CREATEDBYID, UPDATEDBYID, DATECREATED, DATEUPDATED) VALUES (7, 'referenceValueGoodsCategoryTwo4023', 'en', 11000, 'Car Seat', 1, 1, current_date, current_date);
INSERT INTO MESSAGERESOURCE(VIEWID, MESSAGEKEY, LOCALE, LOCALEREFERENCEID, MESSAGE, CREATEDBYID, UPDATEDBYID, DATECREATED, DATEUPDATED) VALUES (7, 'referenceValueGoodsCategoryTwo4024', 'en', 11000, 'Cot', 1, 1, current_date, current_date);
INSERT INTO MESSAGERESOURCE(VIEWID, MESSAGEKEY, LOCALE, LOCALEREFERENCEID, MESSAGE, CREATEDBYID, UPDATEDBYID, DATECREATED, DATEUPDATED) VALUES (7, 'referenceValueGoodsCategoryTwo4025', 'en', 11000, 'Clothing', 1, 1, current_date, current_date);
INSERT INTO MESSAGERESOURCE(VIEWID, MESSAGEKEY, LOCALE, LOCALEREFERENCEID, MESSAGE, CREATEDBYID, UPDATEDBYID, DATECREATED, DATEUPDATED) VALUES (7, 'referenceValueGoodsCategoryTwo4027', 'en', 11000, 'Footwear', 1, 1, current_date, current_date);
INSERT INTO MESSAGERESOURCE(VIEWID, MESSAGEKEY, LOCALE, LOCALEREFERENCEID, MESSAGE, CREATEDBYID, UPDATEDBYID, DATECREATED, DATEUPDATED) VALUES (7, 'referenceValueGoodsCategoryTwo4028', 'en', 11000, 'Pram', 1, 1, current_date, current_date);
INSERT INTO MESSAGERESOURCE(VIEWID, MESSAGEKEY, LOCALE, LOCALEREFERENCEID, MESSAGE, CREATEDBYID, UPDATEDBYID, DATECREATED, DATEUPDATED) VALUES (7, 'referenceValueGoodsCategoryTwo4029', 'en', 11000, 'Steriliser', 1, 1, current_date, current_date);
INSERT INTO MESSAGERESOURCE(VIEWID, MESSAGEKEY, LOCALE, LOCALEREFERENCEID, MESSAGE, CREATEDBYID, UPDATEDBYID, DATECREATED, DATEUPDATED) VALUES (7, 'referenceValueGoodsCategoryTwo4030', 'en', 11000, 'Toys', 1, 1, current_date, current_date);
INSERT INTO MESSAGERESOURCE(VIEWID, MESSAGEKEY, LOCALE, LOCALEREFERENCEID, MESSAGE, CREATEDBYID, UPDATEDBYID, DATECREATED, DATEUPDATED) VALUES (7, 'referenceValueGoodsCategoryTwo4031', 'en', 11000, 'Please select a vehicle', 1, 1, current_date, current_date);
INSERT INTO MESSAGERESOURCE(VIEWID, MESSAGEKEY, LOCALE, LOCALEREFERENCEID, MESSAGE, CREATEDBYID, UPDATEDBYID, DATECREATED, DATEUPDATED) VALUES (7, 'referenceValueGoodsCategoryTwo4032', 'en', 11000, 'Bicycle', 1, 1, current_date, current_date);
INSERT INTO MESSAGERESOURCE(VIEWID, MESSAGEKEY, LOCALE, LOCALEREFERENCEID, MESSAGE, CREATEDBYID, UPDATEDBYID, DATECREATED, DATEUPDATED) VALUES (7, 'referenceValueGoodsCategoryTwo4033', 'en', 11000, 'Boat', 1, 1, current_date, current_date);
INSERT INTO MESSAGERESOURCE(VIEWID, MESSAGEKEY, LOCALE, LOCALEREFERENCEID, MESSAGE, CREATEDBYID, UPDATEDBYID, DATECREATED, DATEUPDATED) VALUES (7, 'referenceValueGoodsCategoryTwo4034', 'en', 11000, 'Car', 1, 1, current_date, current_date);
INSERT INTO MESSAGERESOURCE(VIEWID, MESSAGEKEY, LOCALE, LOCALEREFERENCEID, MESSAGE, CREATEDBYID, UPDATEDBYID, DATECREATED, DATEUPDATED) VALUES (7, 'referenceValueGoodsCategoryTwo4035', 'en', 11000, 'Motorbike', 1, 1, current_date, current_date);
INSERT INTO MESSAGERESOURCE(VIEWID, MESSAGEKEY, LOCALE, LOCALEREFERENCEID, MESSAGE, CREATEDBYID, UPDATEDBYID, DATECREATED, DATEUPDATED) VALUES (7, 'referenceValueGoodsCategoryTwo4036', 'en', 11000, 'Please select an item', 1, 1, current_date, current_date);
INSERT INTO MESSAGERESOURCE(VIEWID, MESSAGEKEY, LOCALE, LOCALEREFERENCEID, MESSAGE, CREATEDBYID, UPDATEDBYID, DATECREATED, DATEUPDATED) VALUES (7, 'referenceValueGoodsCategoryTwo4037', 'en', 11000, 'Blanket (Heavy)', 1, 1, current_date, current_date);
INSERT INTO MESSAGERESOURCE(VIEWID, MESSAGEKEY, LOCALE, LOCALEREFERENCEID, MESSAGE, CREATEDBYID, UPDATEDBYID, DATECREATED, DATEUPDATED) VALUES (7, 'referenceValueGoodsCategoryTwo4038', 'en', 11000, 'Cooking Equipment', 1, 1, current_date, current_date);
INSERT INTO MESSAGERESOURCE(VIEWID, MESSAGEKEY, LOCALE, LOCALEREFERENCEID, MESSAGE, CREATEDBYID, UPDATEDBYID, DATECREATED, DATEUPDATED) VALUES (7, 'referenceValueGoodsCategoryTwo4039', 'en', 11000, 'Ground Mat', 1, 1, current_date, current_date);
INSERT INTO MESSAGERESOURCE(VIEWID, MESSAGEKEY, LOCALE, LOCALEREFERENCEID, MESSAGE, CREATEDBYID, UPDATEDBYID, DATECREATED, DATEUPDATED) VALUES (7, 'referenceValueGoodsCategoryTwo4040', 'en', 11000, 'Ground Sheets', 1, 1, current_date, current_date);
INSERT INTO MESSAGERESOURCE(VIEWID, MESSAGEKEY, LOCALE, LOCALEREFERENCEID, MESSAGE, CREATEDBYID, UPDATEDBYID, DATECREATED, DATEUPDATED) VALUES (7, 'referenceValueGoodsCategoryTwo4041', 'en', 11000, 'Sleeping Bag', 1, 1, current_date, current_date);
INSERT INTO MESSAGERESOURCE(VIEWID, MESSAGEKEY, LOCALE, LOCALEREFERENCEID, MESSAGE, CREATEDBYID, UPDATEDBYID, DATECREATED, DATEUPDATED) VALUES (7, 'referenceValueGoodsCategoryTwo4042', 'en', 11000, 'Tarpaulin', 1, 1, current_date, current_date);
INSERT INTO MESSAGERESOURCE(VIEWID, MESSAGEKEY, LOCALE, LOCALEREFERENCEID, MESSAGE, CREATEDBYID, UPDATEDBYID, DATECREATED, DATEUPDATED) VALUES (7, 'referenceValueGoodsCategoryTwo4043', 'en', 11000, 'Tent', 1, 1, current_date, current_date);
INSERT INTO MESSAGERESOURCE(VIEWID, MESSAGEKEY, LOCALE, LOCALEREFERENCEID, MESSAGE, CREATEDBYID, UPDATEDBYID, DATECREATED, DATEUPDATED) VALUES (7, 'referenceValueGoodsCategoryTwo4044', 'en', 11000, 'Torch', 1, 1, current_date, current_date);
INSERT INTO MESSAGERESOURCE(VIEWID, MESSAGEKEY, LOCALE, LOCALEREFERENCEID, MESSAGE, CREATEDBYID, UPDATEDBYID, DATECREATED, DATEUPDATED) VALUES (7, 'referenceValueGoodsCategoryTwo4045', 'en', 11000, 'Please select an item', 1, 1, current_date, current_date);
INSERT INTO MESSAGERESOURCE(VIEWID, MESSAGEKEY, LOCALE, LOCALEREFERENCEID, MESSAGE, CREATEDBYID, UPDATEDBYID, DATECREATED, DATEUPDATED) VALUES (7, 'referenceValueGoodsCategoryTwo4046', 'en', 11000, 'Female Hygiene Pack', 1, 1, current_date, current_date);
INSERT INTO MESSAGERESOURCE(VIEWID, MESSAGEKEY, LOCALE, LOCALEREFERENCEID, MESSAGE, CREATEDBYID, UPDATEDBYID, DATECREATED, DATEUPDATED) VALUES (7, 'referenceValueGoodsCategoryTwo4047', 'en', 11000, 'Male Hygiene Pack', 1, 1, current_date, current_date);
INSERT INTO MESSAGERESOURCE(VIEWID, MESSAGEKEY, LOCALE, LOCALEREFERENCEID, MESSAGE, CREATEDBYID, UPDATEDBYID, DATECREATED, DATEUPDATED) VALUES (7, 'referenceValueGoodsCategoryTwo4048', 'en', 11000, 'Please select an item', 1, 1, current_date, current_date);
INSERT INTO MESSAGERESOURCE(VIEWID, MESSAGEKEY, LOCALE, LOCALEREFERENCEID, MESSAGE, CREATEDBYID, UPDATEDBYID, DATECREATED, DATEUPDATED) VALUES (7, 'referenceValueGoodsCategoryTwo4049', 'en', 11000, 'Camera', 1, 1, current_date, current_date);
INSERT INTO MESSAGERESOURCE(VIEWID, MESSAGEKEY, LOCALE, LOCALEREFERENCEID, MESSAGE, CREATEDBYID, UPDATEDBYID, DATECREATED, DATEUPDATED) VALUES (7, 'referenceValueGoodsCategoryTwo4050', 'en', 11000, 'Musical Instrument', 1, 1, current_date, current_date);
INSERT INTO MESSAGERESOURCE(VIEWID, MESSAGEKEY, LOCALE, LOCALEREFERENCEID, MESSAGE, CREATEDBYID, UPDATEDBYID, DATECREATED, DATEUPDATED) VALUES (7, 'referenceValueGoodsCategoryTwo4051', 'en', 11000, 'Sewing Machine', 1, 1, current_date, current_date);
INSERT INTO MESSAGERESOURCE(VIEWID, MESSAGEKEY, LOCALE, LOCALEREFERENCEID, MESSAGE, CREATEDBYID, UPDATEDBYID, DATECREATED, DATEUPDATED) VALUES (7, 'referenceValueGoodsCategoryTwo4052', 'en', 11000, 'Sports Equipment', 1, 1, current_date, current_date);
INSERT INTO MESSAGERESOURCE(VIEWID, MESSAGEKEY, LOCALE, LOCALEREFERENCEID, MESSAGE, CREATEDBYID, UPDATEDBYID, DATECREATED, DATEUPDATED) VALUES (7, 'referenceValueGoodsCategoryTwo4053', 'en', 11000, 'Other', 1, 1, current_date, current_date);
INSERT INTO MESSAGERESOURCE(VIEWID, MESSAGEKEY, LOCALE, LOCALEREFERENCEID, MESSAGE, CREATEDBYID, UPDATEDBYID, DATECREATED, DATEUPDATED) VALUES (7, 'referenceValueGoodsCategoryThree5000', 'en', 11000, 'Please select a bedroom item', 1, 1, current_date, current_date);
INSERT INTO MESSAGERESOURCE(VIEWID, MESSAGEKEY, LOCALE, LOCALEREFERENCEID, MESSAGE, CREATEDBYID, UPDATEDBYID, DATECREATED, DATEUPDATED) VALUES (7, 'referenceValueGoodsCategoryThree5001', 'en', 11000, 'Single Bed', 1, 1, current_date, current_date);
INSERT INTO MESSAGERESOURCE(VIEWID, MESSAGEKEY, LOCALE, LOCALEREFERENCEID, MESSAGE, CREATEDBYID, UPDATEDBYID, DATECREATED, DATEUPDATED) VALUES (7, 'referenceValueGoodsCategoryThree5002', 'en', 11000, 'Double Bed', 1, 1, current_date, current_date);
INSERT INTO MESSAGERESOURCE(VIEWID, MESSAGEKEY, LOCALE, LOCALEREFERENCEID, MESSAGE, CREATEDBYID, UPDATEDBYID, DATECREATED, DATEUPDATED) VALUES (7, 'referenceValueGoodsCategoryThree5003', 'en', 11000, 'King Size Bed', 1, 1, current_date, current_date);
INSERT INTO MESSAGERESOURCE(VIEWID, MESSAGEKEY, LOCALE, LOCALEREFERENCEID, MESSAGE, CREATEDBYID, UPDATEDBYID, DATECREATED, DATEUPDATED) VALUES (7, 'referenceValueGoodsCategoryThree5004', 'en', 11000, 'Single Matress', 1, 1, current_date, current_date);
INSERT INTO MESSAGERESOURCE(VIEWID, MESSAGEKEY, LOCALE, LOCALEREFERENCEID, MESSAGE, CREATEDBYID, UPDATEDBYID, DATECREATED, DATEUPDATED) VALUES (7, 'referenceValueGoodsCategoryThree5005', 'en', 11000, 'Double Matress', 1, 1, current_date, current_date);
INSERT INTO MESSAGERESOURCE(VIEWID, MESSAGEKEY, LOCALE, LOCALEREFERENCEID, MESSAGE, CREATEDBYID, UPDATEDBYID, DATECREATED, DATEUPDATED) VALUES (7, 'referenceValueGoodsCategoryThree5006', 'en', 11000, 'Bunk Bed', 1, 1, current_date, current_date);
INSERT INTO MESSAGERESOURCE(VIEWID, MESSAGEKEY, LOCALE, LOCALEREFERENCEID, MESSAGE, CREATEDBYID, UPDATEDBYID, DATECREATED, DATEUPDATED) VALUES (7, 'referenceValueGoodsCategoryThree5007', 'en', 11000, 'Child''s Bed', 1, 1, current_date, current_date);
INSERT INTO MESSAGERESOURCE(VIEWID, MESSAGEKEY, LOCALE, LOCALEREFERENCEID, MESSAGE, CREATEDBYID, UPDATEDBYID, DATECREATED, DATEUPDATED) VALUES (7, 'referenceValueGoodsCategoryThree5008', 'en', 11000, 'Bedside Locker', 1, 1, current_date, current_date);
INSERT INTO MESSAGERESOURCE(VIEWID, MESSAGEKEY, LOCALE, LOCALEREFERENCEID, MESSAGE, CREATEDBYID, UPDATEDBYID, DATECREATED, DATEUPDATED) VALUES (7, 'referenceValueGoodsCategoryThree5009', 'en', 11000, 'Wardrobe', 1, 1, current_date, current_date);
INSERT INTO MESSAGERESOURCE(VIEWID, MESSAGEKEY, LOCALE, LOCALEREFERENCEID, MESSAGE, CREATEDBYID, UPDATEDBYID, DATECREATED, DATEUPDATED) VALUES (7, 'referenceValueGoodsCategoryThree5010', 'en', 11000, 'Chest of Drawers', 1, 1, current_date, current_date);
INSERT INTO MESSAGERESOURCE(VIEWID, MESSAGEKEY, LOCALE, LOCALEREFERENCEID, MESSAGE, CREATEDBYID, UPDATEDBYID, DATECREATED, DATEUPDATED) VALUES (7, 'referenceValueGoodsCategoryThree5011', 'en', 11000, 'Other (Please specify)', 1, 1, current_date, current_date);
INSERT INTO MESSAGERESOURCE(VIEWID, MESSAGEKEY, LOCALE, LOCALEREFERENCEID, MESSAGE, CREATEDBYID, UPDATEDBYID, DATECREATED, DATEUPDATED) VALUES (7, 'referenceValueGoodsCategoryThree5012', 'en', 11000, 'Please select a kitchen/utility item', 1, 1, current_date, current_date);
INSERT INTO MESSAGERESOURCE(VIEWID, MESSAGEKEY, LOCALE, LOCALEREFERENCEID, MESSAGE, CREATEDBYID, UPDATEDBYID, DATECREATED, DATEUPDATED) VALUES (7, 'referenceValueGoodsCategoryThree5013', 'en', 11000, 'Cooker', 1, 1, current_date, current_date);
INSERT INTO MESSAGERESOURCE(VIEWID, MESSAGEKEY, LOCALE, LOCALEREFERENCEID, MESSAGE, CREATEDBYID, UPDATEDBYID, DATECREATED, DATEUPDATED) VALUES (7, 'referenceValueGoodsCategoryThree5014', 'en', 11000, 'Fridge', 1, 1, current_date, current_date);
INSERT INTO MESSAGERESOURCE(VIEWID, MESSAGEKEY, LOCALE, LOCALEREFERENCEID, MESSAGE, CREATEDBYID, UPDATEDBYID, DATECREATED, DATEUPDATED) VALUES (7, 'referenceValueGoodsCategoryThree5015', 'en', 11000, 'Kettle', 1, 1, current_date, current_date);
INSERT INTO MESSAGERESOURCE(VIEWID, MESSAGEKEY, LOCALE, LOCALEREFERENCEID, MESSAGE, CREATEDBYID, UPDATEDBYID, DATECREATED, DATEUPDATED) VALUES (7, 'referenceValueGoodsCategoryThree5016', 'en', 11000, 'Toaster', 1, 1, current_date, current_date);
INSERT INTO MESSAGERESOURCE(VIEWID, MESSAGEKEY, LOCALE, LOCALEREFERENCEID, MESSAGE, CREATEDBYID, UPDATEDBYID, DATECREATED, DATEUPDATED) VALUES (7, 'referenceValueGoodsCategoryThree5017', 'en', 11000, 'Microwave', 1, 1, current_date, current_date);
INSERT INTO MESSAGERESOURCE(VIEWID, MESSAGEKEY, LOCALE, LOCALEREFERENCEID, MESSAGE, CREATEDBYID, UPDATEDBYID, DATECREATED, DATEUPDATED) VALUES (7, 'referenceValueGoodsCategoryThree5018', 'en', 11000, 'Dining Table', 1, 1, current_date, current_date);
INSERT INTO MESSAGERESOURCE(VIEWID, MESSAGEKEY, LOCALE, LOCALEREFERENCEID, MESSAGE, CREATEDBYID, UPDATEDBYID, DATECREATED, DATEUPDATED) VALUES (7, 'referenceValueGoodsCategoryThree5019', 'en', 11000, 'Dining Chairs', 1, 1, current_date, current_date);
INSERT INTO MESSAGERESOURCE(VIEWID, MESSAGEKEY, LOCALE, LOCALEREFERENCEID, MESSAGE, CREATEDBYID, UPDATEDBYID, DATECREATED, DATEUPDATED) VALUES (7, 'referenceValueGoodsCategoryThree5020', 'en', 11000, 'Dish Washer', 1, 1, current_date, current_date);
INSERT INTO MESSAGERESOURCE(VIEWID, MESSAGEKEY, LOCALE, LOCALEREFERENCEID, MESSAGE, CREATEDBYID, UPDATEDBYID, DATECREATED, DATEUPDATED) VALUES (7, 'referenceValueGoodsCategoryThree5021', 'en', 11000, 'Washing Machine', 1, 1, current_date, current_date);
INSERT INTO MESSAGERESOURCE(VIEWID, MESSAGEKEY, LOCALE, LOCALEREFERENCEID, MESSAGE, CREATEDBYID, UPDATEDBYID, DATECREATED, DATEUPDATED) VALUES (7, 'referenceValueGoodsCategoryThree5022', 'en', 11000, 'Dryer', 1, 1, current_date, current_date);
INSERT INTO MESSAGERESOURCE(VIEWID, MESSAGEKEY, LOCALE, LOCALEREFERENCEID, MESSAGE, CREATEDBYID, UPDATEDBYID, DATECREATED, DATEUPDATED) VALUES (7, 'referenceValueGoodsCategoryThree5023', 'en', 11000, 'Other (Please specify)', 1, 1, current_date, current_date);
INSERT INTO MESSAGERESOURCE(VIEWID, MESSAGEKEY, LOCALE, LOCALEREFERENCEID, MESSAGE, CREATEDBYID, UPDATEDBYID, DATECREATED, DATEUPDATED) VALUES (7, 'referenceValueGoodsCategoryThree5024', 'en', 11000, 'Please select a living area item', 1, 1, current_date, current_date);
INSERT INTO MESSAGERESOURCE(VIEWID, MESSAGEKEY, LOCALE, LOCALEREFERENCEID, MESSAGE, CREATEDBYID, UPDATEDBYID, DATECREATED, DATEUPDATED) VALUES (7, 'referenceValueGoodsCategoryThree5025', 'en', 11000, 'Sofa', 1, 1, current_date, current_date);
INSERT INTO MESSAGERESOURCE(VIEWID, MESSAGEKEY, LOCALE, LOCALEREFERENCEID, MESSAGE, CREATEDBYID, UPDATEDBYID, DATECREATED, DATEUPDATED) VALUES (7, 'referenceValueGoodsCategoryThree5026', 'en', 11000, 'Armchair', 1, 1, current_date, current_date);
INSERT INTO MESSAGERESOURCE(VIEWID, MESSAGEKEY, LOCALE, LOCALEREFERENCEID, MESSAGE, CREATEDBYID, UPDATEDBYID, DATECREATED, DATEUPDATED) VALUES (7, 'referenceValueGoodsCategoryThree5027', 'en', 11000, 'TV', 1, 1, current_date, current_date);
INSERT INTO MESSAGERESOURCE(VIEWID, MESSAGEKEY, LOCALE, LOCALEREFERENCEID, MESSAGE, CREATEDBYID, UPDATEDBYID, DATECREATED, DATEUPDATED) VALUES (7, 'referenceValueGoodsCategoryThree5028', 'en', 11000, 'Coffee Table', 1, 1, current_date, current_date);
INSERT INTO MESSAGERESOURCE(VIEWID, MESSAGEKEY, LOCALE, LOCALEREFERENCEID, MESSAGE, CREATEDBYID, UPDATEDBYID, DATECREATED, DATEUPDATED) VALUES (7, 'referenceValueGoodsCategoryThree5029', 'en', 11000, 'Desk', 1, 1, current_date, current_date);
INSERT INTO MESSAGERESOURCE(VIEWID, MESSAGEKEY, LOCALE, LOCALEREFERENCEID, MESSAGE, CREATEDBYID, UPDATEDBYID, DATECREATED, DATEUPDATED) VALUES (7, 'referenceValueGoodsCategoryThree5030', 'en', 11000, 'Other (Please specify)', 1, 1, current_date, current_date);
INSERT INTO MESSAGERESOURCE(VIEWID, MESSAGEKEY, LOCALE, LOCALEREFERENCEID, MESSAGE, CREATEDBYID, UPDATEDBYID, DATECREATED, DATEUPDATED) VALUES (7, 'referenceValueGoodsCategoryThree5031', 'en', 11000, 'Please select Light or Heavy', 1, 1, current_date, current_date);
INSERT INTO MESSAGERESOURCE(VIEWID, MESSAGEKEY, LOCALE, LOCALEREFERENCEID, MESSAGE, CREATEDBYID, UPDATEDBYID, DATECREATED, DATEUPDATED) VALUES (7, 'referenceValueGoodsCategoryThree5032', 'en', 11000, 'Light Clothes (Women)', 1, 1, current_date, current_date);
INSERT INTO MESSAGERESOURCE(VIEWID, MESSAGEKEY, LOCALE, LOCALEREFERENCEID, MESSAGE, CREATEDBYID, UPDATEDBYID, DATECREATED, DATEUPDATED) VALUES (7, 'referenceValueGoodsCategoryThree5033', 'en', 11000, 'Heavy Clothes (Women)', 1, 1, current_date, current_date);
INSERT INTO MESSAGERESOURCE(VIEWID, MESSAGEKEY, LOCALE, LOCALEREFERENCEID, MESSAGE, CREATEDBYID, UPDATEDBYID, DATECREATED, DATEUPDATED) VALUES (7, 'referenceValueGoodsCategoryThree5034', 'en', 11000, 'Please select Light or Heavy', 1, 1, current_date, current_date);
INSERT INTO MESSAGERESOURCE(VIEWID, MESSAGEKEY, LOCALE, LOCALEREFERENCEID, MESSAGE, CREATEDBYID, UPDATEDBYID, DATECREATED, DATEUPDATED) VALUES (7, 'referenceValueGoodsCategoryThree5035', 'en', 11000, 'Light Clothes (Men)', 1, 1, current_date, current_date);
INSERT INTO MESSAGERESOURCE(VIEWID, MESSAGEKEY, LOCALE, LOCALEREFERENCEID, MESSAGE, CREATEDBYID, UPDATEDBYID, DATECREATED, DATEUPDATED) VALUES (7, 'referenceValueGoodsCategoryThree5036', 'en', 11000, 'Heavy Clothes (Men)', 1, 1, current_date, current_date);
INSERT INTO MESSAGERESOURCE(VIEWID, MESSAGEKEY, LOCALE, LOCALEREFERENCEID, MESSAGE, CREATEDBYID, UPDATEDBYID, DATECREATED, DATEUPDATED) VALUES (7, 'referenceValueGoodsCategoryThree5037', 'en', 11000, 'Please select Light or Heavy', 1, 1, current_date, current_date);
INSERT INTO MESSAGERESOURCE(VIEWID, MESSAGEKEY, LOCALE, LOCALEREFERENCEID, MESSAGE, CREATEDBYID, UPDATEDBYID, DATECREATED, DATEUPDATED) VALUES (7, 'referenceValueGoodsCategoryThree5038', 'en', 11000, 'Light Footwear (Women)', 1, 1, current_date, current_date);
INSERT INTO MESSAGERESOURCE(VIEWID, MESSAGEKEY, LOCALE, LOCALEREFERENCEID, MESSAGE, CREATEDBYID, UPDATEDBYID, DATECREATED, DATEUPDATED) VALUES (7, 'referenceValueGoodsCategoryThree5039', 'en', 11000, 'Heavy Footwear (Women)', 1, 1, current_date, current_date);
INSERT INTO MESSAGERESOURCE(VIEWID, MESSAGEKEY, LOCALE, LOCALEREFERENCEID, MESSAGE, CREATEDBYID, UPDATEDBYID, DATECREATED, DATEUPDATED) VALUES (7, 'referenceValueGoodsCategoryThree5040', 'en', 11000, 'Please select Light or Heavy', 1, 1, current_date, current_date);
INSERT INTO MESSAGERESOURCE(VIEWID, MESSAGEKEY, LOCALE, LOCALEREFERENCEID, MESSAGE, CREATEDBYID, UPDATEDBYID, DATECREATED, DATEUPDATED) VALUES (7, 'referenceValueGoodsCategoryThree5041', 'en', 11000, 'Light Footwear (Men)', 1, 1, current_date, current_date);
INSERT INTO MESSAGERESOURCE(VIEWID, MESSAGEKEY, LOCALE, LOCALEREFERENCEID, MESSAGE, CREATEDBYID, UPDATEDBYID, DATECREATED, DATEUPDATED) VALUES (7, 'referenceValueGoodsCategoryThree5042', 'en', 11000, 'Heavy Footwear (Men)', 1, 1, current_date, current_date);
INSERT INTO MESSAGERESOURCE(VIEWID, MESSAGEKEY, LOCALE, LOCALEREFERENCEID, MESSAGE, CREATEDBYID, UPDATEDBYID, DATECREATED, DATEUPDATED) VALUES (7, 'referenceValueGoodsCategoryThree5043', 'en', 11000, 'Please select Light or Heavy', 1, 1, current_date, current_date);
INSERT INTO MESSAGERESOURCE(VIEWID, MESSAGEKEY, LOCALE, LOCALEREFERENCEID, MESSAGE, CREATEDBYID, UPDATEDBYID, DATECREATED, DATEUPDATED) VALUES (7, 'referenceValueGoodsCategoryThree5044', 'en', 11000, 'Light Clothing (Children)', 1, 1, current_date, current_date);
INSERT INTO MESSAGERESOURCE(VIEWID, MESSAGEKEY, LOCALE, LOCALEREFERENCEID, MESSAGE, CREATEDBYID, UPDATEDBYID, DATECREATED, DATEUPDATED) VALUES (7, 'referenceValueGoodsCategoryThree5045', 'en', 11000, 'Heavy Clothing (Children)', 1, 1, current_date, current_date);
INSERT INTO MESSAGERESOURCE(VIEWID, MESSAGEKEY, LOCALE, LOCALEREFERENCEID, MESSAGE, CREATEDBYID, UPDATEDBYID, DATECREATED, DATEUPDATED) VALUES (7, 'referenceValueGoodsCategoryThree5046', 'en', 11000, 'Please select Light or Heavy', 1, 1, current_date, current_date);
INSERT INTO MESSAGERESOURCE(VIEWID, MESSAGEKEY, LOCALE, LOCALEREFERENCEID, MESSAGE, CREATEDBYID, UPDATEDBYID, DATECREATED, DATEUPDATED) VALUES (7, 'referenceValueGoodsCategoryThree5047', 'en', 11000, 'Light Footwear (Children)', 1, 1, current_date, current_date);
INSERT INTO MESSAGERESOURCE(VIEWID, MESSAGEKEY, LOCALE, LOCALEREFERENCEID, MESSAGE, CREATEDBYID, UPDATEDBYID, DATECREATED, DATEUPDATED) VALUES (7, 'referenceValueGoodsCategoryThree5048', 'en', 11000, 'Heavy Footwear (Children)', 1, 1, current_date, current_date);
INSERT INTO MESSAGERESOURCE(VIEWID, MESSAGEKEY, LOCALE, LOCALEREFERENCEID, MESSAGE, CREATEDBYID, UPDATEDBYID, DATECREATED, DATEUPDATED) VALUES (7, 'referenceValueGoodsSize5999', 'en', 11000, 'Please select the size', 1, 1, current_date, current_date);
INSERT INTO MESSAGERESOURCE(VIEWID, MESSAGEKEY, LOCALE, LOCALEREFERENCEID, MESSAGE, CREATEDBYID, UPDATEDBYID, DATECREATED, DATEUPDATED) VALUES (7, 'referenceValueGoodsSize6000', 'en', 11000, 'Small', 1, 1, current_date, current_date);
INSERT INTO MESSAGERESOURCE(VIEWID, MESSAGEKEY, LOCALE, LOCALEREFERENCEID, MESSAGE, CREATEDBYID, UPDATEDBYID, DATECREATED, DATEUPDATED) VALUES (7, 'referenceValueGoodsSize6001', 'en', 11000, 'Medium', 1, 1, current_date, current_date);
INSERT INTO MESSAGERESOURCE(VIEWID, MESSAGEKEY, LOCALE, LOCALEREFERENCEID, MESSAGE, CREATEDBYID, UPDATEDBYID, DATECREATED, DATEUPDATED) VALUES (7, 'referenceValueGoodsSize6002', 'en', 11000, 'Large', 1, 1, current_date, current_date);
INSERT INTO MESSAGERESOURCE(VIEWID, MESSAGEKEY, LOCALE, LOCALEREFERENCEID, MESSAGE, CREATEDBYID, UPDATEDBYID, DATECREATED, DATEUPDATED) VALUES (7, 'referenceValueGoodsSize6003', 'en', 11000, 'Please select the size', 1, 1, current_date, current_date);
INSERT INTO MESSAGERESOURCE(VIEWID, MESSAGEKEY, LOCALE, LOCALEREFERENCEID, MESSAGE, CREATEDBYID, UPDATEDBYID, DATECREATED, DATEUPDATED) VALUES (7, 'referenceValueGoodsSize6004', 'en', 11000, '34.5', 1, 1, current_date, current_date);
INSERT INTO MESSAGERESOURCE(VIEWID, MESSAGEKEY, LOCALE, LOCALEREFERENCEID, MESSAGE, CREATEDBYID, UPDATEDBYID, DATECREATED, DATEUPDATED) VALUES (7, 'referenceValueGoodsSize6004', 'en_GB', 11004, 'UK 2.5', 1, 1, current_date, current_date);
INSERT INTO MESSAGERESOURCE(VIEWID, MESSAGEKEY, LOCALE, LOCALEREFERENCEID, MESSAGE, CREATEDBYID, UPDATEDBYID, DATECREATED, DATEUPDATED) VALUES (7, 'referenceValueGoodsSize6004', 'en_US', 11005, 'US 5', 1, 1, current_date, current_date);
INSERT INTO MESSAGERESOURCE(VIEWID, MESSAGEKEY, LOCALE, LOCALEREFERENCEID, MESSAGE, CREATEDBYID, UPDATEDBYID, DATECREATED, DATEUPDATED) VALUES (7, 'referenceValueGoodsSize6004', 'en_IE', 11003, '34.5', 1, 1, current_date, current_date);
INSERT INTO MESSAGERESOURCE(VIEWID, MESSAGEKEY, LOCALE, LOCALEREFERENCEID, MESSAGE, CREATEDBYID, UPDATEDBYID, DATECREATED, DATEUPDATED) VALUES (7, 'referenceValueGoodsSize6004', 'fr', 11001, '34.5', 1, 1, current_date, current_date);
INSERT INTO MESSAGERESOURCE(VIEWID, MESSAGEKEY, LOCALE, LOCALEREFERENCEID, MESSAGE, CREATEDBYID, UPDATEDBYID, DATECREATED, DATEUPDATED) VALUES (7, 'referenceValueGoodsSize6004', 'de', 11002, '34.5', 1, 1, current_date, current_date);
INSERT INTO MESSAGERESOURCE(VIEWID, MESSAGEKEY, LOCALE, LOCALEREFERENCEID, MESSAGE, CREATEDBYID, UPDATEDBYID, DATECREATED, DATEUPDATED) VALUES (7, 'referenceValueGoodsSize6005', 'en', 11000, '35', 1, 1, current_date, current_date);
INSERT INTO MESSAGERESOURCE(VIEWID, MESSAGEKEY, LOCALE, LOCALEREFERENCEID, MESSAGE, CREATEDBYID, UPDATEDBYID, DATECREATED, DATEUPDATED) VALUES (7, 'referenceValueGoodsSize6005', 'en_GB', 11004, 'UK 3', 1, 1, current_date, current_date);
INSERT INTO MESSAGERESOURCE(VIEWID, MESSAGEKEY, LOCALE, LOCALEREFERENCEID, MESSAGE, CREATEDBYID, UPDATEDBYID, DATECREATED, DATEUPDATED) VALUES (7, 'referenceValueGoodsSize6005', 'en_US', 11005, 'US 5.5', 1, 1, current_date, current_date);
INSERT INTO MESSAGERESOURCE(VIEWID, MESSAGEKEY, LOCALE, LOCALEREFERENCEID, MESSAGE, CREATEDBYID, UPDATEDBYID, DATECREATED, DATEUPDATED) VALUES (7, 'referenceValueGoodsSize6005', 'en_IE', 11003, '35', 1, 1, current_date, current_date);
INSERT INTO MESSAGERESOURCE(VIEWID, MESSAGEKEY, LOCALE, LOCALEREFERENCEID, MESSAGE, CREATEDBYID, UPDATEDBYID, DATECREATED, DATEUPDATED) VALUES (7, 'referenceValueGoodsSize6005', 'fr', 11001, '35', 1, 1, current_date, current_date);
INSERT INTO MESSAGERESOURCE(VIEWID, MESSAGEKEY, LOCALE, LOCALEREFERENCEID, MESSAGE, CREATEDBYID, UPDATEDBYID, DATECREATED, DATEUPDATED) VALUES (7, 'referenceValueGoodsSize6005', 'de', 11002, '35', 1, 1, current_date, current_date);
INSERT INTO MESSAGERESOURCE(VIEWID, MESSAGEKEY, LOCALE, LOCALEREFERENCEID, MESSAGE, CREATEDBYID, UPDATEDBYID, DATECREATED, DATEUPDATED) VALUES (7, 'referenceValueGoodsSize6006', 'en', 11000, '36', 1, 1, current_date, current_date);
INSERT INTO MESSAGERESOURCE(VIEWID, MESSAGEKEY, LOCALE, LOCALEREFERENCEID, MESSAGE, CREATEDBYID, UPDATEDBYID, DATECREATED, DATEUPDATED) VALUES (7, 'referenceValueGoodsSize6006', 'en_GB', 11004, 'UK 3.5', 1, 1, current_date, current_date);
INSERT INTO MESSAGERESOURCE(VIEWID, MESSAGEKEY, LOCALE, LOCALEREFERENCEID, MESSAGE, CREATEDBYID, UPDATEDBYID, DATECREATED, DATEUPDATED) VALUES (7, 'referenceValueGoodsSize6006', 'en_US', 11005, 'US 6', 1, 1, current_date, current_date);
INSERT INTO MESSAGERESOURCE(VIEWID, MESSAGEKEY, LOCALE, LOCALEREFERENCEID, MESSAGE, CREATEDBYID, UPDATEDBYID, DATECREATED, DATEUPDATED) VALUES (7, 'referenceValueGoodsSize6006', 'en_IE', 11003, '36', 1, 1, current_date, current_date);
INSERT INTO MESSAGERESOURCE(VIEWID, MESSAGEKEY, LOCALE, LOCALEREFERENCEID, MESSAGE, CREATEDBYID, UPDATEDBYID, DATECREATED, DATEUPDATED) VALUES (7, 'referenceValueGoodsSize6006', 'fr', 11001, '36', 1, 1, current_date, current_date);
INSERT INTO MESSAGERESOURCE(VIEWID, MESSAGEKEY, LOCALE, LOCALEREFERENCEID, MESSAGE, CREATEDBYID, UPDATEDBYID, DATECREATED, DATEUPDATED) VALUES (7, 'referenceValueGoodsSize6006', 'de', 11002, '36', 1, 1, current_date, current_date);
INSERT INTO MESSAGERESOURCE(VIEWID, MESSAGEKEY, LOCALE, LOCALEREFERENCEID, MESSAGE, CREATEDBYID, UPDATEDBYID, DATECREATED, DATEUPDATED) VALUES (7, 'referenceValueGoodsSize6007', 'en', 11000, '36.5', 1, 1, current_date, current_date);
INSERT INTO MESSAGERESOURCE(VIEWID, MESSAGEKEY, LOCALE, LOCALEREFERENCEID, MESSAGE, CREATEDBYID, UPDATEDBYID, DATECREATED, DATEUPDATED) VALUES (7, 'referenceValueGoodsSize6007', 'en_GB', 11004, 'UK 4', 1, 1, current_date, current_date);
INSERT INTO MESSAGERESOURCE(VIEWID, MESSAGEKEY, LOCALE, LOCALEREFERENCEID, MESSAGE, CREATEDBYID, UPDATEDBYID, DATECREATED, DATEUPDATED) VALUES (7, 'referenceValueGoodsSize6007', 'en_US', 11005, 'US 6.5', 1, 1, current_date, current_date);
INSERT INTO MESSAGERESOURCE(VIEWID, MESSAGEKEY, LOCALE, LOCALEREFERENCEID, MESSAGE, CREATEDBYID, UPDATEDBYID, DATECREATED, DATEUPDATED) VALUES (7, 'referenceValueGoodsSize6007', 'en_IE', 11003, '36.5', 1, 1, current_date, current_date);
INSERT INTO MESSAGERESOURCE(VIEWID, MESSAGEKEY, LOCALE, LOCALEREFERENCEID, MESSAGE, CREATEDBYID, UPDATEDBYID, DATECREATED, DATEUPDATED) VALUES (7, 'referenceValueGoodsSize6007', 'fr', 11001, '36.5', 1, 1, current_date, current_date);
INSERT INTO MESSAGERESOURCE(VIEWID, MESSAGEKEY, LOCALE, LOCALEREFERENCEID, MESSAGE, CREATEDBYID, UPDATEDBYID, DATECREATED, DATEUPDATED) VALUES (7, 'referenceValueGoodsSize6007', 'de', 11002, '36.5', 1, 1, current_date, current_date);
INSERT INTO MESSAGERESOURCE(VIEWID, MESSAGEKEY, LOCALE, LOCALEREFERENCEID, MESSAGE, CREATEDBYID, UPDATEDBYID, DATECREATED, DATEUPDATED) VALUES (7, 'referenceValueGoodsSize6008', 'en', 11000, '37', 1, 1, current_date, current_date);
INSERT INTO MESSAGERESOURCE(VIEWID, MESSAGEKEY, LOCALE, LOCALEREFERENCEID, MESSAGE, CREATEDBYID, UPDATEDBYID, DATECREATED, DATEUPDATED) VALUES (7, 'referenceValueGoodsSize6008', 'en_GB', 11004, 'UK 4.5', 1, 1, current_date, current_date);
INSERT INTO MESSAGERESOURCE(VIEWID, MESSAGEKEY, LOCALE, LOCALEREFERENCEID, MESSAGE, CREATEDBYID, UPDATEDBYID, DATECREATED, DATEUPDATED) VALUES (7, 'referenceValueGoodsSize6008', 'en_US', 11005, 'US 7', 1, 1, current_date, current_date);
INSERT INTO MESSAGERESOURCE(VIEWID, MESSAGEKEY, LOCALE, LOCALEREFERENCEID, MESSAGE, CREATEDBYID, UPDATEDBYID, DATECREATED, DATEUPDATED) VALUES (7, 'referenceValueGoodsSize6008', 'en_IE', 11003, '37', 1, 1, current_date, current_date);
INSERT INTO MESSAGERESOURCE(VIEWID, MESSAGEKEY, LOCALE, LOCALEREFERENCEID, MESSAGE, CREATEDBYID, UPDATEDBYID, DATECREATED, DATEUPDATED) VALUES (7, 'referenceValueGoodsSize6008', 'fr', 11001, '37', 1, 1, current_date, current_date);
INSERT INTO MESSAGERESOURCE(VIEWID, MESSAGEKEY, LOCALE, LOCALEREFERENCEID, MESSAGE, CREATEDBYID, UPDATEDBYID, DATECREATED, DATEUPDATED) VALUES (7, 'referenceValueGoodsSize6008', 'de', 11002, '37', 1, 1, current_date, current_date);
INSERT INTO MESSAGERESOURCE(VIEWID, MESSAGEKEY, LOCALE, LOCALEREFERENCEID, MESSAGE, CREATEDBYID, UPDATEDBYID, DATECREATED, DATEUPDATED) VALUES (7, 'referenceValueGoodsSize6009', 'en', 11000, '38', 1, 1, current_date, current_date);
INSERT INTO MESSAGERESOURCE(VIEWID, MESSAGEKEY, LOCALE, LOCALEREFERENCEID, MESSAGE, CREATEDBYID, UPDATEDBYID, DATECREATED, DATEUPDATED) VALUES (7, 'referenceValueGoodsSize6009', 'en_GB', 11004, 'UK 5', 1, 1, current_date, current_date);
INSERT INTO MESSAGERESOURCE(VIEWID, MESSAGEKEY, LOCALE, LOCALEREFERENCEID, MESSAGE, CREATEDBYID, UPDATEDBYID, DATECREATED, DATEUPDATED) VALUES (7, 'referenceValueGoodsSize6009', 'en_US', 11005, 'US 7.5', 1, 1, current_date, current_date);
INSERT INTO MESSAGERESOURCE(VIEWID, MESSAGEKEY, LOCALE, LOCALEREFERENCEID, MESSAGE, CREATEDBYID, UPDATEDBYID, DATECREATED, DATEUPDATED) VALUES (7, 'referenceValueGoodsSize6009', 'en_IE', 11003, '38', 1, 1, current_date, current_date);
INSERT INTO MESSAGERESOURCE(VIEWID, MESSAGEKEY, LOCALE, LOCALEREFERENCEID, MESSAGE, CREATEDBYID, UPDATEDBYID, DATECREATED, DATEUPDATED) VALUES (7, 'referenceValueGoodsSize6009', 'fr', 11001, '38', 1, 1, current_date, current_date);
INSERT INTO MESSAGERESOURCE(VIEWID, MESSAGEKEY, LOCALE, LOCALEREFERENCEID, MESSAGE, CREATEDBYID, UPDATEDBYID, DATECREATED, DATEUPDATED) VALUES (7, 'referenceValueGoodsSize6009', 'de', 11002, '38', 1, 1, current_date, current_date);
INSERT INTO MESSAGERESOURCE(VIEWID, MESSAGEKEY, LOCALE, LOCALEREFERENCEID, MESSAGE, CREATEDBYID, UPDATEDBYID, DATECREATED, DATEUPDATED) VALUES (7, 'referenceValueGoodsSize6010', 'en', 11000, '38.5', 1, 1, current_date, current_date);
INSERT INTO MESSAGERESOURCE(VIEWID, MESSAGEKEY, LOCALE, LOCALEREFERENCEID, MESSAGE, CREATEDBYID, UPDATEDBYID, DATECREATED, DATEUPDATED) VALUES (7, 'referenceValueGoodsSize6010', 'en_GB', 11004, 'UK 5.5', 1, 1, current_date, current_date);
INSERT INTO MESSAGERESOURCE(VIEWID, MESSAGEKEY, LOCALE, LOCALEREFERENCEID, MESSAGE, CREATEDBYID, UPDATEDBYID, DATECREATED, DATEUPDATED) VALUES (7, 'referenceValueGoodsSize6010', 'en_US', 11005, 'US 8', 1, 1, current_date, current_date);
INSERT INTO MESSAGERESOURCE(VIEWID, MESSAGEKEY, LOCALE, LOCALEREFERENCEID, MESSAGE, CREATEDBYID, UPDATEDBYID, DATECREATED, DATEUPDATED) VALUES (7, 'referenceValueGoodsSize6010', 'en_IE', 11003, '38.5', 1, 1, current_date, current_date);
INSERT INTO MESSAGERESOURCE(VIEWID, MESSAGEKEY, LOCALE, LOCALEREFERENCEID, MESSAGE, CREATEDBYID, UPDATEDBYID, DATECREATED, DATEUPDATED) VALUES (7, 'referenceValueGoodsSize6010', 'fr', 11001, '38.5', 1, 1, current_date, current_date);
INSERT INTO MESSAGERESOURCE(VIEWID, MESSAGEKEY, LOCALE, LOCALEREFERENCEID, MESSAGE, CREATEDBYID, UPDATEDBYID, DATECREATED, DATEUPDATED) VALUES (7, 'referenceValueGoodsSize6010', 'de', 11002, '38.5', 1, 1, current_date, current_date);
INSERT INTO MESSAGERESOURCE(VIEWID, MESSAGEKEY, LOCALE, LOCALEREFERENCEID, MESSAGE, CREATEDBYID, UPDATEDBYID, DATECREATED, DATEUPDATED) VALUES (7, 'referenceValueGoodsSize6011', 'en', 11000, '39', 1, 1, current_date, current_date);
INSERT INTO MESSAGERESOURCE(VIEWID, MESSAGEKEY, LOCALE, LOCALEREFERENCEID, MESSAGE, CREATEDBYID, UPDATEDBYID, DATECREATED, DATEUPDATED) VALUES (7, 'referenceValueGoodsSize6011', 'en_GB', 11004, 'UK 6', 1, 1, current_date, current_date);
INSERT INTO MESSAGERESOURCE(VIEWID, MESSAGEKEY, LOCALE, LOCALEREFERENCEID, MESSAGE, CREATEDBYID, UPDATEDBYID, DATECREATED, DATEUPDATED) VALUES (7, 'referenceValueGoodsSize6011', 'en_US', 11005, 'US 8.5', 1, 1, current_date, current_date);
INSERT INTO MESSAGERESOURCE(VIEWID, MESSAGEKEY, LOCALE, LOCALEREFERENCEID, MESSAGE, CREATEDBYID, UPDATEDBYID, DATECREATED, DATEUPDATED) VALUES (7, 'referenceValueGoodsSize6011', 'en_IE', 11003, '39', 1, 1, current_date, current_date);
INSERT INTO MESSAGERESOURCE(VIEWID, MESSAGEKEY, LOCALE, LOCALEREFERENCEID, MESSAGE, CREATEDBYID, UPDATEDBYID, DATECREATED, DATEUPDATED) VALUES (7, 'referenceValueGoodsSize6011', 'fr', 11001, '39', 1, 1, current_date, current_date);
INSERT INTO MESSAGERESOURCE(VIEWID, MESSAGEKEY, LOCALE, LOCALEREFERENCEID, MESSAGE, CREATEDBYID, UPDATEDBYID, DATECREATED, DATEUPDATED) VALUES (7, 'referenceValueGoodsSize6011', 'de', 11002, '39', 1, 1, current_date, current_date);
INSERT INTO MESSAGERESOURCE(VIEWID, MESSAGEKEY, LOCALE, LOCALEREFERENCEID, MESSAGE, CREATEDBYID, UPDATEDBYID, DATECREATED, DATEUPDATED) VALUES (7, 'referenceValueGoodsSize6012', 'en', 11000, '40', 1, 1, current_date, current_date);
INSERT INTO MESSAGERESOURCE(VIEWID, MESSAGEKEY, LOCALE, LOCALEREFERENCEID, MESSAGE, CREATEDBYID, UPDATEDBYID, DATECREATED, DATEUPDATED) VALUES (7, 'referenceValueGoodsSize6012', 'en_GB', 11004, 'UK 6.5', 1, 1, current_date, current_date);
INSERT INTO MESSAGERESOURCE(VIEWID, MESSAGEKEY, LOCALE, LOCALEREFERENCEID, MESSAGE, CREATEDBYID, UPDATEDBYID, DATECREATED, DATEUPDATED) VALUES (7, 'referenceValueGoodsSize6012', 'en_US', 11005, 'US 9', 1, 1, current_date, current_date);
INSERT INTO MESSAGERESOURCE(VIEWID, MESSAGEKEY, LOCALE, LOCALEREFERENCEID, MESSAGE, CREATEDBYID, UPDATEDBYID, DATECREATED, DATEUPDATED) VALUES (7, 'referenceValueGoodsSize6012', 'en_IE', 11003, '40', 1, 1, current_date, current_date);
INSERT INTO MESSAGERESOURCE(VIEWID, MESSAGEKEY, LOCALE, LOCALEREFERENCEID, MESSAGE, CREATEDBYID, UPDATEDBYID, DATECREATED, DATEUPDATED) VALUES (7, 'referenceValueGoodsSize6012', 'fr', 11001, '40', 1, 1, current_date, current_date);
INSERT INTO MESSAGERESOURCE(VIEWID, MESSAGEKEY, LOCALE, LOCALEREFERENCEID, MESSAGE, CREATEDBYID, UPDATEDBYID, DATECREATED, DATEUPDATED) VALUES (7, 'referenceValueGoodsSize6012', 'de', 11002, '40', 1, 1, current_date, current_date);
INSERT INTO MESSAGERESOURCE(VIEWID, MESSAGEKEY, LOCALE, LOCALEREFERENCEID, MESSAGE, CREATEDBYID, UPDATEDBYID, DATECREATED, DATEUPDATED) VALUES (7, 'referenceValueGoodsSize6013', 'en', 11000, '40.5', 1, 1, current_date, current_date);
INSERT INTO MESSAGERESOURCE(VIEWID, MESSAGEKEY, LOCALE, LOCALEREFERENCEID, MESSAGE, CREATEDBYID, UPDATEDBYID, DATECREATED, DATEUPDATED) VALUES (7, 'referenceValueGoodsSize6013', 'en_GB', 11004, 'UK 7', 1, 1, current_date, current_date);
INSERT INTO MESSAGERESOURCE(VIEWID, MESSAGEKEY, LOCALE, LOCALEREFERENCEID, MESSAGE, CREATEDBYID, UPDATEDBYID, DATECREATED, DATEUPDATED) VALUES (7, 'referenceValueGoodsSize6013', 'en_US', 11005, 'US 9.5', 1, 1, current_date, current_date);
INSERT INTO MESSAGERESOURCE(VIEWID, MESSAGEKEY, LOCALE, LOCALEREFERENCEID, MESSAGE, CREATEDBYID, UPDATEDBYID, DATECREATED, DATEUPDATED) VALUES (7, 'referenceValueGoodsSize6013', 'en_IE', 11003, '40.5', 1, 1, current_date, current_date);
INSERT INTO MESSAGERESOURCE(VIEWID, MESSAGEKEY, LOCALE, LOCALEREFERENCEID, MESSAGE, CREATEDBYID, UPDATEDBYID, DATECREATED, DATEUPDATED) VALUES (7, 'referenceValueGoodsSize6013', 'fr', 11001, '40.5', 1, 1, current_date, current_date);
INSERT INTO MESSAGERESOURCE(VIEWID, MESSAGEKEY, LOCALE, LOCALEREFERENCEID, MESSAGE, CREATEDBYID, UPDATEDBYID, DATECREATED, DATEUPDATED) VALUES (7, 'referenceValueGoodsSize6013', 'de', 11002, '40.5', 1, 1, current_date, current_date);
INSERT INTO MESSAGERESOURCE(VIEWID, MESSAGEKEY, LOCALE, LOCALEREFERENCEID, MESSAGE, CREATEDBYID, UPDATEDBYID, DATECREATED, DATEUPDATED) VALUES (7, 'referenceValueGoodsSize6014', 'en', 11000, '41', 1, 1, current_date, current_date);
INSERT INTO MESSAGERESOURCE(VIEWID, MESSAGEKEY, LOCALE, LOCALEREFERENCEID, MESSAGE, CREATEDBYID, UPDATEDBYID, DATECREATED, DATEUPDATED) VALUES (7, 'referenceValueGoodsSize6014', 'en_GB', 11004, 'UK 7.5', 1, 1, current_date, current_date);
INSERT INTO MESSAGERESOURCE(VIEWID, MESSAGEKEY, LOCALE, LOCALEREFERENCEID, MESSAGE, CREATEDBYID, UPDATEDBYID, DATECREATED, DATEUPDATED) VALUES (7, 'referenceValueGoodsSize6014', 'en_US', 11005, 'US 10', 1, 1, current_date, current_date);
INSERT INTO MESSAGERESOURCE(VIEWID, MESSAGEKEY, LOCALE, LOCALEREFERENCEID, MESSAGE, CREATEDBYID, UPDATEDBYID, DATECREATED, DATEUPDATED) VALUES (7, 'referenceValueGoodsSize6014', 'en_IE', 11003, '41', 1, 1, current_date, current_date);
INSERT INTO MESSAGERESOURCE(VIEWID, MESSAGEKEY, LOCALE, LOCALEREFERENCEID, MESSAGE, CREATEDBYID, UPDATEDBYID, DATECREATED, DATEUPDATED) VALUES (7, 'referenceValueGoodsSize6014', 'fr', 11001, '41', 1, 1, current_date, current_date);
INSERT INTO MESSAGERESOURCE(VIEWID, MESSAGEKEY, LOCALE, LOCALEREFERENCEID, MESSAGE, CREATEDBYID, UPDATEDBYID, DATECREATED, DATEUPDATED) VALUES (7, 'referenceValueGoodsSize6014', 'de', 11002, '41', 1, 1, current_date, current_date);
INSERT INTO MESSAGERESOURCE(VIEWID, MESSAGEKEY, LOCALE, LOCALEREFERENCEID, MESSAGE, CREATEDBYID, UPDATEDBYID, DATECREATED, DATEUPDATED) VALUES (7, 'referenceValueGoodsSize6015', 'en', 11000, '42', 1, 1, current_date, current_date);
INSERT INTO MESSAGERESOURCE(VIEWID, MESSAGEKEY, LOCALE, LOCALEREFERENCEID, MESSAGE, CREATEDBYID, UPDATEDBYID, DATECREATED, DATEUPDATED) VALUES (7, 'referenceValueGoodsSize6015', 'en_GB', 11004, 'UK 8', 1, 1, current_date, current_date);
INSERT INTO MESSAGERESOURCE(VIEWID, MESSAGEKEY, LOCALE, LOCALEREFERENCEID, MESSAGE, CREATEDBYID, UPDATEDBYID, DATECREATED, DATEUPDATED) VALUES (7, 'referenceValueGoodsSize6015', 'en_US', 11005, 'US 10.5', 1, 1, current_date, current_date);
INSERT INTO MESSAGERESOURCE(VIEWID, MESSAGEKEY, LOCALE, LOCALEREFERENCEID, MESSAGE, CREATEDBYID, UPDATEDBYID, DATECREATED, DATEUPDATED) VALUES (7, 'referenceValueGoodsSize6015', 'en_IE', 11003, '42', 1, 1, current_date, current_date);
INSERT INTO MESSAGERESOURCE(VIEWID, MESSAGEKEY, LOCALE, LOCALEREFERENCEID, MESSAGE, CREATEDBYID, UPDATEDBYID, DATECREATED, DATEUPDATED) VALUES (7, 'referenceValueGoodsSize6015', 'fr', 11001, '42', 1, 1, current_date, current_date);
INSERT INTO MESSAGERESOURCE(VIEWID, MESSAGEKEY, LOCALE, LOCALEREFERENCEID, MESSAGE, CREATEDBYID, UPDATEDBYID, DATECREATED, DATEUPDATED) VALUES (7, 'referenceValueGoodsSize6015', 'de', 11002, '42', 1, 1, current_date, current_date);
INSERT INTO MESSAGERESOURCE(VIEWID, MESSAGEKEY, LOCALE, LOCALEREFERENCEID, MESSAGE, CREATEDBYID, UPDATEDBYID, DATECREATED, DATEUPDATED) VALUES (7, 'referenceValueGoodsSize6016', 'en', 11000, '42.5', 1, 1, current_date, current_date);
INSERT INTO MESSAGERESOURCE(VIEWID, MESSAGEKEY, LOCALE, LOCALEREFERENCEID, MESSAGE, CREATEDBYID, UPDATEDBYID, DATECREATED, DATEUPDATED) VALUES (7, 'referenceValueGoodsSize6016', 'en_GB', 11004, 'UK 8.5', 1, 1, current_date, current_date);
INSERT INTO MESSAGERESOURCE(VIEWID, MESSAGEKEY, LOCALE, LOCALEREFERENCEID, MESSAGE, CREATEDBYID, UPDATEDBYID, DATECREATED, DATEUPDATED) VALUES (7, 'referenceValueGoodsSize6016', 'en_US', 11005, 'US 11', 1, 1, current_date, current_date);
INSERT INTO MESSAGERESOURCE(VIEWID, MESSAGEKEY, LOCALE, LOCALEREFERENCEID, MESSAGE, CREATEDBYID, UPDATEDBYID, DATECREATED, DATEUPDATED) VALUES (7, 'referenceValueGoodsSize6016', 'en_IE', 11003, '42.5', 1, 1, current_date, current_date);
INSERT INTO MESSAGERESOURCE(VIEWID, MESSAGEKEY, LOCALE, LOCALEREFERENCEID, MESSAGE, CREATEDBYID, UPDATEDBYID, DATECREATED, DATEUPDATED) VALUES (7, 'referenceValueGoodsSize6016', 'fr', 11001, '42.5', 1, 1, current_date, current_date);
INSERT INTO MESSAGERESOURCE(VIEWID, MESSAGEKEY, LOCALE, LOCALEREFERENCEID, MESSAGE, CREATEDBYID, UPDATEDBYID, DATECREATED, DATEUPDATED) VALUES (7, 'referenceValueGoodsSize6016', 'de', 11002, '42.5', 1, 1, current_date, current_date);
INSERT INTO MESSAGERESOURCE(VIEWID, MESSAGEKEY, LOCALE, LOCALEREFERENCEID, MESSAGE, CREATEDBYID, UPDATEDBYID, DATECREATED, DATEUPDATED) VALUES (7, 'referenceValueGoodsSize6017', 'en', 11000, '43', 1, 1, current_date, current_date);
INSERT INTO MESSAGERESOURCE(VIEWID, MESSAGEKEY, LOCALE, LOCALEREFERENCEID, MESSAGE, CREATEDBYID, UPDATEDBYID, DATECREATED, DATEUPDATED) VALUES (7, 'referenceValueGoodsSize6017', 'en_GB', 11004, 'UK 9', 1, 1, current_date, current_date);
INSERT INTO MESSAGERESOURCE(VIEWID, MESSAGEKEY, LOCALE, LOCALEREFERENCEID, MESSAGE, CREATEDBYID, UPDATEDBYID, DATECREATED, DATEUPDATED) VALUES (7, 'referenceValueGoodsSize6017', 'en_US', 11005, 'US 11.5', 1, 1, current_date, current_date);
INSERT INTO MESSAGERESOURCE(VIEWID, MESSAGEKEY, LOCALE, LOCALEREFERENCEID, MESSAGE, CREATEDBYID, UPDATEDBYID, DATECREATED, DATEUPDATED) VALUES (7, 'referenceValueGoodsSize6017', 'en_IE', 11003, '43', 1, 1, current_date, current_date);
INSERT INTO MESSAGERESOURCE(VIEWID, MESSAGEKEY, LOCALE, LOCALEREFERENCEID, MESSAGE, CREATEDBYID, UPDATEDBYID, DATECREATED, DATEUPDATED) VALUES (7, 'referenceValueGoodsSize6017', 'fr', 11001, '43', 1, 1, current_date, current_date);
INSERT INTO MESSAGERESOURCE(VIEWID, MESSAGEKEY, LOCALE, LOCALEREFERENCEID, MESSAGE, CREATEDBYID, UPDATEDBYID, DATECREATED, DATEUPDATED) VALUES (7, 'referenceValueGoodsSize6017', 'de', 11002, '43', 1, 1, current_date, current_date);
INSERT INTO MESSAGERESOURCE(VIEWID, MESSAGEKEY, LOCALE, LOCALEREFERENCEID, MESSAGE, CREATEDBYID, UPDATEDBYID, DATECREATED, DATEUPDATED) VALUES (7, 'referenceValueGoodsSize6018', 'en', 11000, '44', 1, 1, current_date, current_date);
INSERT INTO MESSAGERESOURCE(VIEWID, MESSAGEKEY, LOCALE, LOCALEREFERENCEID, MESSAGE, CREATEDBYID, UPDATEDBYID, DATECREATED, DATEUPDATED) VALUES (7, 'referenceValueGoodsSize6018', 'en_GB', 11004, 'UK 9.5', 1, 1, current_date, current_date);
INSERT INTO MESSAGERESOURCE(VIEWID, MESSAGEKEY, LOCALE, LOCALEREFERENCEID, MESSAGE, CREATEDBYID, UPDATEDBYID, DATECREATED, DATEUPDATED) VALUES (7, 'referenceValueGoodsSize6018', 'en_US', 11005, 'US 12', 1, 1, current_date, current_date);
INSERT INTO MESSAGERESOURCE(VIEWID, MESSAGEKEY, LOCALE, LOCALEREFERENCEID, MESSAGE, CREATEDBYID, UPDATEDBYID, DATECREATED, DATEUPDATED) VALUES (7, 'referenceValueGoodsSize6018', 'en_IE', 11003, '44', 1, 1, current_date, current_date);
INSERT INTO MESSAGERESOURCE(VIEWID, MESSAGEKEY, LOCALE, LOCALEREFERENCEID, MESSAGE, CREATEDBYID, UPDATEDBYID, DATECREATED, DATEUPDATED) VALUES (7, 'referenceValueGoodsSize6018', 'fr', 11001, '44', 1, 1, current_date, current_date);
INSERT INTO MESSAGERESOURCE(VIEWID, MESSAGEKEY, LOCALE, LOCALEREFERENCEID, MESSAGE, CREATEDBYID, UPDATEDBYID, DATECREATED, DATEUPDATED) VALUES (7, 'referenceValueGoodsSize6018', 'de', 11002, '44', 1, 1, current_date, current_date);
INSERT INTO MESSAGERESOURCE(VIEWID, MESSAGEKEY, LOCALE, LOCALEREFERENCEID, MESSAGE, CREATEDBYID, UPDATEDBYID, DATECREATED, DATEUPDATED) VALUES (7, 'referenceValueGoodsSize6019', 'en', 11000, '44.5', 1, 1, current_date, current_date);
INSERT INTO MESSAGERESOURCE(VIEWID, MESSAGEKEY, LOCALE, LOCALEREFERENCEID, MESSAGE, CREATEDBYID, UPDATEDBYID, DATECREATED, DATEUPDATED) VALUES (7, 'referenceValueGoodsSize6019', 'en_GB', 11004, 'UK 10', 1, 1, current_date, current_date);
INSERT INTO MESSAGERESOURCE(VIEWID, MESSAGEKEY, LOCALE, LOCALEREFERENCEID, MESSAGE, CREATEDBYID, UPDATEDBYID, DATECREATED, DATEUPDATED) VALUES (7, 'referenceValueGoodsSize6019', 'en_US', 11005, 'US 12.5', 1, 1, current_date, current_date);
INSERT INTO MESSAGERESOURCE(VIEWID, MESSAGEKEY, LOCALE, LOCALEREFERENCEID, MESSAGE, CREATEDBYID, UPDATEDBYID, DATECREATED, DATEUPDATED) VALUES (7, 'referenceValueGoodsSize6019', 'en_IE', 11003, '44.5', 1, 1, current_date, current_date);
INSERT INTO MESSAGERESOURCE(VIEWID, MESSAGEKEY, LOCALE, LOCALEREFERENCEID, MESSAGE, CREATEDBYID, UPDATEDBYID, DATECREATED, DATEUPDATED) VALUES (7, 'referenceValueGoodsSize6019', 'fr', 11001, '44.5', 1, 1, current_date, current_date);
INSERT INTO MESSAGERESOURCE(VIEWID, MESSAGEKEY, LOCALE, LOCALEREFERENCEID, MESSAGE, CREATEDBYID, UPDATEDBYID, DATECREATED, DATEUPDATED) VALUES (7, 'referenceValueGoodsSize6019', 'de', 11002, '44.5', 1, 1, current_date, current_date);
INSERT INTO MESSAGERESOURCE(VIEWID, MESSAGEKEY, LOCALE, LOCALEREFERENCEID, MESSAGE, CREATEDBYID, UPDATEDBYID, DATECREATED, DATEUPDATED) VALUES (7, 'referenceValueGoodsSize6020', 'en', 11000, '45', 1, 1, current_date, current_date);
INSERT INTO MESSAGERESOURCE(VIEWID, MESSAGEKEY, LOCALE, LOCALEREFERENCEID, MESSAGE, CREATEDBYID, UPDATEDBYID, DATECREATED, DATEUPDATED) VALUES (7, 'referenceValueGoodsSize6020', 'en_GB', 11004, 'UK 10.5', 1, 1, current_date, current_date);
INSERT INTO MESSAGERESOURCE(VIEWID, MESSAGEKEY, LOCALE, LOCALEREFERENCEID, MESSAGE, CREATEDBYID, UPDATEDBYID, DATECREATED, DATEUPDATED) VALUES (7, 'referenceValueGoodsSize6020', 'en_US', 11005, 'US 13', 1, 1, current_date, current_date);
INSERT INTO MESSAGERESOURCE(VIEWID, MESSAGEKEY, LOCALE, LOCALEREFERENCEID, MESSAGE, CREATEDBYID, UPDATEDBYID, DATECREATED, DATEUPDATED) VALUES (7, 'referenceValueGoodsSize6020', 'en_IE', 11003, '45', 1, 1, current_date, current_date);
INSERT INTO MESSAGERESOURCE(VIEWID, MESSAGEKEY, LOCALE, LOCALEREFERENCEID, MESSAGE, CREATEDBYID, UPDATEDBYID, DATECREATED, DATEUPDATED) VALUES (7, 'referenceValueGoodsSize6020', 'fr', 11001, '45', 1, 1, current_date, current_date);
INSERT INTO MESSAGERESOURCE(VIEWID, MESSAGEKEY, LOCALE, LOCALEREFERENCEID, MESSAGE, CREATEDBYID, UPDATEDBYID, DATECREATED, DATEUPDATED) VALUES (7, 'referenceValueGoodsSize6020', 'de', 11002, '45', 1, 1, current_date, current_date);
INSERT INTO MESSAGERESOURCE(VIEWID, MESSAGEKEY, LOCALE, LOCALEREFERENCEID, MESSAGE, CREATEDBYID, UPDATEDBYID, DATECREATED, DATEUPDATED) VALUES (7, 'referenceValueGoodsSize6021', 'en', 11000, '46', 1, 1, current_date, current_date);
INSERT INTO MESSAGERESOURCE(VIEWID, MESSAGEKEY, LOCALE, LOCALEREFERENCEID, MESSAGE, CREATEDBYID, UPDATEDBYID, DATECREATED, DATEUPDATED) VALUES (7, 'referenceValueGoodsSize6021', 'en_GB', 11004, 'UK 11', 1, 1, current_date, current_date);
INSERT INTO MESSAGERESOURCE(VIEWID, MESSAGEKEY, LOCALE, LOCALEREFERENCEID, MESSAGE, CREATEDBYID, UPDATEDBYID, DATECREATED, DATEUPDATED) VALUES (7, 'referenceValueGoodsSize6021', 'en_US', 11005, 'US 13.5', 1, 1, current_date, current_date);
INSERT INTO MESSAGERESOURCE(VIEWID, MESSAGEKEY, LOCALE, LOCALEREFERENCEID, MESSAGE, CREATEDBYID, UPDATEDBYID, DATECREATED, DATEUPDATED) VALUES (7, 'referenceValueGoodsSize6021', 'en_IE', 11003, '46', 1, 1, current_date, current_date);
INSERT INTO MESSAGERESOURCE(VIEWID, MESSAGEKEY, LOCALE, LOCALEREFERENCEID, MESSAGE, CREATEDBYID, UPDATEDBYID, DATECREATED, DATEUPDATED) VALUES (7, 'referenceValueGoodsSize6021', 'fr', 11001, '46', 1, 1, current_date, current_date);
INSERT INTO MESSAGERESOURCE(VIEWID, MESSAGEKEY, LOCALE, LOCALEREFERENCEID, MESSAGE, CREATEDBYID, UPDATEDBYID, DATECREATED, DATEUPDATED) VALUES (7, 'referenceValueGoodsSize6021', 'de', 11002, '46', 1, 1, current_date, current_date);
INSERT INTO MESSAGERESOURCE(VIEWID, MESSAGEKEY, LOCALE, LOCALEREFERENCEID, MESSAGE, CREATEDBYID, UPDATEDBYID, DATECREATED, DATEUPDATED) VALUES (7, 'referenceValueGoodsSize6023', 'en', 11000, 'Please select the size', 1, 1, current_date, current_date);
INSERT INTO MESSAGERESOURCE(VIEWID, MESSAGEKEY, LOCALE, LOCALEREFERENCEID, MESSAGE, CREATEDBYID, UPDATEDBYID, DATECREATED, DATEUPDATED) VALUES (7, 'referenceValueGoodsSize6024', 'en', 11000, 'Baby (0-1)', 1, 1, current_date, current_date);
INSERT INTO MESSAGERESOURCE(VIEWID, MESSAGEKEY, LOCALE, LOCALEREFERENCEID, MESSAGE, CREATEDBYID, UPDATEDBYID, DATECREATED, DATEUPDATED) VALUES (7, 'referenceValueGoodsSize6025', 'en', 11000, 'Toddler (2-3)', 1, 1, current_date, current_date);
INSERT INTO MESSAGERESOURCE(VIEWID, MESSAGEKEY, LOCALE, LOCALEREFERENCEID, MESSAGE, CREATEDBYID, UPDATEDBYID, DATECREATED, DATEUPDATED) VALUES (7, 'referenceValueGoodsSize6026', 'en', 11000, 'Child (4-8)', 1, 1, current_date, current_date);
INSERT INTO MESSAGERESOURCE(VIEWID, MESSAGEKEY, LOCALE, LOCALEREFERENCEID, MESSAGE, CREATEDBYID, UPDATEDBYID, DATECREATED, DATEUPDATED) VALUES (7, 'referenceValueGoodsSize6027', 'en', 11000, 'Child (9-13)', 1, 1, current_date, current_date);
INSERT INTO MESSAGERESOURCE(VIEWID, MESSAGEKEY, LOCALE, LOCALEREFERENCEID, MESSAGE, CREATEDBYID, UPDATEDBYID, DATECREATED, DATEUPDATED) VALUES (7, 'referenceValueGoodsSize6028', 'en', 11000, 'Young person (14-18)', 1, 1, current_date, current_date);
INSERT INTO MESSAGERESOURCE(VIEWID, MESSAGEKEY, LOCALE, LOCALEREFERENCEID, MESSAGE, CREATEDBYID, UPDATEDBYID, DATECREATED, DATEUPDATED) VALUES (7, 'referenceValueGoodsSize6029', 'en', 11000, 'Please select the size', 1, 1, current_date, current_date);
INSERT INTO MESSAGERESOURCE(VIEWID, MESSAGEKEY, LOCALE, LOCALEREFERENCEID, MESSAGE, CREATEDBYID, UPDATEDBYID, DATECREATED, DATEUPDATED) VALUES (7, 'referenceValueGoodsSize6030', 'en', 11000, '40.5', 1, 1, current_date, current_date);
INSERT INTO MESSAGERESOURCE(VIEWID, MESSAGEKEY, LOCALE, LOCALEREFERENCEID, MESSAGE, CREATEDBYID, UPDATEDBYID, DATECREATED, DATEUPDATED) VALUES (7, 'referenceValueGoodsSize6030', 'en_GB', 11004, 'UK 7', 1, 1, current_date, current_date);
INSERT INTO MESSAGERESOURCE(VIEWID, MESSAGEKEY, LOCALE, LOCALEREFERENCEID, MESSAGE, CREATEDBYID, UPDATEDBYID, DATECREATED, DATEUPDATED) VALUES (7, 'referenceValueGoodsSize6030', 'en_US', 11005, 'US 8', 1, 1, current_date, current_date);
INSERT INTO MESSAGERESOURCE(VIEWID, MESSAGEKEY, LOCALE, LOCALEREFERENCEID, MESSAGE, CREATEDBYID, UPDATEDBYID, DATECREATED, DATEUPDATED) VALUES (7, 'referenceValueGoodsSize6030', 'en_IE', 11003, '40.5', 1, 1, current_date, current_date);
INSERT INTO MESSAGERESOURCE(VIEWID, MESSAGEKEY, LOCALE, LOCALEREFERENCEID, MESSAGE, CREATEDBYID, UPDATEDBYID, DATECREATED, DATEUPDATED) VALUES (7, 'referenceValueGoodsSize6030', 'fr', 11001, '40.5', 1, 1, current_date, current_date);
INSERT INTO MESSAGERESOURCE(VIEWID, MESSAGEKEY, LOCALE, LOCALEREFERENCEID, MESSAGE, CREATEDBYID, UPDATEDBYID, DATECREATED, DATEUPDATED) VALUES (7, 'referenceValueGoodsSize6030', 'de', 11002, '40.5', 1, 1, current_date, current_date);
INSERT INTO MESSAGERESOURCE(VIEWID, MESSAGEKEY, LOCALE, LOCALEREFERENCEID, MESSAGE, CREATEDBYID, UPDATEDBYID, DATECREATED, DATEUPDATED) VALUES (7, 'referenceValueGoodsSize6031', 'en', 11000, '41', 1, 1, current_date, current_date);
INSERT INTO MESSAGERESOURCE(VIEWID, MESSAGEKEY, LOCALE, LOCALEREFERENCEID, MESSAGE, CREATEDBYID, UPDATEDBYID, DATECREATED, DATEUPDATED) VALUES (7, 'referenceValueGoodsSize6031', 'en_GB', 11004, 'UK 7.5', 1, 1, current_date, current_date);
INSERT INTO MESSAGERESOURCE(VIEWID, MESSAGEKEY, LOCALE, LOCALEREFERENCEID, MESSAGE, CREATEDBYID, UPDATEDBYID, DATECREATED, DATEUPDATED) VALUES (7, 'referenceValueGoodsSize6031', 'en_US', 11005, 'US 8.5', 1, 1, current_date, current_date);
INSERT INTO MESSAGERESOURCE(VIEWID, MESSAGEKEY, LOCALE, LOCALEREFERENCEID, MESSAGE, CREATEDBYID, UPDATEDBYID, DATECREATED, DATEUPDATED) VALUES (7, 'referenceValueGoodsSize6031', 'en_IE', 11003, '41', 1, 1, current_date, current_date);
INSERT INTO MESSAGERESOURCE(VIEWID, MESSAGEKEY, LOCALE, LOCALEREFERENCEID, MESSAGE, CREATEDBYID, UPDATEDBYID, DATECREATED, DATEUPDATED) VALUES (7, 'referenceValueGoodsSize6031', 'fr', 11001, '41', 1, 1, current_date, current_date);
INSERT INTO MESSAGERESOURCE(VIEWID, MESSAGEKEY, LOCALE, LOCALEREFERENCEID, MESSAGE, CREATEDBYID, UPDATEDBYID, DATECREATED, DATEUPDATED) VALUES (7, 'referenceValueGoodsSize6031', 'de', 11002, '41', 1, 1, current_date, current_date);
INSERT INTO MESSAGERESOURCE(VIEWID, MESSAGEKEY, LOCALE, LOCALEREFERENCEID, MESSAGE, CREATEDBYID, UPDATEDBYID, DATECREATED, DATEUPDATED) VALUES (7, 'referenceValueGoodsSize6032', 'en', 11000, '42', 1, 1, current_date, current_date);
INSERT INTO MESSAGERESOURCE(VIEWID, MESSAGEKEY, LOCALE, LOCALEREFERENCEID, MESSAGE, CREATEDBYID, UPDATEDBYID, DATECREATED, DATEUPDATED) VALUES (7, 'referenceValueGoodsSize6032', 'en_GB', 11004, 'UK 8', 1, 1, current_date, current_date);
INSERT INTO MESSAGERESOURCE(VIEWID, MESSAGEKEY, LOCALE, LOCALEREFERENCEID, MESSAGE, CREATEDBYID, UPDATEDBYID, DATECREATED, DATEUPDATED) VALUES (7, 'referenceValueGoodsSize6032', 'en_US', 11005, 'US 9', 1, 1, current_date, current_date);
INSERT INTO MESSAGERESOURCE(VIEWID, MESSAGEKEY, LOCALE, LOCALEREFERENCEID, MESSAGE, CREATEDBYID, UPDATEDBYID, DATECREATED, DATEUPDATED) VALUES (7, 'referenceValueGoodsSize6032', 'en_IE', 11003, '42', 1, 1, current_date, current_date);
INSERT INTO MESSAGERESOURCE(VIEWID, MESSAGEKEY, LOCALE, LOCALEREFERENCEID, MESSAGE, CREATEDBYID, UPDATEDBYID, DATECREATED, DATEUPDATED) VALUES (7, 'referenceValueGoodsSize6032', 'fr', 11001, '42', 1, 1, current_date, current_date);
INSERT INTO MESSAGERESOURCE(VIEWID, MESSAGEKEY, LOCALE, LOCALEREFERENCEID, MESSAGE, CREATEDBYID, UPDATEDBYID, DATECREATED, DATEUPDATED) VALUES (7, 'referenceValueGoodsSize6032', 'de', 11002, '42', 1, 1, current_date, current_date);
INSERT INTO MESSAGERESOURCE(VIEWID, MESSAGEKEY, LOCALE, LOCALEREFERENCEID, MESSAGE, CREATEDBYID, UPDATEDBYID, DATECREATED, DATEUPDATED) VALUES (7, 'referenceValueGoodsSize6033', 'en', 11000, '42.5', 1, 1, current_date, current_date);
INSERT INTO MESSAGERESOURCE(VIEWID, MESSAGEKEY, LOCALE, LOCALEREFERENCEID, MESSAGE, CREATEDBYID, UPDATEDBYID, DATECREATED, DATEUPDATED) VALUES (7, 'referenceValueGoodsSize6033', 'en_GB', 11004, 'UK 8.5', 1, 1, current_date, current_date);
INSERT INTO MESSAGERESOURCE(VIEWID, MESSAGEKEY, LOCALE, LOCALEREFERENCEID, MESSAGE, CREATEDBYID, UPDATEDBYID, DATECREATED, DATEUPDATED) VALUES (7, 'referenceValueGoodsSize6033', 'en_US', 11005, 'US 9.5', 1, 1, current_date, current_date);
INSERT INTO MESSAGERESOURCE(VIEWID, MESSAGEKEY, LOCALE, LOCALEREFERENCEID, MESSAGE, CREATEDBYID, UPDATEDBYID, DATECREATED, DATEUPDATED) VALUES (7, 'referenceValueGoodsSize6033', 'en_IE', 11003, '42.5', 1, 1, current_date, current_date);
INSERT INTO MESSAGERESOURCE(VIEWID, MESSAGEKEY, LOCALE, LOCALEREFERENCEID, MESSAGE, CREATEDBYID, UPDATEDBYID, DATECREATED, DATEUPDATED) VALUES (7, 'referenceValueGoodsSize6033', 'fr', 11001, '42.5', 1, 1, current_date, current_date);
INSERT INTO MESSAGERESOURCE(VIEWID, MESSAGEKEY, LOCALE, LOCALEREFERENCEID, MESSAGE, CREATEDBYID, UPDATEDBYID, DATECREATED, DATEUPDATED) VALUES (7, 'referenceValueGoodsSize6033', 'de', 11002, '42.5', 1, 1, current_date, current_date);
INSERT INTO MESSAGERESOURCE(VIEWID, MESSAGEKEY, LOCALE, LOCALEREFERENCEID, MESSAGE, CREATEDBYID, UPDATEDBYID, DATECREATED, DATEUPDATED) VALUES (7, 'referenceValueGoodsSize6034', 'en', 11000, '43', 1, 1, current_date, current_date);
INSERT INTO MESSAGERESOURCE(VIEWID, MESSAGEKEY, LOCALE, LOCALEREFERENCEID, MESSAGE, CREATEDBYID, UPDATEDBYID, DATECREATED, DATEUPDATED) VALUES (7, 'referenceValueGoodsSize6034', 'en_GB', 11004, 'UK 9', 1, 1, current_date, current_date);
INSERT INTO MESSAGERESOURCE(VIEWID, MESSAGEKEY, LOCALE, LOCALEREFERENCEID, MESSAGE, CREATEDBYID, UPDATEDBYID, DATECREATED, DATEUPDATED) VALUES (7, 'referenceValueGoodsSize6034', 'en_US', 11005, 'US 10', 1, 1, current_date, current_date);
INSERT INTO MESSAGERESOURCE(VIEWID, MESSAGEKEY, LOCALE, LOCALEREFERENCEID, MESSAGE, CREATEDBYID, UPDATEDBYID, DATECREATED, DATEUPDATED) VALUES (7, 'referenceValueGoodsSize6034', 'en_IE', 11003, '43', 1, 1, current_date, current_date);
INSERT INTO MESSAGERESOURCE(VIEWID, MESSAGEKEY, LOCALE, LOCALEREFERENCEID, MESSAGE, CREATEDBYID, UPDATEDBYID, DATECREATED, DATEUPDATED) VALUES (7, 'referenceValueGoodsSize6034', 'fr', 11001, '43', 1, 1, current_date, current_date);
INSERT INTO MESSAGERESOURCE(VIEWID, MESSAGEKEY, LOCALE, LOCALEREFERENCEID, MESSAGE, CREATEDBYID, UPDATEDBYID, DATECREATED, DATEUPDATED) VALUES (7, 'referenceValueGoodsSize6034', 'de', 11002, '43', 1, 1, current_date, current_date);
INSERT INTO MESSAGERESOURCE(VIEWID, MESSAGEKEY, LOCALE, LOCALEREFERENCEID, MESSAGE, CREATEDBYID, UPDATEDBYID, DATECREATED, DATEUPDATED) VALUES (7, 'referenceValueGoodsSize6035', 'en', 11000, '44', 1, 1, current_date, current_date);
INSERT INTO MESSAGERESOURCE(VIEWID, MESSAGEKEY, LOCALE, LOCALEREFERENCEID, MESSAGE, CREATEDBYID, UPDATEDBYID, DATECREATED, DATEUPDATED) VALUES (7, 'referenceValueGoodsSize6035', 'en_GB', 11004, 'UK 9.5', 1, 1, current_date, current_date);
INSERT INTO MESSAGERESOURCE(VIEWID, MESSAGEKEY, LOCALE, LOCALEREFERENCEID, MESSAGE, CREATEDBYID, UPDATEDBYID, DATECREATED, DATEUPDATED) VALUES (7, 'referenceValueGoodsSize6035', 'en_US', 11005, 'US 10.5', 1, 1, current_date, current_date);
INSERT INTO MESSAGERESOURCE(VIEWID, MESSAGEKEY, LOCALE, LOCALEREFERENCEID, MESSAGE, CREATEDBYID, UPDATEDBYID, DATECREATED, DATEUPDATED) VALUES (7, 'referenceValueGoodsSize6035', 'en_IE', 11003, '44', 1, 1, current_date, current_date);
INSERT INTO MESSAGERESOURCE(VIEWID, MESSAGEKEY, LOCALE, LOCALEREFERENCEID, MESSAGE, CREATEDBYID, UPDATEDBYID, DATECREATED, DATEUPDATED) VALUES (7, 'referenceValueGoodsSize6035', 'fr', 11001, '44', 1, 1, current_date, current_date);
INSERT INTO MESSAGERESOURCE(VIEWID, MESSAGEKEY, LOCALE, LOCALEREFERENCEID, MESSAGE, CREATEDBYID, UPDATEDBYID, DATECREATED, DATEUPDATED) VALUES (7, 'referenceValueGoodsSize6035', 'de', 11002, '44', 1, 1, current_date, current_date);
INSERT INTO MESSAGERESOURCE(VIEWID, MESSAGEKEY, LOCALE, LOCALEREFERENCEID, MESSAGE, CREATEDBYID, UPDATEDBYID, DATECREATED, DATEUPDATED) VALUES (7, 'referenceValueGoodsSize6036', 'en', 11000, '44.5', 1, 1, current_date, current_date);
INSERT INTO MESSAGERESOURCE(VIEWID, MESSAGEKEY, LOCALE, LOCALEREFERENCEID, MESSAGE, CREATEDBYID, UPDATEDBYID, DATECREATED, DATEUPDATED) VALUES (7, 'referenceValueGoodsSize6036', 'en_GB', 11004, 'UK 10', 1, 1, current_date, current_date);
INSERT INTO MESSAGERESOURCE(VIEWID, MESSAGEKEY, LOCALE, LOCALEREFERENCEID, MESSAGE, CREATEDBYID, UPDATEDBYID, DATECREATED, DATEUPDATED) VALUES (7, 'referenceValueGoodsSize6036', 'en_US', 11005, 'US 11', 1, 1, current_date, current_date);
INSERT INTO MESSAGERESOURCE(VIEWID, MESSAGEKEY, LOCALE, LOCALEREFERENCEID, MESSAGE, CREATEDBYID, UPDATEDBYID, DATECREATED, DATEUPDATED) VALUES (7, 'referenceValueGoodsSize6036', 'en_IE', 11003, '44.5', 1, 1, current_date, current_date);
INSERT INTO MESSAGERESOURCE(VIEWID, MESSAGEKEY, LOCALE, LOCALEREFERENCEID, MESSAGE, CREATEDBYID, UPDATEDBYID, DATECREATED, DATEUPDATED) VALUES (7, 'referenceValueGoodsSize6036', 'fr', 11001, '44.5', 1, 1, current_date, current_date);
INSERT INTO MESSAGERESOURCE(VIEWID, MESSAGEKEY, LOCALE, LOCALEREFERENCEID, MESSAGE, CREATEDBYID, UPDATEDBYID, DATECREATED, DATEUPDATED) VALUES (7, 'referenceValueGoodsSize6036', 'de', 11002, '44.5', 1, 1, current_date, current_date);
INSERT INTO MESSAGERESOURCE(VIEWID, MESSAGEKEY, LOCALE, LOCALEREFERENCEID, MESSAGE, CREATEDBYID, UPDATEDBYID, DATECREATED, DATEUPDATED) VALUES (7, 'referenceValueGoodsSize6037', 'en', 11000, '45', 1, 1, current_date, current_date);
INSERT INTO MESSAGERESOURCE(VIEWID, MESSAGEKEY, LOCALE, LOCALEREFERENCEID, MESSAGE, CREATEDBYID, UPDATEDBYID, DATECREATED, DATEUPDATED) VALUES (7, 'referenceValueGoodsSize6037', 'en_GB', 11004, 'UK 10.5', 1, 1, current_date, current_date);
INSERT INTO MESSAGERESOURCE(VIEWID, MESSAGEKEY, LOCALE, LOCALEREFERENCEID, MESSAGE, CREATEDBYID, UPDATEDBYID, DATECREATED, DATEUPDATED) VALUES (7, 'referenceValueGoodsSize6037', 'en_US', 11005, 'US 11.5', 1, 1, current_date, current_date);
INSERT INTO MESSAGERESOURCE(VIEWID, MESSAGEKEY, LOCALE, LOCALEREFERENCEID, MESSAGE, CREATEDBYID, UPDATEDBYID, DATECREATED, DATEUPDATED) VALUES (7, 'referenceValueGoodsSize6037', 'en_IE', 11003, '45', 1, 1, current_date, current_date);
INSERT INTO MESSAGERESOURCE(VIEWID, MESSAGEKEY, LOCALE, LOCALEREFERENCEID, MESSAGE, CREATEDBYID, UPDATEDBYID, DATECREATED, DATEUPDATED) VALUES (7, 'referenceValueGoodsSize6037', 'fr', 11001, '45', 1, 1, current_date, current_date);
INSERT INTO MESSAGERESOURCE(VIEWID, MESSAGEKEY, LOCALE, LOCALEREFERENCEID, MESSAGE, CREATEDBYID, UPDATEDBYID, DATECREATED, DATEUPDATED) VALUES (7, 'referenceValueGoodsSize6037', 'de', 11002, '45', 1, 1, current_date, current_date);
INSERT INTO MESSAGERESOURCE(VIEWID, MESSAGEKEY, LOCALE, LOCALEREFERENCEID, MESSAGE, CREATEDBYID, UPDATEDBYID, DATECREATED, DATEUPDATED) VALUES (7, 'referenceValueGoodsSize6038', 'en', 11000, '46', 1, 1, current_date, current_date);
INSERT INTO MESSAGERESOURCE(VIEWID, MESSAGEKEY, LOCALE, LOCALEREFERENCEID, MESSAGE, CREATEDBYID, UPDATEDBYID, DATECREATED, DATEUPDATED) VALUES (7, 'referenceValueGoodsSize6038', 'en_GB', 11004, 'UK 11', 1, 1, current_date, current_date);
INSERT INTO MESSAGERESOURCE(VIEWID, MESSAGEKEY, LOCALE, LOCALEREFERENCEID, MESSAGE, CREATEDBYID, UPDATEDBYID, DATECREATED, DATEUPDATED) VALUES (7, 'referenceValueGoodsSize6038', 'en_US', 11005, 'US 12', 1, 1, current_date, current_date);
INSERT INTO MESSAGERESOURCE(VIEWID, MESSAGEKEY, LOCALE, LOCALEREFERENCEID, MESSAGE, CREATEDBYID, UPDATEDBYID, DATECREATED, DATEUPDATED) VALUES (7, 'referenceValueGoodsSize6038', 'en_IE', 11003, '46', 1, 1, current_date, current_date);
INSERT INTO MESSAGERESOURCE(VIEWID, MESSAGEKEY, LOCALE, LOCALEREFERENCEID, MESSAGE, CREATEDBYID, UPDATEDBYID, DATECREATED, DATEUPDATED) VALUES (7, 'referenceValueGoodsSize6038', 'fr', 11001, '46', 1, 1, current_date, current_date);
INSERT INTO MESSAGERESOURCE(VIEWID, MESSAGEKEY, LOCALE, LOCALEREFERENCEID, MESSAGE, CREATEDBYID, UPDATEDBYID, DATECREATED, DATEUPDATED) VALUES (7, 'referenceValueGoodsSize6038', 'de', 11002, '46', 1, 1, current_date, current_date);
INSERT INTO MESSAGERESOURCE(VIEWID, MESSAGEKEY, LOCALE, LOCALEREFERENCEID, MESSAGE, CREATEDBYID, UPDATEDBYID, DATECREATED, DATEUPDATED) VALUES (7, 'referenceValueGoodsSize6039', 'en', 11000, '47', 1, 1, current_date, current_date);
INSERT INTO MESSAGERESOURCE(VIEWID, MESSAGEKEY, LOCALE, LOCALEREFERENCEID, MESSAGE, CREATEDBYID, UPDATEDBYID, DATECREATED, DATEUPDATED) VALUES (7, 'referenceValueGoodsSize6039', 'en_GB', 11004, 'UK 12', 1, 1, current_date, current_date);
INSERT INTO MESSAGERESOURCE(VIEWID, MESSAGEKEY, LOCALE, LOCALEREFERENCEID, MESSAGE, CREATEDBYID, UPDATEDBYID, DATECREATED, DATEUPDATED) VALUES (7, 'referenceValueGoodsSize6039', 'en_US', 11005, 'US 13', 1, 1, current_date, current_date);
INSERT INTO MESSAGERESOURCE(VIEWID, MESSAGEKEY, LOCALE, LOCALEREFERENCEID, MESSAGE, CREATEDBYID, UPDATEDBYID, DATECREATED, DATEUPDATED) VALUES (7, 'referenceValueGoodsSize6039', 'en_IE', 11003, '47', 1, 1, current_date, current_date);
INSERT INTO MESSAGERESOURCE(VIEWID, MESSAGEKEY, LOCALE, LOCALEREFERENCEID, MESSAGE, CREATEDBYID, UPDATEDBYID, DATECREATED, DATEUPDATED) VALUES (7, 'referenceValueGoodsSize6039', 'fr', 11001, '47', 1, 1, current_date, current_date);
INSERT INTO MESSAGERESOURCE(VIEWID, MESSAGEKEY, LOCALE, LOCALEREFERENCEID, MESSAGE, CREATEDBYID, UPDATEDBYID, DATECREATED, DATEUPDATED) VALUES (7, 'referenceValueGoodsSize6039', 'de', 11002, '47', 1, 1, current_date, current_date);
INSERT INTO MESSAGERESOURCE(VIEWID, MESSAGEKEY, LOCALE, LOCALEREFERENCEID, MESSAGE, CREATEDBYID, UPDATEDBYID, DATECREATED, DATEUPDATED) VALUES (7, 'referenceValueGoodsSize6040', 'en', 11000, 'Please select the size', 1, 1, current_date, current_date);
INSERT INTO MESSAGERESOURCE(VIEWID, MESSAGEKEY, LOCALE, LOCALEREFERENCEID, MESSAGE, CREATEDBYID, UPDATEDBYID, DATECREATED, DATEUPDATED) VALUES (7, 'referenceValueGoodsSize6041', 'en', 11000, '16', 1, 1, current_date, current_date);
INSERT INTO MESSAGERESOURCE(VIEWID, MESSAGEKEY, LOCALE, LOCALEREFERENCEID, MESSAGE, CREATEDBYID, UPDATEDBYID, DATECREATED, DATEUPDATED) VALUES (7, 'referenceValueGoodsSize6041', 'en_GB', 11004, 'UK 0.5', 1, 1, current_date, current_date);
INSERT INTO MESSAGERESOURCE(VIEWID, MESSAGEKEY, LOCALE, LOCALEREFERENCEID, MESSAGE, CREATEDBYID, UPDATEDBYID, DATECREATED, DATEUPDATED) VALUES (7, 'referenceValueGoodsSize6041', 'en_US', 11005, 'US 1', 1, 1, current_date, current_date);
INSERT INTO MESSAGERESOURCE(VIEWID, MESSAGEKEY, LOCALE, LOCALEREFERENCEID, MESSAGE, CREATEDBYID, UPDATEDBYID, DATECREATED, DATEUPDATED) VALUES (7, 'referenceValueGoodsSize6041', 'en_IE', 11003, '16', 1, 1, current_date, current_date);
INSERT INTO MESSAGERESOURCE(VIEWID, MESSAGEKEY, LOCALE, LOCALEREFERENCEID, MESSAGE, CREATEDBYID, UPDATEDBYID, DATECREATED, DATEUPDATED) VALUES (7, 'referenceValueGoodsSize6041', 'fr', 11001, '16', 1, 1, current_date, current_date);
INSERT INTO MESSAGERESOURCE(VIEWID, MESSAGEKEY, LOCALE, LOCALEREFERENCEID, MESSAGE, CREATEDBYID, UPDATEDBYID, DATECREATED, DATEUPDATED) VALUES (7, 'referenceValueGoodsSize6041', 'de', 11002, '16', 1, 1, current_date, current_date);
INSERT INTO MESSAGERESOURCE(VIEWID, MESSAGEKEY, LOCALE, LOCALEREFERENCEID, MESSAGE, CREATEDBYID, UPDATEDBYID, DATECREATED, DATEUPDATED) VALUES (7, 'referenceValueGoodsSize6042', 'en', 11000, '17', 1, 1, current_date, current_date);
INSERT INTO MESSAGERESOURCE(VIEWID, MESSAGEKEY, LOCALE, LOCALEREFERENCEID, MESSAGE, CREATEDBYID, UPDATEDBYID, DATECREATED, DATEUPDATED) VALUES (7, 'referenceValueGoodsSize6042', 'en_GB', 11004, 'UK 1.5', 1, 1, current_date, current_date);
INSERT INTO MESSAGERESOURCE(VIEWID, MESSAGEKEY, LOCALE, LOCALEREFERENCEID, MESSAGE, CREATEDBYID, UPDATEDBYID, DATECREATED, DATEUPDATED) VALUES (7, 'referenceValueGoodsSize6042', 'en_US', 11005, 'US 2', 1, 1, current_date, current_date);
INSERT INTO MESSAGERESOURCE(VIEWID, MESSAGEKEY, LOCALE, LOCALEREFERENCEID, MESSAGE, CREATEDBYID, UPDATEDBYID, DATECREATED, DATEUPDATED) VALUES (7, 'referenceValueGoodsSize6042', 'en_IE', 11003, '17', 1, 1, current_date, current_date);
INSERT INTO MESSAGERESOURCE(VIEWID, MESSAGEKEY, LOCALE, LOCALEREFERENCEID, MESSAGE, CREATEDBYID, UPDATEDBYID, DATECREATED, DATEUPDATED) VALUES (7, 'referenceValueGoodsSize6042', 'fr', 11001, '17', 1, 1, current_date, current_date);
INSERT INTO MESSAGERESOURCE(VIEWID, MESSAGEKEY, LOCALE, LOCALEREFERENCEID, MESSAGE, CREATEDBYID, UPDATEDBYID, DATECREATED, DATEUPDATED) VALUES (7, 'referenceValueGoodsSize6042', 'de', 11002, '17', 1, 1, current_date, current_date);
INSERT INTO MESSAGERESOURCE(VIEWID, MESSAGEKEY, LOCALE, LOCALEREFERENCEID, MESSAGE, CREATEDBYID, UPDATEDBYID, DATECREATED, DATEUPDATED) VALUES (7, 'referenceValueGoodsSize6043', 'en', 11000, '18', 1, 1, current_date, current_date);
INSERT INTO MESSAGERESOURCE(VIEWID, MESSAGEKEY, LOCALE, LOCALEREFERENCEID, MESSAGE, CREATEDBYID, UPDATEDBYID, DATECREATED, DATEUPDATED) VALUES (7, 'referenceValueGoodsSize6043', 'en_GB', 11004, 'UK 2.5', 1, 1, current_date, current_date);
INSERT INTO MESSAGERESOURCE(VIEWID, MESSAGEKEY, LOCALE, LOCALEREFERENCEID, MESSAGE, CREATEDBYID, UPDATEDBYID, DATECREATED, DATEUPDATED) VALUES (7, 'referenceValueGoodsSize6043', 'en_US', 11005, 'US 3', 1, 1, current_date, current_date);
INSERT INTO MESSAGERESOURCE(VIEWID, MESSAGEKEY, LOCALE, LOCALEREFERENCEID, MESSAGE, CREATEDBYID, UPDATEDBYID, DATECREATED, DATEUPDATED) VALUES (7, 'referenceValueGoodsSize6043', 'en_IE', 11003, '18', 1, 1, current_date, current_date);
INSERT INTO MESSAGERESOURCE(VIEWID, MESSAGEKEY, LOCALE, LOCALEREFERENCEID, MESSAGE, CREATEDBYID, UPDATEDBYID, DATECREATED, DATEUPDATED) VALUES (7, 'referenceValueGoodsSize6043', 'fr', 11001, '18', 1, 1, current_date, current_date);
INSERT INTO MESSAGERESOURCE(VIEWID, MESSAGEKEY, LOCALE, LOCALEREFERENCEID, MESSAGE, CREATEDBYID, UPDATEDBYID, DATECREATED, DATEUPDATED) VALUES (7, 'referenceValueGoodsSize6043', 'de', 11002, '18', 1, 1, current_date, current_date);
INSERT INTO MESSAGERESOURCE(VIEWID, MESSAGEKEY, LOCALE, LOCALEREFERENCEID, MESSAGE, CREATEDBYID, UPDATEDBYID, DATECREATED, DATEUPDATED) VALUES (7, 'referenceValueGoodsSize6044', 'en', 11000, '19', 1, 1, current_date, current_date);
INSERT INTO MESSAGERESOURCE(VIEWID, MESSAGEKEY, LOCALE, LOCALEREFERENCEID, MESSAGE, CREATEDBYID, UPDATEDBYID, DATECREATED, DATEUPDATED) VALUES (7, 'referenceValueGoodsSize6044', 'en_GB', 11004, 'UK 3.5', 1, 1, current_date, current_date);
INSERT INTO MESSAGERESOURCE(VIEWID, MESSAGEKEY, LOCALE, LOCALEREFERENCEID, MESSAGE, CREATEDBYID, UPDATEDBYID, DATECREATED, DATEUPDATED) VALUES (7, 'referenceValueGoodsSize6044', 'en_US', 11005, 'US 4', 1, 1, current_date, current_date);
INSERT INTO MESSAGERESOURCE(VIEWID, MESSAGEKEY, LOCALE, LOCALEREFERENCEID, MESSAGE, CREATEDBYID, UPDATEDBYID, DATECREATED, DATEUPDATED) VALUES (7, 'referenceValueGoodsSize6044', 'en_IE', 11003, '19', 1, 1, current_date, current_date);
INSERT INTO MESSAGERESOURCE(VIEWID, MESSAGEKEY, LOCALE, LOCALEREFERENCEID, MESSAGE, CREATEDBYID, UPDATEDBYID, DATECREATED, DATEUPDATED) VALUES (7, 'referenceValueGoodsSize6044', 'fr', 11001, '19', 1, 1, current_date, current_date);
INSERT INTO MESSAGERESOURCE(VIEWID, MESSAGEKEY, LOCALE, LOCALEREFERENCEID, MESSAGE, CREATEDBYID, UPDATEDBYID, DATECREATED, DATEUPDATED) VALUES (7, 'referenceValueGoodsSize6044', 'de', 11002, '19', 1, 1, current_date, current_date);
INSERT INTO MESSAGERESOURCE(VIEWID, MESSAGEKEY, LOCALE, LOCALEREFERENCEID, MESSAGE, CREATEDBYID, UPDATEDBYID, DATECREATED, DATEUPDATED) VALUES (7, 'referenceValueGoodsSize6045', 'en', 11000, '20', 1, 1, current_date, current_date);
INSERT INTO MESSAGERESOURCE(VIEWID, MESSAGEKEY, LOCALE, LOCALEREFERENCEID, MESSAGE, CREATEDBYID, UPDATEDBYID, DATECREATED, DATEUPDATED) VALUES (7, 'referenceValueGoodsSize6045', 'en_GB', 11004, 'UK 4', 1, 1, current_date, current_date);
INSERT INTO MESSAGERESOURCE(VIEWID, MESSAGEKEY, LOCALE, LOCALEREFERENCEID, MESSAGE, CREATEDBYID, UPDATEDBYID, DATECREATED, DATEUPDATED) VALUES (7, 'referenceValueGoodsSize6045', 'en_US', 11005, 'US 4.5', 1, 1, current_date, current_date);
INSERT INTO MESSAGERESOURCE(VIEWID, MESSAGEKEY, LOCALE, LOCALEREFERENCEID, MESSAGE, CREATEDBYID, UPDATEDBYID, DATECREATED, DATEUPDATED) VALUES (7, 'referenceValueGoodsSize6045', 'en_IE', 11003, '20', 1, 1, current_date, current_date);
INSERT INTO MESSAGERESOURCE(VIEWID, MESSAGEKEY, LOCALE, LOCALEREFERENCEID, MESSAGE, CREATEDBYID, UPDATEDBYID, DATECREATED, DATEUPDATED) VALUES (7, 'referenceValueGoodsSize6045', 'fr', 11001, '20', 1, 1, current_date, current_date);
INSERT INTO MESSAGERESOURCE(VIEWID, MESSAGEKEY, LOCALE, LOCALEREFERENCEID, MESSAGE, CREATEDBYID, UPDATEDBYID, DATECREATED, DATEUPDATED) VALUES (7, 'referenceValueGoodsSize6045', 'de', 11002, '20', 1, 1, current_date, current_date);
INSERT INTO MESSAGERESOURCE(VIEWID, MESSAGEKEY, LOCALE, LOCALEREFERENCEID, MESSAGE, CREATEDBYID, UPDATEDBYID, DATECREATED, DATEUPDATED) VALUES (7, 'referenceValueGoodsSize6046', 'en', 11000, '21', 1, 1, current_date, current_date);
INSERT INTO MESSAGERESOURCE(VIEWID, MESSAGEKEY, LOCALE, LOCALEREFERENCEID, MESSAGE, CREATEDBYID, UPDATEDBYID, DATECREATED, DATEUPDATED) VALUES (7, 'referenceValueGoodsSize6046', 'en_GB', 11004, 'UK 4.5', 1, 1, current_date, current_date);
INSERT INTO MESSAGERESOURCE(VIEWID, MESSAGEKEY, LOCALE, LOCALEREFERENCEID, MESSAGE, CREATEDBYID, UPDATEDBYID, DATECREATED, DATEUPDATED) VALUES (7, 'referenceValueGoodsSize6046', 'en_US', 11005, 'US 5', 1, 1, current_date, current_date);
INSERT INTO MESSAGERESOURCE(VIEWID, MESSAGEKEY, LOCALE, LOCALEREFERENCEID, MESSAGE, CREATEDBYID, UPDATEDBYID, DATECREATED, DATEUPDATED) VALUES (7, 'referenceValueGoodsSize6046', 'en_IE', 11003, '21', 1, 1, current_date, current_date);
INSERT INTO MESSAGERESOURCE(VIEWID, MESSAGEKEY, LOCALE, LOCALEREFERENCEID, MESSAGE, CREATEDBYID, UPDATEDBYID, DATECREATED, DATEUPDATED) VALUES (7, 'referenceValueGoodsSize6046', 'fr', 11001, '21', 1, 1, current_date, current_date);
INSERT INTO MESSAGERESOURCE(VIEWID, MESSAGEKEY, LOCALE, LOCALEREFERENCEID, MESSAGE, CREATEDBYID, UPDATEDBYID, DATECREATED, DATEUPDATED) VALUES (7, 'referenceValueGoodsSize6046', 'de', 11002, '21', 1, 1, current_date, current_date);
INSERT INTO MESSAGERESOURCE(VIEWID, MESSAGEKEY, LOCALE, LOCALEREFERENCEID, MESSAGE, CREATEDBYID, UPDATEDBYID, DATECREATED, DATEUPDATED) VALUES (7, 'referenceValueGoodsSize6047', 'en', 11000, '21.5', 1, 1, current_date, current_date);
INSERT INTO MESSAGERESOURCE(VIEWID, MESSAGEKEY, LOCALE, LOCALEREFERENCEID, MESSAGE, CREATEDBYID, UPDATEDBYID, DATECREATED, DATEUPDATED) VALUES (7, 'referenceValueGoodsSize6047', 'en_GB', 11004, 'UK 5', 1, 1, current_date, current_date);
INSERT INTO MESSAGERESOURCE(VIEWID, MESSAGEKEY, LOCALE, LOCALEREFERENCEID, MESSAGE, CREATEDBYID, UPDATEDBYID, DATECREATED, DATEUPDATED) VALUES (7, 'referenceValueGoodsSize6047', 'en_US', 11005, 'US 5.5', 1, 1, current_date, current_date);
INSERT INTO MESSAGERESOURCE(VIEWID, MESSAGEKEY, LOCALE, LOCALEREFERENCEID, MESSAGE, CREATEDBYID, UPDATEDBYID, DATECREATED, DATEUPDATED) VALUES (7, 'referenceValueGoodsSize6047', 'en_IE', 11003, '21.5', 1, 1, current_date, current_date);
INSERT INTO MESSAGERESOURCE(VIEWID, MESSAGEKEY, LOCALE, LOCALEREFERENCEID, MESSAGE, CREATEDBYID, UPDATEDBYID, DATECREATED, DATEUPDATED) VALUES (7, 'referenceValueGoodsSize6047', 'fr', 11001, '21.5', 1, 1, current_date, current_date);
INSERT INTO MESSAGERESOURCE(VIEWID, MESSAGEKEY, LOCALE, LOCALEREFERENCEID, MESSAGE, CREATEDBYID, UPDATEDBYID, DATECREATED, DATEUPDATED) VALUES (7, 'referenceValueGoodsSize6047', 'de', 11002, '21.5', 1, 1, current_date, current_date);
INSERT INTO MESSAGERESOURCE(VIEWID, MESSAGEKEY, LOCALE, LOCALEREFERENCEID, MESSAGE, CREATEDBYID, UPDATEDBYID, DATECREATED, DATEUPDATED) VALUES (7, 'referenceValueGoodsSize6048', 'en', 11000, '22', 1, 1, current_date, current_date);
INSERT INTO MESSAGERESOURCE(VIEWID, MESSAGEKEY, LOCALE, LOCALEREFERENCEID, MESSAGE, CREATEDBYID, UPDATEDBYID, DATECREATED, DATEUPDATED) VALUES (7, 'referenceValueGoodsSize6048', 'en_GB', 11004, 'UK 5.5', 1, 1, current_date, current_date);
INSERT INTO MESSAGERESOURCE(VIEWID, MESSAGEKEY, LOCALE, LOCALEREFERENCEID, MESSAGE, CREATEDBYID, UPDATEDBYID, DATECREATED, DATEUPDATED) VALUES (7, 'referenceValueGoodsSize6048', 'en_US', 11005, 'US 6', 1, 1, current_date, current_date);
INSERT INTO MESSAGERESOURCE(VIEWID, MESSAGEKEY, LOCALE, LOCALEREFERENCEID, MESSAGE, CREATEDBYID, UPDATEDBYID, DATECREATED, DATEUPDATED) VALUES (7, 'referenceValueGoodsSize6048', 'en_IE', 11003, '22', 1, 1, current_date, current_date);
INSERT INTO MESSAGERESOURCE(VIEWID, MESSAGEKEY, LOCALE, LOCALEREFERENCEID, MESSAGE, CREATEDBYID, UPDATEDBYID, DATECREATED, DATEUPDATED) VALUES (7, 'referenceValueGoodsSize6048', 'fr', 11001, '22', 1, 1, current_date, current_date);
INSERT INTO MESSAGERESOURCE(VIEWID, MESSAGEKEY, LOCALE, LOCALEREFERENCEID, MESSAGE, CREATEDBYID, UPDATEDBYID, DATECREATED, DATEUPDATED) VALUES (7, 'referenceValueGoodsSize6048', 'de', 11002, '22', 1, 1, current_date, current_date);
INSERT INTO MESSAGERESOURCE(VIEWID, MESSAGEKEY, LOCALE, LOCALEREFERENCEID, MESSAGE, CREATEDBYID, UPDATEDBYID, DATECREATED, DATEUPDATED) VALUES (7, 'referenceValueGoodsSize6049', 'en', 11000, '22.5', 1, 1, current_date, current_date);
INSERT INTO MESSAGERESOURCE(VIEWID, MESSAGEKEY, LOCALE, LOCALEREFERENCEID, MESSAGE, CREATEDBYID, UPDATEDBYID, DATECREATED, DATEUPDATED) VALUES (7, 'referenceValueGoodsSize6049', 'en_GB', 11004, 'UK 6', 1, 1, current_date, current_date);
INSERT INTO MESSAGERESOURCE(VIEWID, MESSAGEKEY, LOCALE, LOCALEREFERENCEID, MESSAGE, CREATEDBYID, UPDATEDBYID, DATECREATED, DATEUPDATED) VALUES (7, 'referenceValueGoodsSize6049', 'en_US', 11005, 'US 6.5', 1, 1, current_date, current_date);
INSERT INTO MESSAGERESOURCE(VIEWID, MESSAGEKEY, LOCALE, LOCALEREFERENCEID, MESSAGE, CREATEDBYID, UPDATEDBYID, DATECREATED, DATEUPDATED) VALUES (7, 'referenceValueGoodsSize6049', 'en_IE', 11003, '22.5', 1, 1, current_date, current_date);
INSERT INTO MESSAGERESOURCE(VIEWID, MESSAGEKEY, LOCALE, LOCALEREFERENCEID, MESSAGE, CREATEDBYID, UPDATEDBYID, DATECREATED, DATEUPDATED) VALUES (7, 'referenceValueGoodsSize6049', 'fr', 11001, '22.5', 1, 1, current_date, current_date);
INSERT INTO MESSAGERESOURCE(VIEWID, MESSAGEKEY, LOCALE, LOCALEREFERENCEID, MESSAGE, CREATEDBYID, UPDATEDBYID, DATECREATED, DATEUPDATED) VALUES (7, 'referenceValueGoodsSize6049', 'de', 11002, '22.5', 1, 1, current_date, current_date);
INSERT INTO MESSAGERESOURCE(VIEWID, MESSAGEKEY, LOCALE, LOCALEREFERENCEID, MESSAGE, CREATEDBYID, UPDATEDBYID, DATECREATED, DATEUPDATED) VALUES (7, 'referenceValueGoodsSize6050', 'en', 11000, '23.5', 1, 1, current_date, current_date);
INSERT INTO MESSAGERESOURCE(VIEWID, MESSAGEKEY, LOCALE, LOCALEREFERENCEID, MESSAGE, CREATEDBYID, UPDATEDBYID, DATECREATED, DATEUPDATED) VALUES (7, 'referenceValueGoodsSize6050', 'en_GB', 11004, 'UK 6.5', 1, 1, current_date, current_date);
INSERT INTO MESSAGERESOURCE(VIEWID, MESSAGEKEY, LOCALE, LOCALEREFERENCEID, MESSAGE, CREATEDBYID, UPDATEDBYID, DATECREATED, DATEUPDATED) VALUES (7, 'referenceValueGoodsSize6050', 'en_US', 11005, 'US 7', 1, 1, current_date, current_date);
INSERT INTO MESSAGERESOURCE(VIEWID, MESSAGEKEY, LOCALE, LOCALEREFERENCEID, MESSAGE, CREATEDBYID, UPDATEDBYID, DATECREATED, DATEUPDATED) VALUES (7, 'referenceValueGoodsSize6050', 'en_IE', 11003, '23.5', 1, 1, current_date, current_date);
INSERT INTO MESSAGERESOURCE(VIEWID, MESSAGEKEY, LOCALE, LOCALEREFERENCEID, MESSAGE, CREATEDBYID, UPDATEDBYID, DATECREATED, DATEUPDATED) VALUES (7, 'referenceValueGoodsSize6050', 'fr', 11001, '23.5', 1, 1, current_date, current_date);
INSERT INTO MESSAGERESOURCE(VIEWID, MESSAGEKEY, LOCALE, LOCALEREFERENCEID, MESSAGE, CREATEDBYID, UPDATEDBYID, DATECREATED, DATEUPDATED) VALUES (7, 'referenceValueGoodsSize6050', 'de', 11002, '23.5', 1, 1, current_date, current_date);
INSERT INTO MESSAGERESOURCE(VIEWID, MESSAGEKEY, LOCALE, LOCALEREFERENCEID, MESSAGE, CREATEDBYID, UPDATEDBYID, DATECREATED, DATEUPDATED) VALUES (7, 'referenceValueGoodsSize6051', 'en', 11000, '24', 1, 1, current_date, current_date);
INSERT INTO MESSAGERESOURCE(VIEWID, MESSAGEKEY, LOCALE, LOCALEREFERENCEID, MESSAGE, CREATEDBYID, UPDATEDBYID, DATECREATED, DATEUPDATED) VALUES (7, 'referenceValueGoodsSize6051', 'en_GB', 11004, 'UK 7', 1, 1, current_date, current_date);
INSERT INTO MESSAGERESOURCE(VIEWID, MESSAGEKEY, LOCALE, LOCALEREFERENCEID, MESSAGE, CREATEDBYID, UPDATEDBYID, DATECREATED, DATEUPDATED) VALUES (7, 'referenceValueGoodsSize6051', 'en_US', 11005, 'US 7.5', 1, 1, current_date, current_date);
INSERT INTO MESSAGERESOURCE(VIEWID, MESSAGEKEY, LOCALE, LOCALEREFERENCEID, MESSAGE, CREATEDBYID, UPDATEDBYID, DATECREATED, DATEUPDATED) VALUES (7, 'referenceValueGoodsSize6051', 'en_IE', 11003, '24', 1, 1, current_date, current_date);
INSERT INTO MESSAGERESOURCE(VIEWID, MESSAGEKEY, LOCALE, LOCALEREFERENCEID, MESSAGE, CREATEDBYID, UPDATEDBYID, DATECREATED, DATEUPDATED) VALUES (7, 'referenceValueGoodsSize6051', 'fr', 11001, '24', 1, 1, current_date, current_date);
INSERT INTO MESSAGERESOURCE(VIEWID, MESSAGEKEY, LOCALE, LOCALEREFERENCEID, MESSAGE, CREATEDBYID, UPDATEDBYID, DATECREATED, DATEUPDATED) VALUES (7, 'referenceValueGoodsSize6051', 'de', 11002, '24', 1, 1, current_date, current_date);
INSERT INTO MESSAGERESOURCE(VIEWID, MESSAGEKEY, LOCALE, LOCALEREFERENCEID, MESSAGE, CREATEDBYID, UPDATEDBYID, DATECREATED, DATEUPDATED) VALUES (7, 'referenceValueGoodsSize6052', 'en', 11000, '24.5', 1, 1, current_date, current_date);
INSERT INTO MESSAGERESOURCE(VIEWID, MESSAGEKEY, LOCALE, LOCALEREFERENCEID, MESSAGE, CREATEDBYID, UPDATEDBYID, DATECREATED, DATEUPDATED) VALUES (7, 'referenceValueGoodsSize6052', 'en_GB', 11004, 'UK 7.5', 1, 1, current_date, current_date);
INSERT INTO MESSAGERESOURCE(VIEWID, MESSAGEKEY, LOCALE, LOCALEREFERENCEID, MESSAGE, CREATEDBYID, UPDATEDBYID, DATECREATED, DATEUPDATED) VALUES (7, 'referenceValueGoodsSize6052', 'en_US', 11005, 'US 8', 1, 1, current_date, current_date);
INSERT INTO MESSAGERESOURCE(VIEWID, MESSAGEKEY, LOCALE, LOCALEREFERENCEID, MESSAGE, CREATEDBYID, UPDATEDBYID, DATECREATED, DATEUPDATED) VALUES (7, 'referenceValueGoodsSize6052', 'en_IE', 11003, '24.5', 1, 1, current_date, current_date);
INSERT INTO MESSAGERESOURCE(VIEWID, MESSAGEKEY, LOCALE, LOCALEREFERENCEID, MESSAGE, CREATEDBYID, UPDATEDBYID, DATECREATED, DATEUPDATED) VALUES (7, 'referenceValueGoodsSize6052', 'fr', 11001, '24.5', 1, 1, current_date, current_date);
INSERT INTO MESSAGERESOURCE(VIEWID, MESSAGEKEY, LOCALE, LOCALEREFERENCEID, MESSAGE, CREATEDBYID, UPDATEDBYID, DATECREATED, DATEUPDATED) VALUES (7, 'referenceValueGoodsSize6052', 'de', 11002, '24.5', 1, 1, current_date, current_date);
INSERT INTO MESSAGERESOURCE(VIEWID, MESSAGEKEY, LOCALE, LOCALEREFERENCEID, MESSAGE, CREATEDBYID, UPDATEDBYID, DATECREATED, DATEUPDATED) VALUES (7, 'referenceValueGoodsSize6053', 'en', 11000, '25', 1, 1, current_date, current_date);
INSERT INTO MESSAGERESOURCE(VIEWID, MESSAGEKEY, LOCALE, LOCALEREFERENCEID, MESSAGE, CREATEDBYID, UPDATEDBYID, DATECREATED, DATEUPDATED) VALUES (7, 'referenceValueGoodsSize6053', 'en_GB', 11004, 'UK 8', 1, 1, current_date, current_date);
INSERT INTO MESSAGERESOURCE(VIEWID, MESSAGEKEY, LOCALE, LOCALEREFERENCEID, MESSAGE, CREATEDBYID, UPDATEDBYID, DATECREATED, DATEUPDATED) VALUES (7, 'referenceValueGoodsSize6053', 'en_US', 11005, 'US 8.5', 1, 1, current_date, current_date);
INSERT INTO MESSAGERESOURCE(VIEWID, MESSAGEKEY, LOCALE, LOCALEREFERENCEID, MESSAGE, CREATEDBYID, UPDATEDBYID, DATECREATED, DATEUPDATED) VALUES (7, 'referenceValueGoodsSize6053', 'en_IE', 11003, '25', 1, 1, current_date, current_date);
INSERT INTO MESSAGERESOURCE(VIEWID, MESSAGEKEY, LOCALE, LOCALEREFERENCEID, MESSAGE, CREATEDBYID, UPDATEDBYID, DATECREATED, DATEUPDATED) VALUES (7, 'referenceValueGoodsSize6053', 'fr', 11001, '25', 1, 1, current_date, current_date);
INSERT INTO MESSAGERESOURCE(VIEWID, MESSAGEKEY, LOCALE, LOCALEREFERENCEID, MESSAGE, CREATEDBYID, UPDATEDBYID, DATECREATED, DATEUPDATED) VALUES (7, 'referenceValueGoodsSize6053', 'de', 11002, '25', 1, 1, current_date, current_date);
INSERT INTO MESSAGERESOURCE(VIEWID, MESSAGEKEY, LOCALE, LOCALEREFERENCEID, MESSAGE, CREATEDBYID, UPDATEDBYID, DATECREATED, DATEUPDATED) VALUES (7, 'referenceValueGoodsSize6054', 'en', 11000, '25.5', 1, 1, current_date, current_date);
INSERT INTO MESSAGERESOURCE(VIEWID, MESSAGEKEY, LOCALE, LOCALEREFERENCEID, MESSAGE, CREATEDBYID, UPDATEDBYID, DATECREATED, DATEUPDATED) VALUES (7, 'referenceValueGoodsSize6054', 'en_GB', 11004, 'UK 8.5', 1, 1, current_date, current_date);
INSERT INTO MESSAGERESOURCE(VIEWID, MESSAGEKEY, LOCALE, LOCALEREFERENCEID, MESSAGE, CREATEDBYID, UPDATEDBYID, DATECREATED, DATEUPDATED) VALUES (7, 'referenceValueGoodsSize6054', 'en_US', 11005, 'US 9', 1, 1, current_date, current_date);
INSERT INTO MESSAGERESOURCE(VIEWID, MESSAGEKEY, LOCALE, LOCALEREFERENCEID, MESSAGE, CREATEDBYID, UPDATEDBYID, DATECREATED, DATEUPDATED) VALUES (7, 'referenceValueGoodsSize6054', 'en_IE', 11003, '25.5', 1, 1, current_date, current_date);
INSERT INTO MESSAGERESOURCE(VIEWID, MESSAGEKEY, LOCALE, LOCALEREFERENCEID, MESSAGE, CREATEDBYID, UPDATEDBYID, DATECREATED, DATEUPDATED) VALUES (7, 'referenceValueGoodsSize6054', 'fr', 11001, '25.5', 1, 1, current_date, current_date);
INSERT INTO MESSAGERESOURCE(VIEWID, MESSAGEKEY, LOCALE, LOCALEREFERENCEID, MESSAGE, CREATEDBYID, UPDATEDBYID, DATECREATED, DATEUPDATED) VALUES (7, 'referenceValueGoodsSize6054', 'de', 11002, '25.5', 1, 1, current_date, current_date);
INSERT INTO MESSAGERESOURCE(VIEWID, MESSAGEKEY, LOCALE, LOCALEREFERENCEID, MESSAGE, CREATEDBYID, UPDATEDBYID, DATECREATED, DATEUPDATED) VALUES (7, 'referenceValueGoodsSize6055', 'en', 11000, '26', 1, 1, current_date, current_date);
INSERT INTO MESSAGERESOURCE(VIEWID, MESSAGEKEY, LOCALE, LOCALEREFERENCEID, MESSAGE, CREATEDBYID, UPDATEDBYID, DATECREATED, DATEUPDATED) VALUES (7, 'referenceValueGoodsSize6055', 'en_GB', 11004, 'UK 9', 1, 1, current_date, current_date);
INSERT INTO MESSAGERESOURCE(VIEWID, MESSAGEKEY, LOCALE, LOCALEREFERENCEID, MESSAGE, CREATEDBYID, UPDATEDBYID, DATECREATED, DATEUPDATED) VALUES (7, 'referenceValueGoodsSize6055', 'en_US', 11005, 'US 9.5', 1, 1, current_date, current_date);
INSERT INTO MESSAGERESOURCE(VIEWID, MESSAGEKEY, LOCALE, LOCALEREFERENCEID, MESSAGE, CREATEDBYID, UPDATEDBYID, DATECREATED, DATEUPDATED) VALUES (7, 'referenceValueGoodsSize6055', 'en_IE', 11003, '26', 1, 1, current_date, current_date);
INSERT INTO MESSAGERESOURCE(VIEWID, MESSAGEKEY, LOCALE, LOCALEREFERENCEID, MESSAGE, CREATEDBYID, UPDATEDBYID, DATECREATED, DATEUPDATED) VALUES (7, 'referenceValueGoodsSize6055', 'fr', 11001, '26', 1, 1, current_date, current_date);
INSERT INTO MESSAGERESOURCE(VIEWID, MESSAGEKEY, LOCALE, LOCALEREFERENCEID, MESSAGE, CREATEDBYID, UPDATEDBYID, DATECREATED, DATEUPDATED) VALUES (7, 'referenceValueGoodsSize6055', 'de', 11002, '26', 1, 1, current_date, current_date);
INSERT INTO MESSAGERESOURCE(VIEWID, MESSAGEKEY, LOCALE, LOCALEREFERENCEID, MESSAGE, CREATEDBYID, UPDATEDBYID, DATECREATED, DATEUPDATED) VALUES (7, 'referenceValueGoodsSize6056', 'en', 11000, '26.5', 1, 1, current_date, current_date);
INSERT INTO MESSAGERESOURCE(VIEWID, MESSAGEKEY, LOCALE, LOCALEREFERENCEID, MESSAGE, CREATEDBYID, UPDATEDBYID, DATECREATED, DATEUPDATED) VALUES (7, 'referenceValueGoodsSize6056', 'en_GB', 11004, 'UK 9.5', 1, 1, current_date, current_date);
INSERT INTO MESSAGERESOURCE(VIEWID, MESSAGEKEY, LOCALE, LOCALEREFERENCEID, MESSAGE, CREATEDBYID, UPDATEDBYID, DATECREATED, DATEUPDATED) VALUES (7, 'referenceValueGoodsSize6056', 'en_US', 11005, 'US 10', 1, 1, current_date, current_date);
INSERT INTO MESSAGERESOURCE(VIEWID, MESSAGEKEY, LOCALE, LOCALEREFERENCEID, MESSAGE, CREATEDBYID, UPDATEDBYID, DATECREATED, DATEUPDATED) VALUES (7, 'referenceValueGoodsSize6056', 'en_IE', 11003, '26.5', 1, 1, current_date, current_date);
INSERT INTO MESSAGERESOURCE(VIEWID, MESSAGEKEY, LOCALE, LOCALEREFERENCEID, MESSAGE, CREATEDBYID, UPDATEDBYID, DATECREATED, DATEUPDATED) VALUES (7, 'referenceValueGoodsSize6056', 'fr', 11001, '26.5', 1, 1, current_date, current_date);
INSERT INTO MESSAGERESOURCE(VIEWID, MESSAGEKEY, LOCALE, LOCALEREFERENCEID, MESSAGE, CREATEDBYID, UPDATEDBYID, DATECREATED, DATEUPDATED) VALUES (7, 'referenceValueGoodsSize6056', 'de', 11002, '26.5', 1, 1, current_date, current_date);
INSERT INTO MESSAGERESOURCE(VIEWID, MESSAGEKEY, LOCALE, LOCALEREFERENCEID, MESSAGE, CREATEDBYID, UPDATEDBYID, DATECREATED, DATEUPDATED) VALUES (7, 'referenceValueGoodsSize6057', 'en', 11000, '27', 1, 1, current_date, current_date);
INSERT INTO MESSAGERESOURCE(VIEWID, MESSAGEKEY, LOCALE, LOCALEREFERENCEID, MESSAGE, CREATEDBYID, UPDATEDBYID, DATECREATED, DATEUPDATED) VALUES (7, 'referenceValueGoodsSize6057', 'en_GB', 11004, 'UK 10', 1, 1, current_date, current_date);
INSERT INTO MESSAGERESOURCE(VIEWID, MESSAGEKEY, LOCALE, LOCALEREFERENCEID, MESSAGE, CREATEDBYID, UPDATEDBYID, DATECREATED, DATEUPDATED) VALUES (7, 'referenceValueGoodsSize6057', 'en_US', 11005, 'US 10.5', 1, 1, current_date, current_date);
INSERT INTO MESSAGERESOURCE(VIEWID, MESSAGEKEY, LOCALE, LOCALEREFERENCEID, MESSAGE, CREATEDBYID, UPDATEDBYID, DATECREATED, DATEUPDATED) VALUES (7, 'referenceValueGoodsSize6057', 'en_IE', 11003, '27', 1, 1, current_date, current_date);
INSERT INTO MESSAGERESOURCE(VIEWID, MESSAGEKEY, LOCALE, LOCALEREFERENCEID, MESSAGE, CREATEDBYID, UPDATEDBYID, DATECREATED, DATEUPDATED) VALUES (7, 'referenceValueGoodsSize6057', 'fr', 11001, '27', 1, 1, current_date, current_date);
INSERT INTO MESSAGERESOURCE(VIEWID, MESSAGEKEY, LOCALE, LOCALEREFERENCEID, MESSAGE, CREATEDBYID, UPDATEDBYID, DATECREATED, DATEUPDATED) VALUES (7, 'referenceValueGoodsSize6057', 'de', 11002, '27', 1, 1, current_date, current_date);
INSERT INTO MESSAGERESOURCE(VIEWID, MESSAGEKEY, LOCALE, LOCALEREFERENCEID, MESSAGE, CREATEDBYID, UPDATEDBYID, DATECREATED, DATEUPDATED) VALUES (7, 'referenceValueGoodsSize6058', 'en', 11000, '27.5', 1, 1, current_date, current_date);
INSERT INTO MESSAGERESOURCE(VIEWID, MESSAGEKEY, LOCALE, LOCALEREFERENCEID, MESSAGE, CREATEDBYID, UPDATEDBYID, DATECREATED, DATEUPDATED) VALUES (7, 'referenceValueGoodsSize6058', 'en_GB', 11004, 'UK 10.5', 1, 1, current_date, current_date);
INSERT INTO MESSAGERESOURCE(VIEWID, MESSAGEKEY, LOCALE, LOCALEREFERENCEID, MESSAGE, CREATEDBYID, UPDATEDBYID, DATECREATED, DATEUPDATED) VALUES (7, 'referenceValueGoodsSize6058', 'en_US', 11005, 'US 11', 1, 1, current_date, current_date);
INSERT INTO MESSAGERESOURCE(VIEWID, MESSAGEKEY, LOCALE, LOCALEREFERENCEID, MESSAGE, CREATEDBYID, UPDATEDBYID, DATECREATED, DATEUPDATED) VALUES (7, 'referenceValueGoodsSize6058', 'en_IE', 11003, '27.5', 1, 1, current_date, current_date);
INSERT INTO MESSAGERESOURCE(VIEWID, MESSAGEKEY, LOCALE, LOCALEREFERENCEID, MESSAGE, CREATEDBYID, UPDATEDBYID, DATECREATED, DATEUPDATED) VALUES (7, 'referenceValueGoodsSize6058', 'fr', 11001, '27.5', 1, 1, current_date, current_date);
INSERT INTO MESSAGERESOURCE(VIEWID, MESSAGEKEY, LOCALE, LOCALEREFERENCEID, MESSAGE, CREATEDBYID, UPDATEDBYID, DATECREATED, DATEUPDATED) VALUES (7, 'referenceValueGoodsSize6058', 'de', 11002, '27.5', 1, 1, current_date, current_date);
INSERT INTO MESSAGERESOURCE(VIEWID, MESSAGEKEY, LOCALE, LOCALEREFERENCEID, MESSAGE, CREATEDBYID, UPDATEDBYID, DATECREATED, DATEUPDATED) VALUES (7, 'referenceValueGoodsSize6059', 'en', 11000, '28', 1, 1, current_date, current_date);
INSERT INTO MESSAGERESOURCE(VIEWID, MESSAGEKEY, LOCALE, LOCALEREFERENCEID, MESSAGE, CREATEDBYID, UPDATEDBYID, DATECREATED, DATEUPDATED) VALUES (7, 'referenceValueGoodsSize6059', 'en_GB', 11004, 'UK 11', 1, 1, current_date, current_date);
INSERT INTO MESSAGERESOURCE(VIEWID, MESSAGEKEY, LOCALE, LOCALEREFERENCEID, MESSAGE, CREATEDBYID, UPDATEDBYID, DATECREATED, DATEUPDATED) VALUES (7, 'referenceValueGoodsSize6059', 'en_US', 11005, 'US 11.5', 1, 1, current_date, current_date);
INSERT INTO MESSAGERESOURCE(VIEWID, MESSAGEKEY, LOCALE, LOCALEREFERENCEID, MESSAGE, CREATEDBYID, UPDATEDBYID, DATECREATED, DATEUPDATED) VALUES (7, 'referenceValueGoodsSize6059', 'en_IE', 11003, '28', 1, 1, current_date, current_date);
INSERT INTO MESSAGERESOURCE(VIEWID, MESSAGEKEY, LOCALE, LOCALEREFERENCEID, MESSAGE, CREATEDBYID, UPDATEDBYID, DATECREATED, DATEUPDATED) VALUES (7, 'referenceValueGoodsSize6059', 'fr', 11001, '28', 1, 1, current_date, current_date);
INSERT INTO MESSAGERESOURCE(VIEWID, MESSAGEKEY, LOCALE, LOCALEREFERENCEID, MESSAGE, CREATEDBYID, UPDATEDBYID, DATECREATED, DATEUPDATED) VALUES (7, 'referenceValueGoodsSize6059', 'de', 11002, '28', 1, 1, current_date, current_date);
INSERT INTO MESSAGERESOURCE(VIEWID, MESSAGEKEY, LOCALE, LOCALEREFERENCEID, MESSAGE, CREATEDBYID, UPDATEDBYID, DATECREATED, DATEUPDATED) VALUES (7, 'referenceValueGoodsSize6060', 'en', 11000, '29', 1, 1, current_date, current_date);
INSERT INTO MESSAGERESOURCE(VIEWID, MESSAGEKEY, LOCALE, LOCALEREFERENCEID, MESSAGE, CREATEDBYID, UPDATEDBYID, DATECREATED, DATEUPDATED) VALUES (7, 'referenceValueGoodsSize6060', 'en_GB', 11004, 'UK 11.5', 1, 1, current_date, current_date);
INSERT INTO MESSAGERESOURCE(VIEWID, MESSAGEKEY, LOCALE, LOCALEREFERENCEID, MESSAGE, CREATEDBYID, UPDATEDBYID, DATECREATED, DATEUPDATED) VALUES (7, 'referenceValueGoodsSize6060', 'en_US', 11005, 'US 12', 1, 1, current_date, current_date);
INSERT INTO MESSAGERESOURCE(VIEWID, MESSAGEKEY, LOCALE, LOCALEREFERENCEID, MESSAGE, CREATEDBYID, UPDATEDBYID, DATECREATED, DATEUPDATED) VALUES (7, 'referenceValueGoodsSize6060', 'en_IE', 11003, '29', 1, 1, current_date, current_date);
INSERT INTO MESSAGERESOURCE(VIEWID, MESSAGEKEY, LOCALE, LOCALEREFERENCEID, MESSAGE, CREATEDBYID, UPDATEDBYID, DATECREATED, DATEUPDATED) VALUES (7, 'referenceValueGoodsSize6060', 'fr', 11001, '29', 1, 1, current_date, current_date);
INSERT INTO MESSAGERESOURCE(VIEWID, MESSAGEKEY, LOCALE, LOCALEREFERENCEID, MESSAGE, CREATEDBYID, UPDATEDBYID, DATECREATED, DATEUPDATED) VALUES (7, 'referenceValueGoodsSize6060', 'de', 11002, '29', 1, 1, current_date, current_date);
INSERT INTO MESSAGERESOURCE(VIEWID, MESSAGEKEY, LOCALE, LOCALEREFERENCEID, MESSAGE, CREATEDBYID, UPDATEDBYID, DATECREATED, DATEUPDATED) VALUES (7, 'referenceValueGoodsSize6061', 'en', 11000, '30', 1, 1, current_date, current_date);
INSERT INTO MESSAGERESOURCE(VIEWID, MESSAGEKEY, LOCALE, LOCALEREFERENCEID, MESSAGE, CREATEDBYID, UPDATEDBYID, DATECREATED, DATEUPDATED) VALUES (7, 'referenceValueGoodsSize6061', 'en_GB', 11004, 'UK 12', 1, 1, current_date, current_date);
INSERT INTO MESSAGERESOURCE(VIEWID, MESSAGEKEY, LOCALE, LOCALEREFERENCEID, MESSAGE, CREATEDBYID, UPDATEDBYID, DATECREATED, DATEUPDATED) VALUES (7, 'referenceValueGoodsSize6061', 'en_US', 11005, 'US 12.5', 1, 1, current_date, current_date);
INSERT INTO MESSAGERESOURCE(VIEWID, MESSAGEKEY, LOCALE, LOCALEREFERENCEID, MESSAGE, CREATEDBYID, UPDATEDBYID, DATECREATED, DATEUPDATED) VALUES (7, 'referenceValueGoodsSize6061', 'en_IE', 11003, '30', 1, 1, current_date, current_date);
INSERT INTO MESSAGERESOURCE(VIEWID, MESSAGEKEY, LOCALE, LOCALEREFERENCEID, MESSAGE, CREATEDBYID, UPDATEDBYID, DATECREATED, DATEUPDATED) VALUES (7, 'referenceValueGoodsSize6061', 'fr', 11001, '30', 1, 1, current_date, current_date);
INSERT INTO MESSAGERESOURCE(VIEWID, MESSAGEKEY, LOCALE, LOCALEREFERENCEID, MESSAGE, CREATEDBYID, UPDATEDBYID, DATECREATED, DATEUPDATED) VALUES (7, 'referenceValueGoodsSize6061', 'de', 11002, '30', 1, 1, current_date, current_date);
INSERT INTO MESSAGERESOURCE(VIEWID, MESSAGEKEY, LOCALE, LOCALEREFERENCEID, MESSAGE, CREATEDBYID, UPDATEDBYID, DATECREATED, DATEUPDATED) VALUES (7, 'referenceValueGoodsSize6062', 'en', 11000, '30.5', 1, 1, current_date, current_date);
INSERT INTO MESSAGERESOURCE(VIEWID, MESSAGEKEY, LOCALE, LOCALEREFERENCEID, MESSAGE, CREATEDBYID, UPDATEDBYID, DATECREATED, DATEUPDATED) VALUES (7, 'referenceValueGoodsSize6062', 'en_GB', 11004, 'UK 12.5', 1, 1, current_date, current_date);
INSERT INTO MESSAGERESOURCE(VIEWID, MESSAGEKEY, LOCALE, LOCALEREFERENCEID, MESSAGE, CREATEDBYID, UPDATEDBYID, DATECREATED, DATEUPDATED) VALUES (7, 'referenceValueGoodsSize6062', 'en_US', 11005, 'US 13', 1, 1, current_date, current_date);
INSERT INTO MESSAGERESOURCE(VIEWID, MESSAGEKEY, LOCALE, LOCALEREFERENCEID, MESSAGE, CREATEDBYID, UPDATEDBYID, DATECREATED, DATEUPDATED) VALUES (7, 'referenceValueGoodsSize6062', 'en_IE', 11003, '30.5', 1, 1, current_date, current_date);
INSERT INTO MESSAGERESOURCE(VIEWID, MESSAGEKEY, LOCALE, LOCALEREFERENCEID, MESSAGE, CREATEDBYID, UPDATEDBYID, DATECREATED, DATEUPDATED) VALUES (7, 'referenceValueGoodsSize6062', 'fr', 11001, '30.5', 1, 1, current_date, current_date);
INSERT INTO MESSAGERESOURCE(VIEWID, MESSAGEKEY, LOCALE, LOCALEREFERENCEID, MESSAGE, CREATEDBYID, UPDATEDBYID, DATECREATED, DATEUPDATED) VALUES (7, 'referenceValueGoodsSize6062', 'de', 11002, '30.5', 1, 1, current_date, current_date);
INSERT INTO MESSAGERESOURCE(VIEWID, MESSAGEKEY, LOCALE, LOCALEREFERENCEID, MESSAGE, CREATEDBYID, UPDATEDBYID, DATECREATED, DATEUPDATED) VALUES (7, 'referenceValueGoodsSize6063', 'en', 11000, '31', 1, 1, current_date, current_date);
INSERT INTO MESSAGERESOURCE(VIEWID, MESSAGEKEY, LOCALE, LOCALEREFERENCEID, MESSAGE, CREATEDBYID, UPDATEDBYID, DATECREATED, DATEUPDATED) VALUES (7, 'referenceValueGoodsSize6063', 'en_GB', 11004, 'UK 13', 1, 1, current_date, current_date);
INSERT INTO MESSAGERESOURCE(VIEWID, MESSAGEKEY, LOCALE, LOCALEREFERENCEID, MESSAGE, CREATEDBYID, UPDATEDBYID, DATECREATED, DATEUPDATED) VALUES (7, 'referenceValueGoodsSize6063', 'en_US', 11005, 'US 13.5', 1, 1, current_date, current_date);
INSERT INTO MESSAGERESOURCE(VIEWID, MESSAGEKEY, LOCALE, LOCALEREFERENCEID, MESSAGE, CREATEDBYID, UPDATEDBYID, DATECREATED, DATEUPDATED) VALUES (7, 'referenceValueGoodsSize6063', 'en_IE', 11003, '31', 1, 1, current_date, current_date);
INSERT INTO MESSAGERESOURCE(VIEWID, MESSAGEKEY, LOCALE, LOCALEREFERENCEID, MESSAGE, CREATEDBYID, UPDATEDBYID, DATECREATED, DATEUPDATED) VALUES (7, 'referenceValueGoodsSize6063', 'fr', 11001, '31', 1, 1, current_date, current_date);
INSERT INTO MESSAGERESOURCE(VIEWID, MESSAGEKEY, LOCALE, LOCALEREFERENCEID, MESSAGE, CREATEDBYID, UPDATEDBYID, DATECREATED, DATEUPDATED) VALUES (7, 'referenceValueGoodsSize6063', 'de', 11002, '31', 1, 1, current_date, current_date);
INSERT INTO MESSAGERESOURCE(VIEWID, MESSAGEKEY, LOCALE, LOCALEREFERENCEID, MESSAGE, CREATEDBYID, UPDATEDBYID, DATECREATED, DATEUPDATED) VALUES (7, 'referenceValueGoodsSize6064', 'en', 11000, '31.5', 1, 1, current_date, current_date);
INSERT INTO MESSAGERESOURCE(VIEWID, MESSAGEKEY, LOCALE, LOCALEREFERENCEID, MESSAGE, CREATEDBYID, UPDATEDBYID, DATECREATED, DATEUPDATED) VALUES (7, 'referenceValueGoodsSize6064', 'en_GB', 11004, 'UK 13.5', 1, 1, current_date, current_date);
INSERT INTO MESSAGERESOURCE(VIEWID, MESSAGEKEY, LOCALE, LOCALEREFERENCEID, MESSAGE, CREATEDBYID, UPDATEDBYID, DATECREATED, DATEUPDATED) VALUES (7, 'referenceValueGoodsSize6064', 'en_US', 11005, 'US 1', 1, 1, current_date, current_date);
INSERT INTO MESSAGERESOURCE(VIEWID, MESSAGEKEY, LOCALE, LOCALEREFERENCEID, MESSAGE, CREATEDBYID, UPDATEDBYID, DATECREATED, DATEUPDATED) VALUES (7, 'referenceValueGoodsSize6064', 'en_IE', 11003, '31.5', 1, 1, current_date, current_date);
INSERT INTO MESSAGERESOURCE(VIEWID, MESSAGEKEY, LOCALE, LOCALEREFERENCEID, MESSAGE, CREATEDBYID, UPDATEDBYID, DATECREATED, DATEUPDATED) VALUES (7, 'referenceValueGoodsSize6064', 'fr', 11001, '31.5', 1, 1, current_date, current_date);
INSERT INTO MESSAGERESOURCE(VIEWID, MESSAGEKEY, LOCALE, LOCALEREFERENCEID, MESSAGE, CREATEDBYID, UPDATEDBYID, DATECREATED, DATEUPDATED) VALUES (7, 'referenceValueGoodsSize6064', 'de', 11002, '31.5', 1, 1, current_date, current_date);
INSERT INTO MESSAGERESOURCE(VIEWID, MESSAGEKEY, LOCALE, LOCALEREFERENCEID, MESSAGE, CREATEDBYID, UPDATEDBYID, DATECREATED, DATEUPDATED) VALUES (7, 'referenceValueGoodsSize6065', 'en', 11000, '32', 1, 1, current_date, current_date);
INSERT INTO MESSAGERESOURCE(VIEWID, MESSAGEKEY, LOCALE, LOCALEREFERENCEID, MESSAGE, CREATEDBYID, UPDATEDBYID, DATECREATED, DATEUPDATED) VALUES (7, 'referenceValueGoodsSize6065', 'en_GB', 11004, 'UK 1', 1, 1, current_date, current_date);
INSERT INTO MESSAGERESOURCE(VIEWID, MESSAGEKEY, LOCALE, LOCALEREFERENCEID, MESSAGE, CREATEDBYID, UPDATEDBYID, DATECREATED, DATEUPDATED) VALUES (7, 'referenceValueGoodsSize6065', 'en_US', 11005, 'US 1.5', 1, 1, current_date, current_date);
INSERT INTO MESSAGERESOURCE(VIEWID, MESSAGEKEY, LOCALE, LOCALEREFERENCEID, MESSAGE, CREATEDBYID, UPDATEDBYID, DATECREATED, DATEUPDATED) VALUES (7, 'referenceValueGoodsSize6065', 'en_IE', 11003, '32', 1, 1, current_date, current_date);
INSERT INTO MESSAGERESOURCE(VIEWID, MESSAGEKEY, LOCALE, LOCALEREFERENCEID, MESSAGE, CREATEDBYID, UPDATEDBYID, DATECREATED, DATEUPDATED) VALUES (7, 'referenceValueGoodsSize6065', 'fr', 11001, '32', 1, 1, current_date, current_date);
INSERT INTO MESSAGERESOURCE(VIEWID, MESSAGEKEY, LOCALE, LOCALEREFERENCEID, MESSAGE, CREATEDBYID, UPDATEDBYID, DATECREATED, DATEUPDATED) VALUES (7, 'referenceValueGoodsSize6065', 'de', 11002, '32', 1, 1, current_date, current_date);
INSERT INTO MESSAGERESOURCE(VIEWID, MESSAGEKEY, LOCALE, LOCALEREFERENCEID, MESSAGE, CREATEDBYID, UPDATEDBYID, DATECREATED, DATEUPDATED) VALUES (7, 'referenceValueGoodsSize6066', 'en', 11000, '32.5', 1, 1, current_date, current_date);
INSERT INTO MESSAGERESOURCE(VIEWID, MESSAGEKEY, LOCALE, LOCALEREFERENCEID, MESSAGE, CREATEDBYID, UPDATEDBYID, DATECREATED, DATEUPDATED) VALUES (7, 'referenceValueGoodsSize6066', 'en_GB', 11004, 'UK 1.5', 1, 1, current_date, current_date);
INSERT INTO MESSAGERESOURCE(VIEWID, MESSAGEKEY, LOCALE, LOCALEREFERENCEID, MESSAGE, CREATEDBYID, UPDATEDBYID, DATECREATED, DATEUPDATED) VALUES (7, 'referenceValueGoodsSize6066', 'en_US', 11005, 'US 2', 1, 1, current_date, current_date);
INSERT INTO MESSAGERESOURCE(VIEWID, MESSAGEKEY, LOCALE, LOCALEREFERENCEID, MESSAGE, CREATEDBYID, UPDATEDBYID, DATECREATED, DATEUPDATED) VALUES (7, 'referenceValueGoodsSize6066', 'en_IE', 11003, '32.5', 1, 1, current_date, current_date);
INSERT INTO MESSAGERESOURCE(VIEWID, MESSAGEKEY, LOCALE, LOCALEREFERENCEID, MESSAGE, CREATEDBYID, UPDATEDBYID, DATECREATED, DATEUPDATED) VALUES (7, 'referenceValueGoodsSize6066', 'fr', 11001, '32.5', 1, 1, current_date, current_date);
INSERT INTO MESSAGERESOURCE(VIEWID, MESSAGEKEY, LOCALE, LOCALEREFERENCEID, MESSAGE, CREATEDBYID, UPDATEDBYID, DATECREATED, DATEUPDATED) VALUES (7, 'referenceValueGoodsSize6066', 'de', 11002, '32.5', 1, 1, current_date, current_date);
INSERT INTO MESSAGERESOURCE(VIEWID, MESSAGEKEY, LOCALE, LOCALEREFERENCEID, MESSAGE, CREATEDBYID, UPDATEDBYID, DATECREATED, DATEUPDATED) VALUES (7, 'referenceValueGoodsSize6067', 'en', 11000, '33', 1, 1, current_date, current_date);
INSERT INTO MESSAGERESOURCE(VIEWID, MESSAGEKEY, LOCALE, LOCALEREFERENCEID, MESSAGE, CREATEDBYID, UPDATEDBYID, DATECREATED, DATEUPDATED) VALUES (7, 'referenceValueGoodsSize6067', 'en_GB', 11004, 'UK 2', 1, 1, current_date, current_date);
INSERT INTO MESSAGERESOURCE(VIEWID, MESSAGEKEY, LOCALE, LOCALEREFERENCEID, MESSAGE, CREATEDBYID, UPDATEDBYID, DATECREATED, DATEUPDATED) VALUES (7, 'referenceValueGoodsSize6067', 'en_US', 11005, 'US 2.5', 1, 1, current_date, current_date);
INSERT INTO MESSAGERESOURCE(VIEWID, MESSAGEKEY, LOCALE, LOCALEREFERENCEID, MESSAGE, CREATEDBYID, UPDATEDBYID, DATECREATED, DATEUPDATED) VALUES (7, 'referenceValueGoodsSize6067', 'en_IE', 11003, '33', 1, 1, current_date, current_date);
INSERT INTO MESSAGERESOURCE(VIEWID, MESSAGEKEY, LOCALE, LOCALEREFERENCEID, MESSAGE, CREATEDBYID, UPDATEDBYID, DATECREATED, DATEUPDATED) VALUES (7, 'referenceValueGoodsSize6067', 'fr', 11001, '33', 1, 1, current_date, current_date);
INSERT INTO MESSAGERESOURCE(VIEWID, MESSAGEKEY, LOCALE, LOCALEREFERENCEID, MESSAGE, CREATEDBYID, UPDATEDBYID, DATECREATED, DATEUPDATED) VALUES (7, 'referenceValueGoodsSize6067', 'de', 11002, '33', 1, 1, current_date, current_date);
INSERT INTO MESSAGERESOURCE(VIEWID, MESSAGEKEY, LOCALE, LOCALEREFERENCEID, MESSAGE, CREATEDBYID, UPDATEDBYID, DATECREATED, DATEUPDATED) VALUES (7, 'referenceValueGoodsSize6068', 'en', 11000, '34', 1, 1, current_date, current_date);
INSERT INTO MESSAGERESOURCE(VIEWID, MESSAGEKEY, LOCALE, LOCALEREFERENCEID, MESSAGE, CREATEDBYID, UPDATEDBYID, DATECREATED, DATEUPDATED) VALUES (7, 'referenceValueGoodsSize6068', 'en_GB', 11004, 'UK 2.5', 1, 1, current_date, current_date);
INSERT INTO MESSAGERESOURCE(VIEWID, MESSAGEKEY, LOCALE, LOCALEREFERENCEID, MESSAGE, CREATEDBYID, UPDATEDBYID, DATECREATED, DATEUPDATED) VALUES (7, 'referenceValueGoodsSize6068', 'en_US', 11005, 'US 3', 1, 1, current_date, current_date);
INSERT INTO MESSAGERESOURCE(VIEWID, MESSAGEKEY, LOCALE, LOCALEREFERENCEID, MESSAGE, CREATEDBYID, UPDATEDBYID, DATECREATED, DATEUPDATED) VALUES (7, 'referenceValueGoodsSize6068', 'en_IE', 11003, '34', 1, 1, current_date, current_date);
INSERT INTO MESSAGERESOURCE(VIEWID, MESSAGEKEY, LOCALE, LOCALEREFERENCEID, MESSAGE, CREATEDBYID, UPDATEDBYID, DATECREATED, DATEUPDATED) VALUES (7, 'referenceValueGoodsSize6068', 'fr', 11001, '34', 1, 1, current_date, current_date);
INSERT INTO MESSAGERESOURCE(VIEWID, MESSAGEKEY, LOCALE, LOCALEREFERENCEID, MESSAGE, CREATEDBYID, UPDATEDBYID, DATECREATED, DATEUPDATED) VALUES (7, 'referenceValueGoodsSize6068', 'de', 11002, '34', 1, 1, current_date, current_date);
INSERT INTO MESSAGERESOURCE(VIEWID, MESSAGEKEY, LOCALE, LOCALEREFERENCEID, MESSAGE, CREATEDBYID, UPDATEDBYID, DATECREATED, DATEUPDATED) VALUES (7, 'referenceValueGoodsSize6069', 'en', 11000, '35', 1, 1, current_date, current_date);
INSERT INTO MESSAGERESOURCE(VIEWID, MESSAGEKEY, LOCALE, LOCALEREFERENCEID, MESSAGE, CREATEDBYID, UPDATEDBYID, DATECREATED, DATEUPDATED) VALUES (7, 'referenceValueGoodsSize6069', 'en_GB', 11004, 'UK 3', 1, 1, current_date, current_date);
INSERT INTO MESSAGERESOURCE(VIEWID, MESSAGEKEY, LOCALE, LOCALEREFERENCEID, MESSAGE, CREATEDBYID, UPDATEDBYID, DATECREATED, DATEUPDATED) VALUES (7, 'referenceValueGoodsSize6069', 'en_US', 11005, 'US 4', 1, 1, current_date, current_date);
INSERT INTO MESSAGERESOURCE(VIEWID, MESSAGEKEY, LOCALE, LOCALEREFERENCEID, MESSAGE, CREATEDBYID, UPDATEDBYID, DATECREATED, DATEUPDATED) VALUES (7, 'referenceValueGoodsSize6069', 'en_IE', 11003, '35', 1, 1, current_date, current_date);
INSERT INTO MESSAGERESOURCE(VIEWID, MESSAGEKEY, LOCALE, LOCALEREFERENCEID, MESSAGE, CREATEDBYID, UPDATEDBYID, DATECREATED, DATEUPDATED) VALUES (7, 'referenceValueGoodsSize6069', 'fr', 11001, '35', 1, 1, current_date, current_date);
INSERT INTO MESSAGERESOURCE(VIEWID, MESSAGEKEY, LOCALE, LOCALEREFERENCEID, MESSAGE, CREATEDBYID, UPDATEDBYID, DATECREATED, DATEUPDATED) VALUES (7, 'referenceValueGoodsSize6069', 'de', 11002, '35', 1, 1, current_date, current_date);
INSERT INTO MESSAGERESOURCE(VIEWID, MESSAGEKEY, LOCALE, LOCALEREFERENCEID, MESSAGE, CREATEDBYID, UPDATEDBYID, DATECREATED, DATEUPDATED) VALUES (7, 'referenceValueGoodsSize6070', 'en', 11000, '36', 1, 1, current_date, current_date);
INSERT INTO MESSAGERESOURCE(VIEWID, MESSAGEKEY, LOCALE, LOCALEREFERENCEID, MESSAGE, CREATEDBYID, UPDATEDBYID, DATECREATED, DATEUPDATED) VALUES (7, 'referenceValueGoodsSize6070', 'en_GB', 11004, 'UK 3.5', 1, 1, current_date, current_date);
INSERT INTO MESSAGERESOURCE(VIEWID, MESSAGEKEY, LOCALE, LOCALEREFERENCEID, MESSAGE, CREATEDBYID, UPDATEDBYID, DATECREATED, DATEUPDATED) VALUES (7, 'referenceValueGoodsSize6070', 'en_US', 11005, 'US 4.5', 1, 1, current_date, current_date);
INSERT INTO MESSAGERESOURCE(VIEWID, MESSAGEKEY, LOCALE, LOCALEREFERENCEID, MESSAGE, CREATEDBYID, UPDATEDBYID, DATECREATED, DATEUPDATED) VALUES (7, 'referenceValueGoodsSize6070', 'en_IE', 11003, '36', 1, 1, current_date, current_date);
INSERT INTO MESSAGERESOURCE(VIEWID, MESSAGEKEY, LOCALE, LOCALEREFERENCEID, MESSAGE, CREATEDBYID, UPDATEDBYID, DATECREATED, DATEUPDATED) VALUES (7, 'referenceValueGoodsSize6070', 'fr', 11001, '36', 1, 1, current_date, current_date);
INSERT INTO MESSAGERESOURCE(VIEWID, MESSAGEKEY, LOCALE, LOCALEREFERENCEID, MESSAGE, CREATEDBYID, UPDATEDBYID, DATECREATED, DATEUPDATED) VALUES (7, 'referenceValueGoodsSize6070', 'de', 11002, '36', 1, 1, current_date, current_date);
INSERT INTO MESSAGERESOURCE(VIEWID, MESSAGEKEY, LOCALE, LOCALEREFERENCEID, MESSAGE, CREATEDBYID, UPDATEDBYID, DATECREATED, DATEUPDATED) VALUES (7, 'referenceValueGoodsSize6071', 'en', 11000, '36.5', 1, 1, current_date, current_date);
INSERT INTO MESSAGERESOURCE(VIEWID, MESSAGEKEY, LOCALE, LOCALEREFERENCEID, MESSAGE, CREATEDBYID, UPDATEDBYID, DATECREATED, DATEUPDATED) VALUES (7, 'referenceValueGoodsSize6071', 'en_GB', 11004, 'UK 4', 1, 1, current_date, current_date);
INSERT INTO MESSAGERESOURCE(VIEWID, MESSAGEKEY, LOCALE, LOCALEREFERENCEID, MESSAGE, CREATEDBYID, UPDATEDBYID, DATECREATED, DATEUPDATED) VALUES (7, 'referenceValueGoodsSize6071', 'en_US', 11005, 'US 5', 1, 1, current_date, current_date);
INSERT INTO MESSAGERESOURCE(VIEWID, MESSAGEKEY, LOCALE, LOCALEREFERENCEID, MESSAGE, CREATEDBYID, UPDATEDBYID, DATECREATED, DATEUPDATED) VALUES (7, 'referenceValueGoodsSize6071', 'en_IE', 11003, '36.5', 1, 1, current_date, current_date);
INSERT INTO MESSAGERESOURCE(VIEWID, MESSAGEKEY, LOCALE, LOCALEREFERENCEID, MESSAGE, CREATEDBYID, UPDATEDBYID, DATECREATED, DATEUPDATED) VALUES (7, 'referenceValueGoodsSize6071', 'fr', 11001, '36.5', 1, 1, current_date, current_date);
INSERT INTO MESSAGERESOURCE(VIEWID, MESSAGEKEY, LOCALE, LOCALEREFERENCEID, MESSAGE, CREATEDBYID, UPDATEDBYID, DATECREATED, DATEUPDATED) VALUES (7, 'referenceValueGoodsSize6071', 'de', 11002, '36.5', 1, 1, current_date, current_date);
INSERT INTO MESSAGERESOURCE(VIEWID, MESSAGEKEY, LOCALE, LOCALEREFERENCEID, MESSAGE, CREATEDBYID, UPDATEDBYID, DATECREATED, DATEUPDATED) VALUES (7, 'referenceValueGoodsSize6072', 'en', 11000, '37', 1, 1, current_date, current_date);
INSERT INTO MESSAGERESOURCE(VIEWID, MESSAGEKEY, LOCALE, LOCALEREFERENCEID, MESSAGE, CREATEDBYID, UPDATEDBYID, DATECREATED, DATEUPDATED) VALUES (7, 'referenceValueGoodsSize6072', 'en_GB', 11004, 'UK 4.5', 1, 1, current_date, current_date);
INSERT INTO MESSAGERESOURCE(VIEWID, MESSAGEKEY, LOCALE, LOCALEREFERENCEID, MESSAGE, CREATEDBYID, UPDATEDBYID, DATECREATED, DATEUPDATED) VALUES (7, 'referenceValueGoodsSize6072', 'en_US', 11005, 'US 5.5', 1, 1, current_date, current_date);
INSERT INTO MESSAGERESOURCE(VIEWID, MESSAGEKEY, LOCALE, LOCALEREFERENCEID, MESSAGE, CREATEDBYID, UPDATEDBYID, DATECREATED, DATEUPDATED) VALUES (7, 'referenceValueGoodsSize6072', 'en_IE', 11003, '37', 1, 1, current_date, current_date);
INSERT INTO MESSAGERESOURCE(VIEWID, MESSAGEKEY, LOCALE, LOCALEREFERENCEID, MESSAGE, CREATEDBYID, UPDATEDBYID, DATECREATED, DATEUPDATED) VALUES (7, 'referenceValueGoodsSize6072', 'fr', 11001, '37', 1, 1, current_date, current_date);
INSERT INTO MESSAGERESOURCE(VIEWID, MESSAGEKEY, LOCALE, LOCALEREFERENCEID, MESSAGE, CREATEDBYID, UPDATEDBYID, DATECREATED, DATEUPDATED) VALUES (7, 'referenceValueGoodsSize6072', 'de', 11002, '37', 1, 1, current_date, current_date);
INSERT INTO MESSAGERESOURCE(VIEWID, MESSAGEKEY, LOCALE, LOCALEREFERENCEID, MESSAGE, CREATEDBYID, UPDATEDBYID, DATECREATED, DATEUPDATED) VALUES (7, 'referenceValueGoodsSize6073', 'en', 11000, '38', 1, 1, current_date, current_date);
INSERT INTO MESSAGERESOURCE(VIEWID, MESSAGEKEY, LOCALE, LOCALEREFERENCEID, MESSAGE, CREATEDBYID, UPDATEDBYID, DATECREATED, DATEUPDATED) VALUES (7, 'referenceValueGoodsSize6073', 'en_GB', 11004, 'UK 5', 1, 1, current_date, current_date);
INSERT INTO MESSAGERESOURCE(VIEWID, MESSAGEKEY, LOCALE, LOCALEREFERENCEID, MESSAGE, CREATEDBYID, UPDATEDBYID, DATECREATED, DATEUPDATED) VALUES (7, 'referenceValueGoodsSize6073', 'en_US', 11005, 'US 6', 1, 1, current_date, current_date);
INSERT INTO MESSAGERESOURCE(VIEWID, MESSAGEKEY, LOCALE, LOCALEREFERENCEID, MESSAGE, CREATEDBYID, UPDATEDBYID, DATECREATED, DATEUPDATED) VALUES (7, 'referenceValueGoodsSize6073', 'en_IE', 11003, '38', 1, 1, current_date, current_date);
INSERT INTO MESSAGERESOURCE(VIEWID, MESSAGEKEY, LOCALE, LOCALEREFERENCEID, MESSAGE, CREATEDBYID, UPDATEDBYID, DATECREATED, DATEUPDATED) VALUES (7, 'referenceValueGoodsSize6073', 'fr', 11001, '38', 1, 1, current_date, current_date);
INSERT INTO MESSAGERESOURCE(VIEWID, MESSAGEKEY, LOCALE, LOCALEREFERENCEID, MESSAGE, CREATEDBYID, UPDATEDBYID, DATECREATED, DATEUPDATED) VALUES (7, 'referenceValueGoodsSize6073', 'de', 11002, '38', 1, 1, current_date, current_date);
INSERT INTO MESSAGERESOURCE(VIEWID, MESSAGEKEY, LOCALE, LOCALEREFERENCEID, MESSAGE, CREATEDBYID, UPDATEDBYID, DATECREATED, DATEUPDATED) VALUES (7, 'referenceValueGoodsSize6074', 'en', 11000, 'Please select the size', 1, 1, current_date, current_date);
INSERT INTO MESSAGERESOURCE(VIEWID, MESSAGEKEY, LOCALE, LOCALEREFERENCEID, MESSAGE, CREATEDBYID, UPDATEDBYID, DATECREATED, DATEUPDATED) VALUES (7, 'referenceValueGoodsSize6075', 'en', 11000, 'Birth - 1 Year', 1, 1, current_date, current_date);
INSERT INTO MESSAGERESOURCE(VIEWID, MESSAGEKEY, LOCALE, LOCALEREFERENCEID, MESSAGE, CREATEDBYID, UPDATEDBYID, DATECREATED, DATEUPDATED) VALUES (7, 'referenceValueGoodsSize6076', 'en', 11000, '1 Year - 2 Years', 1, 1, current_date, current_date);
INSERT INTO MESSAGERESOURCE(VIEWID, MESSAGEKEY, LOCALE, LOCALEREFERENCEID, MESSAGE, CREATEDBYID, UPDATEDBYID, DATECREATED, DATEUPDATED) VALUES (7, 'referenceValueGoodsSize6077', 'en', 11000, '3-4 Years', 1, 1, current_date, current_date);
INSERT INTO MESSAGERESOURCE(VIEWID, MESSAGEKEY, LOCALE, LOCALEREFERENCEID, MESSAGE, CREATEDBYID, UPDATEDBYID, DATECREATED, DATEUPDATED) VALUES (7, 'referenceValueGoodsSize6078', 'en', 11000, '5-8 Years', 1, 1, current_date, current_date);
INSERT INTO MESSAGERESOURCE(VIEWID, MESSAGEKEY, LOCALE, LOCALEREFERENCEID, MESSAGE, CREATEDBYID, UPDATEDBYID, DATECREATED, DATEUPDATED) VALUES (7, 'referenceValueGoodsSize6079', 'en', 11000, '9-12 Years', 1, 1, current_date, current_date);
INSERT INTO MESSAGERESOURCE(VIEWID, MESSAGEKEY, LOCALE, LOCALEREFERENCEID, MESSAGE, CREATEDBYID, UPDATEDBYID, DATECREATED, DATEUPDATED) VALUES (7, 'referenceValueGoodsSize6080', 'en', 11000, '13-16 Years', 1, 1, current_date, current_date);
INSERT INTO MESSAGERESOURCE(VIEWID, MESSAGEKEY, LOCALE, LOCALEREFERENCEID, MESSAGE, CREATEDBYID, UPDATEDBYID, DATECREATED, DATEUPDATED) VALUES (7, 'referenceValueGoodsQuantity6999', 'en', 11000, 'Please select the quantity', 1, 1, current_date, current_date);
INSERT INTO MESSAGERESOURCE(VIEWID, MESSAGEKEY, LOCALE, LOCALEREFERENCEID, MESSAGE, CREATEDBYID, UPDATEDBYID, DATECREATED, DATEUPDATED) VALUES (7, 'referenceValueGoodsQuantity7000', 'en', 11000, '1', 1, 1, current_date, current_date);
INSERT INTO MESSAGERESOURCE(VIEWID, MESSAGEKEY, LOCALE, LOCALEREFERENCEID, MESSAGE, CREATEDBYID, UPDATEDBYID, DATECREATED, DATEUPDATED) VALUES (7, 'referenceValueGoodsQuantity7001', 'en', 11000, '2', 1, 1, current_date, current_date);
INSERT INTO MESSAGERESOURCE(VIEWID, MESSAGEKEY, LOCALE, LOCALEREFERENCEID, MESSAGE, CREATEDBYID, UPDATEDBYID, DATECREATED, DATEUPDATED) VALUES (7, 'referenceValueGoodsQuantity7002', 'en', 11000, '3', 1, 1, current_date, current_date);
INSERT INTO MESSAGERESOURCE(VIEWID, MESSAGEKEY, LOCALE, LOCALEREFERENCEID, MESSAGE, CREATEDBYID, UPDATEDBYID, DATECREATED, DATEUPDATED) VALUES (7, 'referenceValueGoodsQuantity7003', 'en', 11000, '4', 1, 1, current_date, current_date);
INSERT INTO MESSAGERESOURCE(VIEWID, MESSAGEKEY, LOCALE, LOCALEREFERENCEID, MESSAGE, CREATEDBYID, UPDATEDBYID, DATECREATED, DATEUPDATED) VALUES (7, 'referenceValueGoodsQuantity7004', 'en', 11000, '5', 1, 1, current_date, current_date);
INSERT INTO MESSAGERESOURCE(VIEWID, MESSAGEKEY, LOCALE, LOCALEREFERENCEID, MESSAGE, CREATEDBYID, UPDATEDBYID, DATECREATED, DATEUPDATED) VALUES (7, 'referenceValueGoodsQuantity7005', 'en', 11000, '6', 1, 1, current_date, current_date);
INSERT INTO MESSAGERESOURCE(VIEWID, MESSAGEKEY, LOCALE, LOCALEREFERENCEID, MESSAGE, CREATEDBYID, UPDATEDBYID, DATECREATED, DATEUPDATED) VALUES (7, 'referenceValueGoodsQuantity7006', 'en', 11000, '7', 1, 1, current_date, current_date);
INSERT INTO MESSAGERESOURCE(VIEWID, MESSAGEKEY, LOCALE, LOCALEREFERENCEID, MESSAGE, CREATEDBYID, UPDATEDBYID, DATECREATED, DATEUPDATED) VALUES (7, 'referenceValueGoodsQuantity7007', 'en', 11000, '8', 1, 1, current_date, current_date);
INSERT INTO MESSAGERESOURCE(VIEWID, MESSAGEKEY, LOCALE, LOCALEREFERENCEID, MESSAGE, CREATEDBYID, UPDATEDBYID, DATECREATED, DATEUPDATED) VALUES (7, 'referenceValueGoodsQuantity7008', 'en', 11000, '9', 1, 1, current_date, current_date);
INSERT INTO MESSAGERESOURCE(VIEWID, MESSAGEKEY, LOCALE, LOCALEREFERENCEID, MESSAGE, CREATEDBYID, UPDATEDBYID, DATECREATED, DATEUPDATED) VALUES (7, 'referenceValueGoodsQuantity7009', 'en', 11000, '10', 1, 1, current_date, current_date);
INSERT INTO MESSAGERESOURCE(VIEWID, MESSAGEKEY, LOCALE, LOCALEREFERENCEID, MESSAGE, CREATEDBYID, UPDATEDBYID, DATECREATED, DATEUPDATED) VALUES (7, 'referenceValueGoodsQuantity7010', 'en', 11000, '10-24', 1, 1, current_date, current_date);
INSERT INTO MESSAGERESOURCE(VIEWID, MESSAGEKEY, LOCALE, LOCALEREFERENCEID, MESSAGE, CREATEDBYID, UPDATEDBYID, DATECREATED, DATEUPDATED) VALUES (7, 'referenceValueGoodsQuantity7011', 'en', 11000, '25-49', 1, 1, current_date, current_date);
INSERT INTO MESSAGERESOURCE(VIEWID, MESSAGEKEY, LOCALE, LOCALEREFERENCEID, MESSAGE, CREATEDBYID, UPDATEDBYID, DATECREATED, DATEUPDATED) VALUES (7, 'referenceValueGoodsQuantity7012', 'en', 11000, '50-74', 1, 1, current_date, current_date);
INSERT INTO MESSAGERESOURCE(VIEWID, MESSAGEKEY, LOCALE, LOCALEREFERENCEID, MESSAGE, CREATEDBYID, UPDATEDBYID, DATECREATED, DATEUPDATED) VALUES (7, 'referenceValueGoodsQuantity7013', 'en', 11000, '75-99', 1, 1, current_date, current_date);
INSERT INTO MESSAGERESOURCE(VIEWID, MESSAGEKEY, LOCALE, LOCALEREFERENCEID, MESSAGE, CREATEDBYID, UPDATEDBYID, DATECREATED, DATEUPDATED) VALUES (7, 'referenceValueGoodsQuantity7014', 'en', 11000, '100+', 1, 1, current_date, current_date);
INSERT INTO MESSAGERESOURCE(VIEWID, MESSAGEKEY, LOCALE, LOCALEREFERENCEID, MESSAGE, CREATEDBYID, UPDATEDBYID, DATECREATED, DATEUPDATED) VALUES (7, 'referenceValueGoodsQuantity7015', 'en', 11000, 'Please select the quantity', 1, 1, current_date, current_date);
INSERT INTO MESSAGERESOURCE(VIEWID, MESSAGEKEY, LOCALE, LOCALEREFERENCEID, MESSAGE, CREATEDBYID, UPDATEDBYID, DATECREATED, DATEUPDATED) VALUES (7, 'referenceValueGoodsQuantity7016', 'en', 11000, '10 kilos = 1 Black Bag', 1, 1, current_date, current_date);
INSERT INTO MESSAGERESOURCE(VIEWID, MESSAGEKEY, LOCALE, LOCALEREFERENCEID, MESSAGE, CREATEDBYID, UPDATEDBYID, DATECREATED, DATEUPDATED) VALUES (7, 'referenceValueGoodsQuantity7017', 'en', 11000, '20 kilos = 2 Black Bags', 1, 1, current_date, current_date);
INSERT INTO MESSAGERESOURCE(VIEWID, MESSAGEKEY, LOCALE, LOCALEREFERENCEID, MESSAGE, CREATEDBYID, UPDATEDBYID, DATECREATED, DATEUPDATED) VALUES (7, 'referenceValueGoodsQuantity7018', 'en', 11000, '30 kilos = 3 Black Bags', 1, 1, current_date, current_date);
INSERT INTO MESSAGERESOURCE(VIEWID, MESSAGEKEY, LOCALE, LOCALEREFERENCEID, MESSAGE, CREATEDBYID, UPDATEDBYID, DATECREATED, DATEUPDATED) VALUES (7, 'referenceValueGoodsQuantity7019', 'en', 11000, '40 kilos = 4 Black Bags', 1, 1, current_date, current_date);
INSERT INTO MESSAGERESOURCE(VIEWID, MESSAGEKEY, LOCALE, LOCALEREFERENCEID, MESSAGE, CREATEDBYID, UPDATEDBYID, DATECREATED, DATEUPDATED) VALUES (7, 'referenceValueGoodsQuantity7020', 'en', 11000, '50 kilos = 5 Black Bags', 1, 1, current_date, current_date);
INSERT INTO MESSAGERESOURCE(VIEWID, MESSAGEKEY, LOCALE, LOCALEREFERENCEID, MESSAGE, CREATEDBYID, UPDATEDBYID, DATECREATED, DATEUPDATED) VALUES (7, 'referenceValueGoodsQuantity7021', 'en', 11000, '60 kilos = 6 Black Bags', 1, 1, current_date, current_date);
INSERT INTO MESSAGERESOURCE(VIEWID, MESSAGEKEY, LOCALE, LOCALEREFERENCEID, MESSAGE, CREATEDBYID, UPDATEDBYID, DATECREATED, DATEUPDATED) VALUES (7, 'referenceValueGoodsQuantity7022', 'en', 11000, '70 kilos = 7 Black Bags', 1, 1, current_date, current_date);
INSERT INTO MESSAGERESOURCE(VIEWID, MESSAGEKEY, LOCALE, LOCALEREFERENCEID, MESSAGE, CREATEDBYID, UPDATEDBYID, DATECREATED, DATEUPDATED) VALUES (7, 'referenceValueGoodsQuantity7023', 'en', 11000, '80 kilos = 8 Black Bags', 1, 1, current_date, current_date);
INSERT INTO MESSAGERESOURCE(VIEWID, MESSAGEKEY, LOCALE, LOCALEREFERENCEID, MESSAGE, CREATEDBYID, UPDATEDBYID, DATECREATED, DATEUPDATED) VALUES (7, 'referenceValueGoodsQuantity7024', 'en', 11000, '90 kilos = 9 Black Bags', 1, 1, current_date, current_date);
INSERT INTO MESSAGERESOURCE(VIEWID, MESSAGEKEY, LOCALE, LOCALEREFERENCEID, MESSAGE, CREATEDBYID, UPDATEDBYID, DATECREATED, DATEUPDATED) VALUES (7, 'referenceValueGoodsQuantity7025', 'en', 11000, '100 kilos = 10 Black Bags', 1, 1, current_date, current_date);
INSERT INTO MESSAGERESOURCE(VIEWID, MESSAGEKEY, LOCALE, LOCALEREFERENCEID, MESSAGE, CREATEDBYID, UPDATEDBYID, DATECREATED, DATEUPDATED) VALUES (7, 'referenceValueGoodsQuantity7026', 'en', 11000, '150 kilos = 15 Black Bags', 1, 1, current_date, current_date);
INSERT INTO MESSAGERESOURCE(VIEWID, MESSAGEKEY, LOCALE, LOCALEREFERENCEID, MESSAGE, CREATEDBYID, UPDATEDBYID, DATECREATED, DATEUPDATED) VALUES (7, 'referenceValueGoodsQuantity7027', 'en', 11000, '200 kilos = 20 Black Bags', 1, 1, current_date, current_date);
INSERT INTO MESSAGERESOURCE(VIEWID, MESSAGEKEY, LOCALE, LOCALEREFERENCEID, MESSAGE, CREATEDBYID, UPDATEDBYID, DATECREATED, DATEUPDATED) VALUES (7, 'referenceValueGoodsQuantity7028', 'en', 11000, '250 kilos = 25 Black Bags', 1, 1, current_date, current_date);
INSERT INTO MESSAGERESOURCE(VIEWID, MESSAGEKEY, LOCALE, LOCALEREFERENCEID, MESSAGE, CREATEDBYID, UPDATEDBYID, DATECREATED, DATEUPDATED) VALUES (7, 'referenceValueGoodsQuantity7029', 'en', 11000, '300 kilos = 30 Black Bags', 1, 1, current_date, current_date);
INSERT INTO MESSAGERESOURCE(VIEWID, MESSAGEKEY, LOCALE, LOCALEREFERENCEID, MESSAGE, CREATEDBYID, UPDATEDBYID, DATECREATED, DATEUPDATED) VALUES (7, 'referenceValueGoodsQuantity7030', 'en', 11000, '350 kilos = 35 Black Bags', 1, 1, current_date, current_date);
INSERT INTO MESSAGERESOURCE(VIEWID, MESSAGEKEY, LOCALE, LOCALEREFERENCEID, MESSAGE, CREATEDBYID, UPDATEDBYID, DATECREATED, DATEUPDATED) VALUES (7, 'referenceValueGoodsQuantity7031', 'en', 11000, '400 kilos = 40 Black Bags', 1, 1, current_date, current_date);
INSERT INTO MESSAGERESOURCE(VIEWID, MESSAGEKEY, LOCALE, LOCALEREFERENCEID, MESSAGE, CREATEDBYID, UPDATEDBYID, DATECREATED, DATEUPDATED) VALUES (7, 'referenceValueGoodsQuantity7032', 'en', 11000, '450 kilos = 45 Black Bags', 1, 1, current_date, current_date);
INSERT INTO MESSAGERESOURCE(VIEWID, MESSAGEKEY, LOCALE, LOCALEREFERENCEID, MESSAGE, CREATEDBYID, UPDATEDBYID, DATECREATED, DATEUPDATED) VALUES (7, 'referenceValueGoodsQuantity7033', 'en', 11000, '500 kilos = 50 Black Bags', 1, 1, current_date, current_date);
INSERT INTO MESSAGERESOURCE(VIEWID, MESSAGEKEY, LOCALE, LOCALEREFERENCEID, MESSAGE, CREATEDBYID, UPDATEDBYID, DATECREATED, DATEUPDATED) VALUES (7, 'referenceValueGoodsQuantity7034', 'en', 11000, '500 kilos+', 1, 1, current_date, current_date);
INSERT INTO MESSAGERESOURCE(VIEWID, MESSAGEKEY, LOCALE, LOCALEREFERENCEID, MESSAGE, CREATEDBYID, UPDATEDBYID, DATECREATED, DATEUPDATED) VALUES (7, 'referenceValueLocale11000', 'en', 11000, 'en', 1, 1, current_date, current_date);
INSERT INTO MESSAGERESOURCE(VIEWID, MESSAGEKEY, LOCALE, LOCALEREFERENCEID, MESSAGE, CREATEDBYID, UPDATEDBYID, DATECREATED, DATEUPDATED) VALUES (7, 'referenceValueLocale11001', 'en', 11000, 'fr', 1, 1, current_date, current_date);
INSERT INTO MESSAGERESOURCE(VIEWID, MESSAGEKEY, LOCALE, LOCALEREFERENCEID, MESSAGE, CREATEDBYID, UPDATEDBYID, DATECREATED, DATEUPDATED) VALUES (7, 'referenceValueLocale11002', 'en', 11000, 'de', 1, 1, current_date, current_date);
INSERT INTO MESSAGERESOURCE(VIEWID, MESSAGEKEY, LOCALE, LOCALEREFERENCEID, MESSAGE, CREATEDBYID, UPDATEDBYID, DATECREATED, DATEUPDATED) VALUES (7, 'referenceValueLocale11003', 'en', 11000, 'en_IE', 1, 1, current_date, current_date);
INSERT INTO MESSAGERESOURCE(VIEWID, MESSAGEKEY, LOCALE, LOCALEREFERENCEID, MESSAGE, CREATEDBYID, UPDATEDBYID, DATECREATED, DATEUPDATED) VALUES (7, 'referenceValueLocale11004', 'en', 11000, 'en_GB', 1, 1, current_date, current_date);
INSERT INTO MESSAGERESOURCE(VIEWID, MESSAGEKEY, LOCALE, LOCALEREFERENCEID, MESSAGE, CREATEDBYID, UPDATEDBYID, DATECREATED, DATEUPDATED) VALUES (7, 'referenceValueLocale11005', 'en', 11000, 'en_US', 1, 1, current_date, current_date);
INSERT INTO MESSAGERESOURCE(VIEWID, MESSAGEKEY, LOCALE, LOCALEREFERENCEID, MESSAGE, CREATEDBYID, UPDATEDBYID, DATECREATED, DATEUPDATED) VALUES (7, 'referenceValueNewOrUsed12000', 'en', 11000, 'Please select New or Used', 1, 1, current_date, current_date);
INSERT INTO MESSAGERESOURCE(VIEWID, MESSAGEKEY, LOCALE, LOCALEREFERENCEID, MESSAGE, CREATEDBYID, UPDATEDBYID, DATECREATED, DATEUPDATED) VALUES (7, 'referenceValueNewOrUsed12001', 'en', 11000, 'New', 1, 1, current_date, current_date);
INSERT INTO MESSAGERESOURCE(VIEWID, MESSAGEKEY, LOCALE, LOCALEREFERENCEID, MESSAGE, CREATEDBYID, UPDATEDBYID, DATECREATED, DATEUPDATED) VALUES (7, 'referenceValueNewOrUsed12002', 'en', 11000, 'Used', 1, 1, current_date, current_date);
INSERT INTO MESSAGERESOURCE(VIEWID, MESSAGEKEY, LOCALE, LOCALEREFERENCEID, MESSAGE, CREATEDBYID, UPDATEDBYID, DATECREATED, DATEUPDATED) VALUES (1, 'global.project.title', 'en', 11000, 'The Red Cross', 1, 1, current_date, current_date);
INSERT INTO MESSAGERESOURCE(VIEWID, MESSAGEKEY, LOCALE, LOCALEREFERENCEID, MESSAGE, CREATEDBYID, UPDATEDBYID, DATECREATED, DATEUPDATED) VALUES (1, 'global.project.title', 'fr', 11001, 'La Croix Rouge', 1, 1, current_date, current_date);
INSERT INTO MESSAGERESOURCE(VIEWID, MESSAGEKEY, LOCALE, LOCALEREFERENCEID, MESSAGE, CREATEDBYID, UPDATEDBYID, DATECREATED, DATEUPDATED) VALUES (1, 'global.project.title', 'de', 11002, 'Deutsches Rotes Kreuz', 1, 1, current_date, current_date);
INSERT INTO MESSAGERESOURCE(VIEWID, MESSAGEKEY, LOCALE, LOCALEREFERENCEID, MESSAGE, CREATEDBYID, UPDATEDBYID, DATECREATED, DATEUPDATED) VALUES (1, 'global.project.subtitle', 'en', 11000, 'Migrant Appeal', 1, 1, current_date, current_date);
INSERT INTO MESSAGERESOURCE(VIEWID, MESSAGEKEY, LOCALE, LOCALEREFERENCEID, MESSAGE, CREATEDBYID, UPDATEDBYID, DATECREATED, DATEUPDATED) VALUES (1, 'global.project.subtitle', 'fr', 11001, 'D''appel Migrant', 1, 1, current_date, current_date);
INSERT INTO MESSAGERESOURCE(VIEWID, MESSAGEKEY, LOCALE, LOCALEREFERENCEID, MESSAGE, CREATEDBYID, UPDATEDBYID, DATECREATED, DATEUPDATED) VALUES (1, 'global.project.subtitle', 'de', 11002, 'Wander Rechtsmittel', 1, 1, current_date, current_date);
INSERT INTO MESSAGERESOURCE(VIEWID, MESSAGEKEY, LOCALE, LOCALEREFERENCEID, MESSAGE, CREATEDBYID, UPDATEDBYID, DATECREATED, DATEUPDATED) VALUES (1, 'global.select.noselection', 'en', 11000, 'N/A', 1, 1, current_date, current_date);
INSERT INTO MESSAGERESOURCE(VIEWID, MESSAGEKEY, LOCALE, LOCALEREFERENCEID, MESSAGE, CREATEDBYID, UPDATEDBYID, DATECREATED, DATEUPDATED) VALUES (1, 'global.date.dateformat', 'en', 11000, 'dd/MM/yyyy', 1, 1, current_date, current_date);
INSERT INTO MESSAGERESOURCE(VIEWID, MESSAGEKEY, LOCALE, LOCALEREFERENCEID, MESSAGE, CREATEDBYID, UPDATEDBYID, DATECREATED, DATEUPDATED) VALUES (1, 'global.date.dateformat', 'fr', 11001, 'dd.MM.yyyy', 1, 1, current_date, current_date);
INSERT INTO MESSAGERESOURCE(VIEWID, MESSAGEKEY, LOCALE, LOCALEREFERENCEID, MESSAGE, CREATEDBYID, UPDATEDBYID, DATECREATED, DATEUPDATED) VALUES (1, 'global.date.dateformat', 'de', 11002, 'dd.MM.yyyy', 1, 1, current_date, current_date);
